-- Generated by Craft v2.6.3004 on 11 Jul 2018 14:56:24.

--
-- Disable foreign key checks and autocommit.
--

SET FOREIGN_KEY_CHECKS = 0;
SET SQL_MODE = "NO_AUTO_VALUE_ON_ZERO";
SET AUTOCOMMIT = 0;
SET NAMES utf8;


DROP TABLE IF EXISTS `craft_assetfiles`;


--
-- Schema for table `craft_assetfiles`
--
CREATE TABLE `craft_assetfiles` (
  `id` int(11) NOT NULL,
  `sourceId` int(11) DEFAULT NULL,
  `folderId` int(11) NOT NULL,
  `filename` varchar(255) COLLATE utf8_unicode_ci NOT NULL,
  `kind` varchar(50) COLLATE utf8_unicode_ci NOT NULL DEFAULT 'unknown',
  `width` int(11) unsigned DEFAULT NULL,
  `height` int(11) unsigned DEFAULT NULL,
  `size` bigint(20) unsigned DEFAULT NULL,
  `dateModified` datetime DEFAULT NULL,
  `dateCreated` datetime NOT NULL,
  `dateUpdated` datetime NOT NULL,
  `uid` char(36) COLLATE utf8_unicode_ci NOT NULL DEFAULT '0',
  PRIMARY KEY (`id`),
  UNIQUE KEY `craft_assetfiles_filename_folderId_unq_idx` (`filename`,`folderId`),
  KEY `craft_assetfiles_sourceId_fk` (`sourceId`),
  KEY `craft_assetfiles_folderId_fk` (`folderId`)
) ENGINE=InnoDB DEFAULT CHARSET=utf8 COLLATE=utf8_unicode_ci;

--
-- Data for table `craft_assetfiles`
--

INSERT INTO `craft_assetfiles` (`id`, `sourceId`, `folderId`, `filename`, `kind`, `width`, `height`, `size`, `dateModified`, `dateCreated`, `dateUpdated`, `uid`) VALUES
 ('6', '1', '32', 'proj1.png', 'image', '1370', '817', '1165839', '2018-02-19 12:06:54', '2018-01-30 11:17:18', '2018-03-05 16:17:22', 'fc95dc70-35f3-4d99-b04c-54f8e3605bbd'),
 ('9', '1', '32', 'Untitled-2.jpg', 'image', '758', '450', '249550', '2018-02-19 12:06:54', '2018-01-30 12:32:33', '2018-03-05 16:17:21', '8f031cc5-77da-4471-852b-ae58c59a294e'),
 ('10', '1', '32', 'Untitled-3.jpg', 'image', '751', '450', '218349', '2018-02-19 12:06:54', '2018-01-30 12:32:33', '2018-03-05 16:17:21', '45658877-8571-41ad-849b-d51f755b6c7f'),
 ('18', '1', '32', 'thumb.png', 'image', '486', '289', '277987', '2018-02-19 12:06:54', '2018-01-30 13:31:15', '2018-03-05 16:17:22', 'b0a5c94c-dd89-47cc-86a8-edf17eb45e04'),
 ('19', '1', '32', 'thumb2.png', 'image', '486', '289', '227791', '2018-02-19 12:06:54', '2018-01-30 13:31:15', '2018-03-05 16:17:22', '042ed091-23a5-435c-9346-567a4dcad508'),
 ('20', '1', '32', 'Untitled-1.jpg', 'image', '486', '289', '85004', '2018-02-19 12:06:54', '2018-01-30 13:31:15', '2018-03-05 16:17:21', '057be805-2b96-4b26-b2fd-30e3c6ec2686'),
 ('29', '1', '32', 'thumbt.jpg', 'image', '859', '514', '242477', '2018-02-19 12:06:54', '2018-01-30 13:33:23', '2018-03-05 16:17:22', '8746d2ab-c7f2-49d1-894f-6c3d1dbd8d80'),
 ('30', '1', '32', 'Untitled-1f.jpg', 'image', '1142', '677', '388172', '2018-02-19 12:06:54', '2018-01-30 13:33:23', '2018-03-05 16:17:21', '60541f1a-27bd-449f-93f3-6a524e2026a6'),
 ('38', '1', '32', 'night.jpg', 'image', '764', '457', '180024', '2018-02-19 12:06:54', '2018-01-30 16:43:39', '2018-03-05 16:17:21', 'd4f4103b-25df-4f8f-89f0-21fe02ddf6f2'),
 ('250', '1', '1', 'example-slide-1.jpg', 'image', '940', '529', '62772', '2018-02-19 12:06:54', '2018-02-14 11:02:52', '2018-03-05 16:17:22', 'c6222110-8f91-4e59-b16e-41a82c4cc940'),
 ('311', NULL, '8', 'example.png', 'image', '472', '472', '44298', '2018-02-21 16:09:42', '2018-02-21 16:09:42', '2018-02-21 16:09:42', '235da290-0327-437c-8704-d1051b3ffed5'),
 ('319', NULL, '10', 'defaultuserphoto.png', 'image', '1000', '1000', '16867', '2018-02-21 17:09:25', '2018-02-21 17:09:25', '2018-02-21 17:09:25', 'ff3523d3-707c-4b07-828d-8df8505fc9b6'),
 ('320', '1', '1', 'defaultuserphoto.png', 'image', '1000', '1000', '16867', '2018-02-21 17:15:40', '2018-02-21 17:15:40', '2018-03-05 16:17:21', 'f24f2b0c-5e98-4f67-8e5d-a704e09cb221'),
 ('323', '1', '1', 'proj1.jpg', 'image', '1373', '814', '548948', '2018-02-22 09:18:14', '2018-02-22 09:18:14', '2018-03-05 16:17:23', '51caeada-125b-4b05-8274-03a47545c526'),
 ('324', NULL, '8', 'proj1.jpg', 'image', '1373', '814', '553957', '2018-02-22 09:47:32', '2018-02-22 09:47:32', '2018-02-22 09:47:32', '5c508658-9748-4575-8013-3c973812a302'),
 ('325', '1', '32', 'proj1.jpg', 'image', '1373', '814', '553957', '2018-02-22 09:47:32', '2018-02-22 09:51:14', '2018-03-05 16:17:21', 'feeccb0d-c6b7-43b9-9ca6-ab8e2e12af77'),
 ('327', '1', '1', '46c2373-default-skin.png', 'image', '264', '88', '547', '2018-02-22 13:52:54', '2018-02-22 13:52:54', '2018-03-05 16:17:16', 'dba7788f-17b9-479a-b997-f55cf19c2733'),
 ('336', NULL, '33', 'ezgif.com-optimize.gif', 'image', '700', '526', '63297', '2018-02-22 14:12:56', '2018-02-22 14:12:56', '2018-02-22 14:12:56', '9942925f-80fd-49f2-a222-265d332a8b33'),
 ('338', '1', '35', '99956ba-Justin-Gallaher.jpg', 'image', '960', '960', '134778', '2018-02-22 14:13:48', '2018-02-22 14:13:48', '2018-03-05 16:17:24', '7721ee94-1a53-4f0b-8c45-f1088ecfb4c1'),
 ('339', '1', '35', 'RobertBar.jpg', 'image', '1600', '924', '284021', '2018-02-22 14:13:55', '2018-02-22 14:13:55', '2018-03-05 16:17:24', '6ea33985-ddb0-4144-ab3f-730f090f465e'),
 ('341', '1', '36', 'example.png', 'image', '472', '472', '44298', '2018-02-23 09:46:45', '2018-02-23 09:46:45', '2018-03-05 16:17:24', 'b474561a-3b07-4819-a0d0-e6ad984afb44'),
 ('343', '1', '37', '8cba771-Justin-Gallaher.jpg', 'image', '960', '960', '134778', '2018-02-23 10:26:07', '2018-02-23 10:26:07', '2018-03-05 16:17:18', '8544497c-d2be-43b4-bd34-e9df9a816d3d'),
 ('344', '1', '37', 'defaultuserphoto.png', 'image', '1000', '1000', '16867', '2018-02-23 10:27:15', '2018-02-23 10:27:15', '2018-03-05 16:17:19', 'e775539f-cded-4203-964e-8c386a059a21'),
 ('346', '1', '38', '2d126b5-Justin-Gallaher.jpg', 'image', '960', '960', '134778', '2018-02-23 10:38:49', '2018-02-23 10:38:49', '2018-03-05 16:17:18', '024cea18-15d4-45c1-a737-35c9a17d6bb3'),
 ('347', '1', '38', 'Justin-Gallaher.jpg', 'image', '960', '960', '138200', '2018-02-23 10:39:03', '2018-02-23 10:39:03', '2018-03-05 16:17:18', 'ec10acb6-ba44-48be-bf45-f0d8dff3f738'),
 ('349', '1', '1', '3f299da-Justin Gallaher.jpg', 'image', '960', '960', '134778', '2018-02-23 16:15:22', '2018-02-23 16:15:22', '2018-03-05 16:17:15', '59f63167-ab28-4a82-869d-91dddc84b1b1'),
 ('350', '1', '1', '94fd296-Justin Gallaher.jpg', 'image', '960', '960', '134778', '2018-02-23 16:15:35', '2018-02-23 16:15:35', '2018-03-05 16:17:17', 'f6d0cc52-60d2-4d4b-808b-53afde3f57b4'),
 ('351', '1', '35', '0364039-Justin-Gallaher.jpg', 'image', '960', '960', '134778', '2018-02-23 16:16:12', '2018-02-23 16:16:12', '2018-03-05 16:17:24', '62327d9c-5a91-4b14-8089-1d5b6002c921'),
 ('352', '1', '1', 'b7300c6-Justin Gallaher.jpg', 'image', '960', '960', '134778', '2018-02-23 16:16:14', '2018-02-23 16:16:15', '2018-03-05 16:17:19', '8d10e48b-b220-4e02-8192-788e34438578'),
 ('353', '1', '1', '03d4c3a-Justin Gallaher.jpg', 'image', '960', '960', '134778', '2018-02-23 16:16:16', '2018-02-23 16:16:17', '2018-03-05 16:17:15', '42a30331-f41d-4c03-9470-a4ce7389ae7b'),
 ('354', '1', '35', 'Justin-Gallaher.jpg', 'image', '960', '960', '138200', '2018-02-23 16:16:18', '2018-02-23 16:16:18', '2018-03-05 16:17:24', 'f5b10dcd-f7c4-4e76-8e38-d6edce164e8b'),
 ('356', '1', '41', 'da85d79-RobertBar.jpg', 'image', '1600', '924', '284793', '2018-02-23 16:44:58', '2018-02-23 16:44:58', '2018-03-05 16:17:18', 'afcfff75-e2d3-450a-ad17-47896681d08f'),
 ('357', '1', '1', '877031e-RobertBar.jpg', 'image', '1600', '924', '284793', '2018-02-23 16:45:05', '2018-02-23 16:45:05', '2018-03-05 16:17:17', '55cc1d82-a58c-490e-a3dc-a5d5b8b425b9'),
 ('358', '1', '41', 'RobertBar.jpg', 'image', '1600', '924', '284021', '2018-02-23 16:45:09', '2018-02-23 16:45:09', '2018-03-05 16:17:18', 'e0272dcf-1519-44fb-bb8a-8656252a961b'),
 ('360', '1', '1', '1f68a86-Bright-1519639355286.png', 'image', NULL, NULL, '5030966', '2018-02-26 11:11:44', '2018-02-26 11:11:44', '2018-02-26 11:11:44', '0cbff03f-6346-4ffc-ab8c-687218103b7d'),
 ('361', '1', '1', 'b8e59c7-Bright-1519639355286.png', 'image', NULL, NULL, '5030966', '2018-02-26 11:11:46', '2018-02-26 11:11:46', '2018-02-26 11:11:46', '19aa3612-7191-49dd-88f0-58c7677c078b'),
 ('370', '1', '42', 'Justin-Gallaher.jpg', 'image', '960', '960', '138200', '2018-02-26 16:39:39', '2018-02-26 16:39:39', '2018-03-05 16:17:19', '31d22217-e382-4532-82ee-53722a8063b1'),
 ('371', '1', '43', 'testtesttest.jpg', 'image', '612', '408', '29761', '2018-02-27 13:19:40', '2018-02-27 13:19:40', '2018-03-05 16:17:21', '704742d5-5dcb-4939-bde4-be30a8cf86cf'),
 ('372', '1', '1', 'cacc01b-grey-text.png', 'image', '680', '416', '21754', '2018-02-27 15:50:23', '2018-02-27 15:50:23', '2018-03-05 16:17:20', '2065d2b1-bec2-4734-92aa-63002d21bf39'),
 ('373', '1', '1', '63af28b-house.jpg', 'image', '1359', '828', '136373', '2018-02-27 15:50:27', '2018-02-27 15:50:27', '2018-03-05 16:17:16', '9de75c28-9958-439b-9875-8179169191d4'),
 ('374', '1', '1', '74ac968-grey-text.png', 'image', '680', '416', '21754', '2018-02-27 15:50:30', '2018-02-27 15:50:30', '2018-03-05 16:17:17', '323bf1a8-ec74-4d77-b545-8b98d71ae9e5'),
 ('375', '1', '1', '73ae604-grey-text.png', 'image', '680', '416', '21754', '2018-02-27 15:51:34', '2018-02-27 15:51:34', '2018-03-05 16:17:16', 'a1d707a1-f215-4eb6-a10f-1e0e993e15bd'),
 ('378', '1', '1', '00dfc91-grey-text.png', 'image', '680', '416', '21754', '2018-02-27 15:51:47', '2018-02-27 15:51:47', '2018-03-05 16:17:14', '46f6b069-df65-4c76-a6cf-edba79dc6759'),
 ('379', '1', '1', 'd65e602-house.jpg', 'image', '1359', '828', '136373', '2018-02-27 16:03:47', '2018-02-27 16:03:47', '2018-03-05 16:17:20', 'd2cead18-3109-4e63-b9f3-b7228bd26928'),
 ('380', '1', '1', 'a6dd58f-house.jpg', 'image', '1359', '828', '136373', '2018-02-27 16:04:39', '2018-02-27 16:04:39', '2018-03-05 16:17:18', 'bdce0072-88aa-478f-ad98-2dd10ef58f84'),
 ('381', '1', '1', '95b2ad6-house.jpg', 'image', '1359', '828', '136373', '2018-02-27 16:05:14', '2018-02-27 16:05:14', '2018-03-05 16:17:18', '01ac2cf9-afd1-4914-9207-d115268e01b4'),
 ('382', '1', '1', 'e3a6fb8-house.jpg', 'image', '1359', '828', '136373', '2018-02-27 16:05:25', '2018-02-27 16:05:25', '2018-03-05 16:17:21', '61db3c51-55d2-4f5c-bf4f-7eefdc3442ab'),
 ('384', '1', '1', '7fcf396-defaultuserphoto.png', 'image', '1000', '1000', '8293', '2018-02-27 16:12:16', '2018-02-27 16:12:17', '2018-03-05 16:17:17', '8113c19f-1ddc-432a-90da-937b598ca700'),
 ('385', '1', '1', 'f391c87-grey-text.png', 'image', '680', '416', '21754', '2018-02-27 16:12:16', '2018-02-27 16:12:17', '2018-03-05 16:17:22', '0f7b33b2-ed79-4daa-8d74-adf6f861d139'),
 ('387', '1', '1', '88be340-defaultuserphoto.png', 'image', '1000', '1000', '8293', '2018-02-27 16:12:54', '2018-02-27 16:12:54', '2018-03-05 16:17:17', '055e0ac4-13e6-44b3-8707-ce073c5d9b37'),
 ('388', '1', '1', '0be89bd-grey-text.png', 'image', '680', '416', '21754', '2018-02-27 16:12:54', '2018-02-27 16:12:54', '2018-03-05 16:17:15', '49bb3db3-d00e-4a5f-843f-b6eab13496fd'),
 ('389', '1', '1', '3b91adf-key.png', 'image', '16', '8', '269', '2018-02-27 16:12:54', '2018-02-27 16:12:54', '2018-03-05 16:17:15', 'e44e02fd-6be4-45ca-a72e-eae417f34dad'),
 ('390', '1', '1', '8be0521-defaultuserphoto.png', 'image', '1000', '1000', '8293', '2018-02-27 16:13:23', '2018-02-27 16:13:24', '2018-03-05 16:17:17', '0db1bcb2-0783-48b8-acfd-1c7a5c1c0a97'),
 ('391', '1', '1', 'eb8b7d1-grey-text.png', 'image', '680', '416', '21754', '2018-02-27 16:13:23', '2018-02-27 16:13:24', '2018-03-05 16:17:21', '8133d50f-38af-4763-a036-a68d16fa55fb'),
 ('393', '1', '1', 'aac62cb-defaultuserphoto.png', 'image', '1000', '1000', '8293', '2018-02-27 16:18:34', '2018-02-27 16:18:34', '2018-03-05 16:17:19', '425375da-41f5-4fb0-875c-7bcafdfd4524'),
 ('394', '1', '1', '8a3a74e-grey-text.png', 'image', '680', '416', '21754', '2018-02-27 16:18:34', '2018-02-27 16:18:35', '2018-03-05 16:17:17', '078d8715-d867-4ca7-893d-0bac6ab8636f'),
 ('396', '1', '1', '8397c66-defaultuserphoto.png', 'image', '1000', '1000', '8293', '2018-02-27 16:19:29', '2018-02-27 16:19:29', '2018-03-05 16:17:17', '182c4b35-38d6-4707-aae5-6739646bb761'),
 ('397', '1', '1', 'add59d3-grey-text.png', 'image', '680', '416', '21754', '2018-02-27 16:19:29', '2018-02-27 16:19:29', '2018-03-05 16:17:19', '820e281f-b24e-44f1-9aa1-720518a8a652'),
 ('398', '1', '1', '893ca75-key.png', 'image', '16', '8', '269', '2018-02-27 16:19:29', '2018-02-27 16:19:29', '2018-03-05 16:17:17', '648e31cd-c107-4f25-b413-412225c1edc8'),
 ('400', '1', '1', 'b231bba-grey-text.png', 'image', '680', '416', '21754', '2018-02-27 16:19:48', '2018-02-27 16:19:48', '2018-03-05 16:17:19', '8e52c1b9-6565-47bc-af39-90a60a9a0c60'),
 ('409', '1', '44', 'defaultuserphoto.png', 'image', '1000', '1000', '16867', '2018-03-01 10:48:01', '2018-03-01 10:48:02', '2018-03-05 16:17:24', 'fe77b675-9b4e-4d3b-9307-44c11cfb9757'),
 ('412', '1', '45', 'house.jpg', 'image', '1359', '828', '132288', '2018-03-01 10:50:27', '2018-03-01 10:50:27', '2018-03-05 16:17:23', 'e3fda894-33b1-49e7-835a-544de40bf62c'),
 ('414', '1', '1', '7329bae-Justin Gallaher.jpg', 'image', '960', '960', '134778', '2018-03-05 16:01:23', '2018-03-05 16:01:23', '2018-03-05 16:17:16', '0677ba58-48b6-4235-bcd4-3e83e29e2743'),
 ('415', '1', '1', '57a5f46-Bright-1519639355286.png', 'image', NULL, NULL, '5030966', '2018-03-05 16:02:29', '2018-03-05 16:02:29', '2018-03-05 16:02:29', '6b8b0ce9-7904-4987-87ba-65d6d58f79c7'),
 ('416', '1', '1', 'bfab748-Bright-1519639355286.png', 'image', NULL, NULL, '5030966', '2018-03-05 16:05:37', '2018-03-05 16:05:37', '2018-03-05 16:05:37', 'c30abb99-73df-41df-8fa9-d14ed455b473'),
 ('417', '1', '46', '8d7caf2-AFTER-Entrance-Hall.JPG', 'image', '2664', '4000', '1783732', '2018-03-05 16:07:01', '2018-03-05 16:07:01', '2018-03-05 16:17:23', 'ba61a49a-507a-464a-870d-5fa9dfb48095'),
 ('418', '1', '46', 'ff6cdb9-AFTER-Garden-View.JPG', 'image', '4000', '2664', '3781388', '2018-03-05 16:07:01', '2018-03-05 16:07:01', '2018-03-05 16:17:23', '12774be1-b535-45e4-af95-222470fc4c7b'),
 ('419', '1', '46', '0b21171-AFTER-Front-Elevation.JPG', 'image', '4000', '3000', '3334138', '2018-03-05 16:07:01', '2018-03-05 16:07:01', '2018-03-05 16:17:22', '15008736-ccde-486b-8f15-508f191a9ac8'),
 ('420', '1', '1', 'c4ad654-AFTER Kitchen.JPG', 'image', '4000', '2664', '1966113', '2018-03-05 16:07:12', '2018-03-05 16:07:13', '2018-03-05 16:17:20', 'c106f1f0-7b16-4570-b59d-34ba7aa03628'),
 ('421', '1', '1', 'c86c314-AFTER Pellet Boiler.JPG', 'image', '4000', '2664', '2406483', '2018-03-05 16:07:12', '2018-03-05 16:07:13', '2018-03-05 16:17:20', '4b8d163a-e3c1-462f-b05c-612c0760eebd'),
 ('422', '1', '1', '553756e-AFTER Master Bedroom.JPG', 'image', '4000', '2664', '2381349', '2018-03-05 16:07:12', '2018-03-05 16:07:13', '2018-03-05 16:17:16', '60eec10b-604d-4f38-b15e-22f4d63d3f75'),
 ('423', '1', '1', 'cce4608-AFTER Staircase.JPG', 'image', '2664', '4000', '1805751', '2018-03-05 16:07:15', '2018-03-05 16:07:15', '2018-03-05 16:17:20', 'e4da6703-f209-49e7-bbcb-de83796c660b'),
 ('424', '1', '1', '0408ea8-BEFORE Front Elevation.JPG', 'image', '4000', '3000', '4493079', '2018-03-05 16:07:15', '2018-03-05 16:07:15', '2018-03-05 16:17:15', '8bf8e55d-4b45-4c23-9190-7d8763ce3d53'),
 ('425', '1', '46', 'AFTER-Dining-Room.JPG', 'image', '4000', '2664', '669713', '2018-03-05 16:07:29', '2018-03-05 16:07:30', '2018-03-05 16:17:23', 'cc5f92f1-68bd-404a-843e-4f1d6cfc9415'),
 ('427', '1', '35', 'ezgif.com-optimize.gif', 'image', '700', '526', '63297', '2018-02-22 14:12:56', '2018-03-05 16:17:24', '2018-03-05 16:17:24', 'd5a7cb59-a806-45aa-bb09-75e98c3af7cc'),
 ('428', '1', '1', '683da37-AFTER Kitchen.JPG', 'image', NULL, NULL, '1966113', '2018-03-05 16:36:01', '2018-03-05 16:36:01', '2018-03-05 16:36:01', 'cf31b593-7f2b-45a9-b037-272348ce86c6'),
 ('429', '1', '1', 'df5921e-DURING (2).JPG', 'image', '100', '100', '4811947', '2018-03-05 16:45:19', '2018-03-05 16:45:20', '2018-03-05 16:45:20', '8d6c5783-5c12-4629-9b58-37013a6b6099'),
 ('430', '1', '1', 'b904b1b-BEFORE Front Elevation.JPG', 'image', '4000', '3000', '4493079', '2018-03-05 16:47:12', '2018-03-05 16:47:12', '2018-03-05 16:47:12', 'c4274a64-a0ed-4871-b2cf-bdd2fea1ca3c'),
 ('433', '1', '47', '531caeb-DURING-2.JPG', 'image', '4000', '2664', '4811947', '2018-03-12 13:01:59', '2018-03-12 13:01:59', '2018-03-12 13:05:10', '55240d4a-51f9-4bcd-be29-91b5a3d977cb'),
 ('434', '1', '1', '2c40cbf-AFTER Dining Room.JPG', 'image', '4000', '2664', '1977673', '2018-03-12 13:02:24', '2018-03-12 13:02:24', '2018-03-12 13:02:24', '20fd6830-2593-4571-9061-785c697811cd'),
 ('435', '1', '1', '91a7faa-AFTER Entrance Hall.JPG', 'image', '2664', '4000', '1783732', '2018-03-12 13:02:24', '2018-03-12 13:02:24', '2018-03-12 13:02:24', '2a83bbf5-9409-4cf6-91c2-015e9f2aa591'),
 ('436', '1', '1', '556832c-AFTER Front Elevation.JPG', 'image', '4000', '3000', '3334138', '2018-03-12 13:02:24', '2018-03-12 13:02:24', '2018-03-12 13:02:24', 'fa621d74-1ed7-4f79-a74c-6a15f32521a4'),
 ('437', '1', '1', 'bca7954-AFTER Garden View.JPG', 'image', '4000', '2664', '3781388', '2018-03-12 13:02:24', '2018-03-12 13:02:24', '2018-03-12 13:02:24', 'add57c92-2fb6-4fd5-bd25-8ea256f47d70'),
 ('438', '1', '1', '9443979-AFTER Kitchen.JPG', 'image', '4000', '2664', '1966113', '2018-03-12 13:02:24', '2018-03-12 13:02:24', '2018-03-12 13:02:24', 'b5c53bca-c613-4903-8acc-87b0112a92c3'),
 ('439', '1', '1', 'af31814-AFTER Master Bedroom.JPG', 'image', '4000', '2664', '2381349', '2018-03-12 13:02:24', '2018-03-12 13:02:24', '2018-03-12 13:02:24', 'b7b69669-7502-41aa-876e-ef220a34ecfd'),
 ('440', '1', '1', '0afc5dc-AFTER Pellet Boiler.JPG', 'image', '4000', '2664', '2406483', '2018-03-12 13:02:24', '2018-03-12 13:02:24', '2018-03-12 13:02:24', '68f331c7-c919-409c-8a3e-3b3d206c027f'),
 ('441', '1', '1', '335fe2c-AFTER Staircase.JPG', 'image', '2664', '4000', '1805751', '2018-03-12 13:02:24', '2018-03-12 13:02:24', '2018-03-12 13:02:24', 'a1e4a021-8943-445c-ab79-dec4b095b168'),
 ('442', '1', '1', '1bbf187-BEFORE Front Elevation.JPG', 'image', '4000', '3000', '4493079', '2018-03-12 13:02:24', '2018-03-12 13:02:24', '2018-03-12 13:02:24', '1aad44b9-260a-4f1a-a9dd-66c898c48d8a'),
 ('443', '1', '1', '8fcedfc-DURING (2).JPG', 'image', '4000', '2664', '4811947', '2018-03-12 13:02:26', '2018-03-12 13:02:26', '2018-03-12 13:02:26', 'a1d71bdd-73d3-441f-8df8-b2cabb32f37a'),
 ('444', '1', '1', 'b06b193-BEFORE Garden View.JPG', 'image', '4000', '3000', '5715915', '2018-03-12 13:02:26', '2018-03-12 13:02:26', '2018-03-12 13:02:26', '1988f2d2-9ea1-4d91-93c2-c314cf745246'),
 ('445', '1', '1', '6eda5e8-AFTER Pellet Boiler.JPG', 'image', '4000', '2664', '2406483', '2018-03-12 13:03:31', '2018-03-12 13:03:31', '2018-03-12 13:03:31', '51e61008-00ef-4045-8570-c73aa42fc70b'),
 ('446', '1', '47', 'AFTER-Front-Elevation.JPG', 'image', '4000', '3000', '1334725', '2018-03-12 13:05:10', '2018-03-12 13:05:10', '2018-03-12 13:05:10', '7889810c-221f-46bd-99d7-f046ba462e23'),
 ('448', '1', '48', '04d6f6c-AFTER-Dining-Room.JPG', 'image', '4000', '2664', '1977673', '2018-03-12 13:06:04', '2018-03-12 13:06:04', '2018-03-12 13:06:39', 'cf8c6abc-6da0-49c1-b147-15547bcbd790'),
 ('449', '1', '48', 'd3056c8-AFTER-Entrance-Hall.JPG', 'image', '2664', '4000', '1783732', '2018-03-12 13:06:04', '2018-03-12 13:06:04', '2018-03-12 13:06:39', '6b1bb6cd-2ee0-488c-9c3b-316b07b788f8'),
 ('450', '1', '48', '7a39702-AFTER-Front-Elevation.JPG', 'image', '4000', '3000', '3334138', '2018-03-12 13:06:04', '2018-03-12 13:06:04', '2018-03-12 13:06:39', '31354c62-84d3-43a1-bb9c-a34146b15d58'),
 ('451', '1', '48', 'e4fd0cc-AFTER-Garden-View.JPG', 'image', '4000', '2664', '3781388', '2018-03-12 13:06:04', '2018-03-12 13:06:04', '2018-03-12 13:06:39', '15cde838-4266-4b22-baa5-22be38769fc8'),
 ('452', '1', '48', 'ef10724-AFTER-Kitchen.JPG', 'image', '4000', '2664', '1966113', '2018-03-12 13:06:04', '2018-03-12 13:06:04', '2018-03-12 13:06:39', '993c40cc-e338-41ed-bff9-8102820e75a7'),
 ('453', '1', '48', 'ce05d15-AFTER-Master-Bedroom.JPG', 'image', '4000', '2664', '2381349', '2018-03-12 13:06:04', '2018-03-12 13:06:04', '2018-03-12 13:06:39', '1689024e-0aee-472c-968e-46e65b1f409c'),
 ('454', '1', '48', 'd49b838-AFTER-Pellet-Boiler.JPG', 'image', '4000', '2664', '2406483', '2018-03-12 13:06:04', '2018-03-12 13:06:04', '2018-03-12 13:06:39', '240b44fd-5a0b-45f6-b5e2-d748d568aa54'),
 ('455', '1', '48', 'dee246e-AFTER-Staircase.JPG', 'image', '2664', '4000', '1805751', '2018-03-12 13:06:04', '2018-03-12 13:06:04', '2018-03-12 13:06:39', '00aa5911-909a-481d-a273-0aa6079e5873');
INSERT INTO `craft_assetfiles` (`id`, `sourceId`, `folderId`, `filename`, `kind`, `width`, `height`, `size`, `dateModified`, `dateCreated`, `dateUpdated`, `uid`) VALUES
 ('456', '1', '48', '61c6a71-BEFORE-Front-Elevation.JPG', 'image', '4000', '3000', '4493079', '2018-03-12 13:06:05', '2018-03-12 13:06:05', '2018-03-12 13:06:39', 'db2e6449-c762-41fc-a157-92979f0cbfb5'),
 ('457', '1', '48', '5d24668-BEFORE-Garden-View.JPG', 'image', '4000', '3000', '5715915', '2018-03-12 13:06:05', '2018-03-12 13:06:05', '2018-03-12 13:06:39', '3fe5ed45-2d89-429f-80db-4d6f59f06910'),
 ('458', '1', '48', '924d336-DURING-2.JPG', 'image', '4000', '2664', '4811947', '2018-03-12 13:06:05', '2018-03-12 13:06:05', '2018-03-12 13:06:39', 'fb2773ff-a7b7-4ded-8079-d64fcf439bd4'),
 ('459', '1', '48', 'AFTER-Pellet-Boiler.JPG', 'image', '4000', '2664', '824115', '2018-03-12 13:06:38', '2018-03-12 13:06:38', '2018-03-12 13:06:38', 'ce945314-9ef9-4d13-8075-e2d50740cc5d'),
 ('461', '1', '1', '95f7625-AFTER Dining Room.JPG', 'image', '4000', '2664', '1977673', '2018-03-12 13:07:53', '2018-03-12 13:07:53', '2018-03-12 13:07:53', 'f2cf2a18-549b-4037-b67b-5f45135c388b'),
 ('462', '1', '1', 'fb0b6af-AFTER Entrance Hall.JPG', 'image', '2664', '4000', '1783732', '2018-03-12 13:07:53', '2018-03-12 13:07:53', '2018-03-12 13:07:53', 'ed7dee54-c55d-4f6b-9212-a0c8c2591650'),
 ('463', '1', '1', '3db66b7-AFTER Front Elevation.JPG', 'image', '4000', '3000', '3334138', '2018-03-12 13:07:53', '2018-03-12 13:07:53', '2018-03-12 13:07:53', '9dec5708-1973-4975-aa07-f37ca959a926'),
 ('464', '1', '1', 'e64e1e2-AFTER Garden View.JPG', 'image', '4000', '2664', '3781388', '2018-03-12 13:07:53', '2018-03-12 13:07:53', '2018-03-12 13:07:53', '149cedf7-a131-4eab-a7b1-e6c4f39d8748'),
 ('465', '1', '1', '77930d4-AFTER Kitchen.JPG', 'image', '4000', '2664', '1966113', '2018-03-12 13:07:53', '2018-03-12 13:07:53', '2018-03-12 13:07:53', '9c8e28fa-c2e7-4095-b9cf-cae0d7a4e0b9'),
 ('466', '1', '1', 'af7d865-AFTER Master Bedroom.JPG', 'image', '4000', '2664', '2381349', '2018-03-12 13:07:54', '2018-03-12 13:07:54', '2018-03-12 13:07:54', '4b841c80-8166-4fd4-b414-7143e5572d6a'),
 ('467', '1', '1', '6d58ef7-AFTER Pellet Boiler.JPG', 'image', '4000', '2664', '2406483', '2018-03-12 13:07:54', '2018-03-12 13:07:54', '2018-03-12 13:07:54', 'a890a109-d2c5-42c1-b3a6-119a1999d5d0'),
 ('468', '1', '1', 'c009cda-AFTER Staircase.JPG', 'image', '2664', '4000', '1805751', '2018-03-12 13:07:54', '2018-03-12 13:07:54', '2018-03-12 13:07:54', '085293e1-cfe3-4c81-a273-1a4fe7128d6a'),
 ('469', '1', '1', 'cbca7e9-BEFORE Front Elevation.JPG', 'image', '4000', '3000', '4493079', '2018-03-12 13:07:54', '2018-03-12 13:07:54', '2018-03-12 13:07:54', '987e55b0-e338-4c8b-9861-d295f169f2e4'),
 ('470', '1', '1', '78ea57d-BEFORE Garden View.JPG', 'image', '4000', '3000', '5715915', '2018-03-12 13:07:54', '2018-03-12 13:07:54', '2018-03-12 13:07:54', '097646fb-74f0-4a51-bad3-a8a92b956227'),
 ('471', '1', '1', '345fffc-DURING (2).JPG', 'image', '4000', '2664', '4811947', '2018-03-12 13:07:54', '2018-03-12 13:07:54', '2018-03-12 13:07:54', 'dec41a40-8165-4545-a0b5-2ee39b0a9f21'),
 ('472', '1', '47', 'f0646b5-DURING-2.JPG', 'image', '4000', '2664', '4811947', '2018-03-12 13:25:25', '2018-03-12 13:25:25', '2018-03-12 13:27:18', 'ae9b0f4f-6a21-4e7d-ae86-df09a2352c83'),
 ('473', '1', '47', 'c72cf5a-BEFORE-Front-Elevation.JPG', 'image', '4000', '3000', '4493079', '2018-03-12 13:25:32', '2018-03-12 13:25:32', '2018-03-12 13:27:18', '651e6b49-81dd-4a0e-9241-7cfe69c2162f'),
 ('474', '1', '47', '8f2403a-BEFORE-Garden-View.JPG', 'image', '4000', '3000', '5715915', '2018-03-12 13:25:32', '2018-03-12 13:25:32', '2018-03-12 13:27:18', '1f34667c-bc8e-4510-b524-07f76772ac83'),
 ('475', '1', '47', '60a228f-AFTER-Dining-Room.JPG', 'image', '4000', '2664', '1977673', '2018-03-12 13:25:45', '2018-03-12 13:25:45', '2018-03-12 13:27:18', '7653ab82-cf0e-4a3a-ad7c-aba6a541ea14'),
 ('476', '1', '47', '8c7db55-AFTER-Entrance-Hall.JPG', 'image', '2664', '4000', '1783732', '2018-03-12 13:25:45', '2018-03-12 13:25:45', '2018-03-12 13:27:18', 'db598fda-3693-4f15-84bb-efaef7ae5078'),
 ('477', '1', '47', '650f3cb-AFTER-Front-Elevation.JPG', 'image', '4000', '3000', '3334138', '2018-03-12 13:25:45', '2018-03-12 13:25:45', '2018-03-12 13:27:18', '1c5f58a3-60c7-4c09-a573-5f925e852a27'),
 ('478', '1', '47', '29b501d-AFTER-Garden-View.JPG', 'image', '4000', '2664', '3781388', '2018-03-12 13:25:46', '2018-03-12 13:25:46', '2018-03-12 13:27:18', 'dfcae466-5f4d-4786-862c-a60c24199ff2'),
 ('479', '1', '47', '0e63690-AFTER-Kitchen.JPG', 'image', '4000', '2664', '1966113', '2018-03-12 13:25:46', '2018-03-12 13:25:46', '2018-03-12 13:27:18', '109d88d4-94a7-420d-8578-a22e4878b607'),
 ('480', '1', '47', '3403ab6-AFTER-Master-Bedroom.JPG', 'image', '4000', '2664', '2381349', '2018-03-12 13:25:46', '2018-03-12 13:25:46', '2018-03-12 13:27:19', 'd6d2f119-6b7f-4bb3-bfe1-ad17294af295'),
 ('481', '1', '1', '991ffaf-AFTER Pellet Boiler.JPG', 'image', '4000', '2664', '2406483', '2018-03-12 13:25:46', '2018-03-12 13:25:46', '2018-03-12 13:25:46', '3dbac19e-b3ea-45b6-a99b-879ca7768521'),
 ('482', '1', '47', '99b608f-AFTER-Staircase.JPG', 'image', '2664', '4000', '1805751', '2018-03-12 13:25:46', '2018-03-12 13:25:46', '2018-03-12 13:27:19', '8c4ee49c-56a5-4635-b4fd-316d8204cb3b'),
 ('483', '1', '47', '86ac71f-BEFORE-Front-Elevation.JPG', 'image', '4000', '3000', '4493079', '2018-03-12 13:25:46', '2018-03-12 13:25:46', '2018-03-12 13:27:19', 'fdb73233-bfc9-41b3-9d08-592386e405ce'),
 ('484', '1', '47', '7f8cc79-BEFORE-Garden-View.JPG', 'image', '4000', '3000', '5715915', '2018-03-12 13:25:46', '2018-03-12 13:25:46', '2018-03-12 13:27:19', 'e0927595-2e19-4327-ac39-73120f80d054'),
 ('485', '1', '47', '1461db3-DURING-2.JPG', 'image', '4000', '2664', '4811947', '2018-03-12 13:25:46', '2018-03-12 13:25:46', '2018-03-12 13:27:19', '37c0d6a4-7b0e-4db2-8ede-aea03027b37a'),
 ('486', '1', '1', '017e50a-AFTER Pellet Boiler.JPG', 'image', '4000', '2664', '2406483', '2018-03-12 13:26:44', '2018-03-12 13:26:44', '2018-03-12 13:26:44', 'a300916d-d374-49bd-b40b-70542b0dbaf0'),
 ('487', '1', '47', '4c08ad2-AFTER-Front-Elevation.JPG', 'image', '4000', '3000', '3334138', '2018-03-12 13:26:54', '2018-03-12 13:26:54', '2018-03-12 13:27:19', 'c52551fb-5b3b-4567-a670-a8dfe36ca512'),
 ('488', '1', '47', '2d1f6cf-AFTER-Garden-View.JPG', 'image', '4000', '2664', '3781388', '2018-03-12 13:26:58', '2018-03-12 13:26:58', '2018-03-12 13:27:19', 'e76a24cf-906f-4640-86ff-b7c8448d6365'),
 ('489', '1', '47', 'cc5bb00-AFTER-Kitchen.JPG', 'image', '4000', '2664', '1966113', '2018-03-12 13:27:12', '2018-03-12 13:27:12', '2018-03-12 13:27:19', '427e5b16-d8f3-4120-a614-337d9748af1b'),
 ('490', '1', '47', 'AFTER-Garden-View.JPG', 'image', '4000', '2664', '1482072', '2018-03-12 13:27:18', '2018-03-12 13:27:18', '2018-03-12 13:27:18', '2a2ce5f7-cd76-4842-b0da-e06b2171e5f1'),
 ('492', '1', '47', '7621090-AFTER-Garden-View.JPG', 'image', '4000', '2664', '3781388', '2018-03-12 15:22:46', '2018-03-12 15:22:46', '2018-03-12 15:22:49', 'a59c6b12-6dde-4097-89a5-12c68103d799'),
 ('493', '1', '47', 'deaea88-AFTER-Kitchen.JPG', 'image', '4000', '2664', '1966113', '2018-03-12 15:22:46', '2018-03-12 15:22:46', '2018-03-12 15:22:49', '2a86cbae-8ac9-46f8-a251-14c851bc5b40'),
 ('497', '1', '49', 'thumb1.jpg', 'image', '419', '238', '35952', '2018-03-20 16:15:19', '2018-03-20 16:15:19', '2018-03-20 16:15:40', '97ace174-7ae6-42ef-9bff-e90c8be4b193'),
 ('500', '1', '50', '57dfb40-BEFORE-Previous-Dwelling.jpg', 'image', '4000', '3000', '3311557', '2018-03-20 16:26:32', '2018-03-20 16:26:32', '2018-03-20 16:27:02', '7cc7145a-0c51-4fe6-b817-8af1b0dcdb2d'),
 ('501', '1', '50', '821fa8d-AFTER-Field-View.JPG', 'image', '4000', '3000', '2863334', '2018-03-20 16:26:38', '2018-03-20 16:26:38', '2018-03-20 16:27:02', '32f6a940-9d49-4ffc-90e5-9d5f51d37e4b'),
 ('502', '1', '50', 'eca51db-AFTER-Roadside-View.JPG', 'image', '4000', '3000', '2673208', '2018-03-20 16:26:41', '2018-03-20 16:26:41', '2018-03-20 16:27:02', 'aaeda4bf-942b-4ba1-82f1-97f952bd0a48'),
 ('503', '1', '50', '8cfc04f-AFTER-Front-Facade.JPG', 'image', '4000', '3000', '2462537', '2018-03-20 16:26:41', '2018-03-20 16:26:41', '2018-03-20 16:27:02', 'e6cc05e2-3256-4a96-bed0-7617afa21948'),
 ('504', '1', '50', '4d38847-AFTER-Finished-Building.JPG', 'image', '4000', '3000', '2761708', '2018-03-20 16:26:41', '2018-03-20 16:26:41', '2018-03-20 16:27:02', 'b4ab481f-511a-4691-b62e-ae8be702c0e4'),
 ('505', '1', '50', 'd69dee7-BEFORE-Previous-Dwelling.jpg', 'image', '4000', '3000', '3311557', '2018-03-20 16:26:41', '2018-03-20 16:26:41', '2018-03-20 16:27:02', '77e32601-3141-4641-b804-6dc92af9c697'),
 ('506', '1', '50', '3c53f2d-MONTAGE-Superimposed-model.jpg', 'image', '4000', '3000', '5241208', '2018-03-20 16:26:42', '2018-03-20 16:26:42', '2018-03-20 16:27:02', '8332aa75-b6b5-48ed-876c-ce2712f2a266'),
 ('507', '1', '50', 'AFTER-Field-View.JPG', 'image', '4000', '3000', '1078203', '2018-03-20 16:27:01', '2018-03-20 16:27:02', '2018-03-20 16:27:02', '59c4d9a9-1011-4049-949a-6a86f9f11a3e'),
 ('517', '1', '35', '2MtVboW.jpg', 'image', '1327', '738', '339789', '2018-04-04 14:52:18', '2018-04-04 14:52:19', '2018-04-04 14:52:19', '245aac13-d4c2-468d-94a0-9ba76141c161'),
 ('519', '1', '51', '28515989_545970592448325_3832173685680234943_o.png', 'image', '1000', '1000', '570783', '2018-04-04 14:54:17', '2018-04-04 14:54:17', '2018-04-04 14:54:17', 'bcef4261-3990-4a5e-ab5d-806742ec9258'),
 ('539', '1', '52', '67f459c-Picture-532.jpg', 'image', '1600', '1183', '968429', '2018-04-10 10:56:34', '2018-04-10 10:56:34', '2018-04-10 10:58:29', '8ac8b630-b8d2-4f9e-b805-ae00a9339a48'),
 ('540', '1', '52', 'f8cb875-Picture-205.jpg', 'image', '2048', '1536', '1708566', '2018-04-10 10:56:34', '2018-04-10 10:56:34', '2018-04-10 10:58:30', '9c619cc8-a429-40f9-ad32-27da6d16a3ab'),
 ('541', '1', '52', '8059af1-Picture-084.jpg', 'image', '2048', '1536', '1755605', '2018-04-10 10:56:34', '2018-04-10 10:56:34', '2018-04-10 10:58:30', '0eedff7c-3236-4b4e-a454-fccbd9d842c8'),
 ('542', '1', '52', '4d9466a-IMG_3047.JPG', 'image', '3456', '2304', '2069513', '2018-04-10 10:56:34', '2018-04-10 10:56:35', '2018-04-10 10:58:30', 'cf83dad7-a4e9-4a26-bffd-cd39959e11e5'),
 ('543', '1', '52', '43f687c-IMG_3040.JPG', 'image', '3456', '2304', '2003233', '2018-04-10 10:56:35', '2018-04-10 10:56:35', '2018-04-10 10:58:30', 'aa8bcef1-d8ff-4c0b-9674-97093512ccd4'),
 ('544', '1', '52', '23bd175-IMG_2868.JPG', 'image', '3456', '2304', '1036969', '2018-04-10 10:56:35', '2018-04-10 10:56:35', '2018-04-10 10:58:30', 'a9ab9cce-f63f-486f-a7f0-1da80b05db27'),
 ('545', '1', '52', '03f0a9f-IMG_2859.JPG', 'image', '3456', '2304', '1704292', '2018-04-10 10:56:35', '2018-04-10 10:56:35', '2018-04-10 10:58:30', '0c5ff58f-4373-49a5-93df-745200ff8774'),
 ('546', '1', '52', 'f784faf-IMG_2853.JPG', 'image', '3456', '2304', '1360226', '2018-04-10 10:56:35', '2018-04-10 10:56:35', '2018-04-10 10:58:30', 'bba6159d-d96c-48bb-9bd9-1c7cb04b5ebe'),
 ('547', '1', '52', '33fd793-IMG_2851.JPG', 'image', '3456', '2304', '1305471', '2018-04-10 10:56:35', '2018-04-10 10:56:35', '2018-04-10 10:58:30', '33bcfcd2-8ea1-4b3f-aa91-1f69919aab8b'),
 ('548', '1', '52', '336924b-IMG_2849.JPG', 'image', '3456', '2304', '1296057', '2018-04-10 10:56:35', '2018-04-10 10:56:35', '2018-04-10 10:58:30', 'e664b6c2-3cea-46a0-bcc2-749d3d3f5dca'),
 ('549', '1', '52', '6b5b8a7-IMG_2848.JPG', 'image', '3456', '2304', '1460521', '2018-04-10 10:56:35', '2018-04-10 10:56:35', '2018-04-10 10:58:30', '20030c93-6050-4043-8054-64b9caca22f1'),
 ('550', '1', '1', 'd277107-IMG_3047.JPG', 'image', '3456', '2304', '2069513', '2018-04-10 10:58:08', '2018-04-10 10:58:08', '2018-04-10 10:58:08', '45644f01-a844-4607-af67-6145821ff2d7'),
 ('551', '1', '52', '3df1686-Picture-532.jpg', 'image', '1600', '1183', '968429', '2018-04-10 10:58:14', '2018-04-10 10:58:14', '2018-04-10 10:58:30', 'c0f8d221-0c59-43fa-9a08-981a0ed1766f'),
 ('552', '1', '52', 'adb3978-Picture-205.jpg', 'image', '2048', '1536', '1708566', '2018-04-10 10:58:19', '2018-04-10 10:58:19', '2018-04-10 10:58:30', '0d2c58b7-47ab-40ca-924e-c7d51faa5e34'),
 ('553', '1', '52', '481b600-Picture-084.jpg', 'image', '2048', '1536', '1755605', '2018-04-10 10:58:19', '2018-04-10 10:58:19', '2018-04-10 10:58:30', '429d831c-4e44-461b-bf14-e4f2a32c9e67'),
 ('554', '1', '52', '246377f-IMG_3047.JPG', 'image', '3456', '2304', '2069513', '2018-04-10 10:58:19', '2018-04-10 10:58:19', '2018-04-10 10:58:30', '90ba7bb2-d6a2-4314-97d2-25307c0b961d'),
 ('555', '1', '52', '1e71a30-IMG_3040.JPG', 'image', '3456', '2304', '2003233', '2018-04-10 10:58:20', '2018-04-10 10:58:20', '2018-04-10 10:58:30', '68b6f17c-5191-41db-990f-53e1a07a29c3'),
 ('556', '1', '52', 'd9a4bab-IMG_2868.JPG', 'image', '3456', '2304', '1036969', '2018-04-10 10:58:20', '2018-04-10 10:58:20', '2018-04-10 10:58:30', '39b863cb-f5b7-45f7-96c9-3f55dbeee052'),
 ('557', '1', '52', '23fbe4b-IMG_2859.JPG', 'image', '3456', '2304', '1704292', '2018-04-10 10:58:20', '2018-04-10 10:58:20', '2018-04-10 10:58:30', '9423a715-27b8-4f63-bf9b-93234101e6ba'),
 ('558', '1', '52', 'dad4f05-IMG_2853.JPG', 'image', '3456', '2304', '1360226', '2018-04-10 10:58:20', '2018-04-10 10:58:20', '2018-04-10 10:58:30', 'a3e8012c-4ebb-4ca9-ab81-a6d1b09206c6'),
 ('559', '1', '52', 'c6c1d82-IMG_2851.JPG', 'image', '3456', '2304', '1305471', '2018-04-10 10:58:20', '2018-04-10 10:58:20', '2018-04-10 10:58:30', '7da14987-6323-4b65-97f9-b6ea81251c7c'),
 ('560', '1', '52', '685e3cd-IMG_2849.JPG', 'image', '3456', '2304', '1296057', '2018-04-10 10:58:20', '2018-04-10 10:58:20', '2018-04-10 10:58:30', '7ccda1ef-882d-48fa-98a6-a9e17dcef3e0'),
 ('561', '1', '52', 'a1e045a-IMG_2848.JPG', 'image', '3456', '2304', '1460521', '2018-04-10 10:58:20', '2018-04-10 10:58:20', '2018-04-10 10:58:30', 'f1fd5b59-2b69-4eac-a1ad-f7127977ddd0'),
 ('562', '1', '52', 'Picture-532.jpg', 'image', '1600', '1183', '953710', '2018-04-10 10:58:29', '2018-04-10 10:58:29', '2018-04-10 10:58:29', 'aab3f752-3d30-4505-89aa-e25445839c9e'),
 ('565', '1', '1', 'd03970f-Chantelle Arnold.JPG', 'image', '312', '363', '31601', '2018-04-10 11:08:01', '2018-04-10 11:08:01', '2018-04-10 11:08:01', 'cc3b2e21-0ad1-4c8a-ac36-4801c1a3f846'),
 ('566', '1', '53', '1a5fbf7-BEFORE-Staircase.jpg', 'image', '4000', '3000', '2242764', '2018-04-10 11:18:56', '2018-04-10 11:18:56', '2018-04-10 11:23:08', '0dd4129e-c838-4c19-bf07-8fc68dd01588'),
 ('567', '1', '53', '7310206-BEFORE-Lounge.jpg', 'image', '6220', '2830', '2088414', '2018-04-10 11:18:56', '2018-04-10 11:18:56', '2018-04-10 11:23:08', '81f9142d-38f2-4809-9138-4938e6757706'),
 ('568', '1', '53', 'ce5790e-BEFORE-Front-Elevation.jpg', 'image', '4000', '3000', '3254603', '2018-04-10 11:18:56', '2018-04-10 11:18:56', '2018-04-10 11:23:08', '028e1c2a-b31a-4fa4-b201-3ed85ed037a4'),
 ('569', '1', '53', '5dbaccf-BEFORE-Entrance.jpg', 'image', '4000', '3000', '4427680', '2018-04-10 11:18:56', '2018-04-10 11:18:56', '2018-04-10 11:23:08', '03a91ad4-86d1-4751-8f82-612f39fb6e22'),
 ('570', '1', '53', 'a57063a-AFTER-Staircase.JPG', 'image', '4000', '2664', '1539591', '2018-04-10 11:20:08', '2018-04-10 11:20:09', '2018-04-10 11:23:08', '1f700c04-cc24-411c-9e45-cf5e6811bd54'),
 ('571', '1', '53', 'e2b27ab-AFTER-Modernised-Hallway.JPG', 'image', '2664', '4000', '1609815', '2018-04-10 11:20:09', '2018-04-10 11:20:09', '2018-04-10 11:23:08', 'ce53e9b9-03d1-4e4d-9563-314f42b2c560'),
 ('572', '1', '53', 'd36e3e3-AFTER-Roadside-Elevation.JPG', 'image', '4000', '2664', '3602735', '2018-04-10 11:20:09', '2018-04-10 11:20:09', '2018-04-10 11:23:08', 'c17aacab-fc8f-4618-a4eb-6cceda231b87'),
 ('573', '1', '53', '1d1c4e9-AFTER-Kitchen.JPG', 'image', '4000', '2664', '1630191', '2018-04-10 11:20:09', '2018-04-10 11:20:09', '2018-04-10 11:23:08', 'c6070f9b-f298-4b1c-9487-000a86c41060'),
 ('574', '1', '53', '3ca6645-AFTER-front-elevation.JPG', 'image', '4000', '2664', '3377249', '2018-04-10 11:20:09', '2018-04-10 11:20:09', '2018-04-10 11:23:08', 'dfad380e-b12e-49a0-a743-47edf65c09ab'),
 ('575', '1', '53', '4154768-AFTER-Entrance.JPG', 'image', '4000', '2664', '3286121', '2018-04-10 11:20:09', '2018-04-10 11:20:09', '2018-04-10 11:23:08', '1ffd5e20-fcdb-43b4-a101-5b984f578b2f'),
 ('576', '1', '53', 'ee21618-AFTER-Dining-with-Sliding-Doors.JPG', 'image', '4000', '2664', '2131089', '2018-04-10 11:20:09', '2018-04-10 11:20:09', '2018-04-10 11:23:08', '9a4fa362-85ff-4e22-9f05-fd36c6f97478'),
 ('577', '1', '53', '7877013-AFTER-Frameless-Glass-Balustrade.JPG', 'image', '4000', '2664', '2043310', '2018-04-10 11:20:09', '2018-04-10 11:20:09', '2018-04-10 11:23:08', 'a85c5308-1813-4c6a-96f8-ea410b4bf495'),
 ('578', '1', '53', 'd953e52-BEFORE-Staircase.jpg', 'image', '4000', '3000', '2242764', '2018-04-10 11:20:13', '2018-04-10 11:20:13', '2018-04-10 11:23:08', '004da090-1ad4-4569-b6b4-444f338e2dcc'),
 ('579', '1', '53', 'a313960-BEFORE-Lounge.jpg', 'image', '6220', '2830', '2088414', '2018-04-10 11:20:14', '2018-04-10 11:20:14', '2018-04-10 11:23:08', 'd6e69e1e-3492-4cc2-beba-039f0d48f706'),
 ('580', '1', '53', '4173386-BEFORE-Front-Elevation.jpg', 'image', '4000', '3000', '3254603', '2018-04-10 11:20:14', '2018-04-10 11:20:14', '2018-04-10 11:23:08', 'eeac1e5a-8981-461e-89fc-21f87715aea7'),
 ('581', '1', '53', 'e2293c4-BEFORE-Entrance.jpg', 'image', '4000', '3000', '4427680', '2018-04-10 11:20:14', '2018-04-10 11:20:14', '2018-04-10 11:23:08', '7f6e21d4-3b0b-4942-a260-f6135f169d9f'),
 ('582', '1', '1', '91c318d-BEFORE Staircase.jpg', 'image', '4000', '3000', '2242764', '2018-04-10 11:21:20', '2018-04-10 11:21:20', '2018-04-10 11:21:20', '2837156d-786f-48b4-8e7c-80bc7059c0c4'),
 ('583', '1', '53', 'b73b879-AFTER-Staircase.JPG', 'image', '4000', '2664', '1539591', '2018-04-10 11:21:24', '2018-04-10 11:21:24', '2018-04-10 11:23:08', '002e80b0-f8a8-4d0d-8eaa-f23dfa3c4abf'),
 ('584', '1', '1', 'b67a158-BEFORE Lounge.jpg', 'image', '6220', '2830', '2088414', '2018-04-10 11:22:45', '2018-04-10 11:22:46', '2018-04-10 11:22:46', 'a635a3f0-aaf6-4c62-981e-221263ed6a7b'),
 ('585', '1', '53', '7487b50-AFTER-Staircase.JPG', 'image', '4000', '2664', '1539591', '2018-04-10 11:23:00', '2018-04-10 11:23:00', '2018-04-10 11:23:08', '94fc74d7-2eb8-4564-bf08-ba0767a7c31b'),
 ('586', '1', '53', '91d71db-AFTER-Modernised-Hallway.JPG', 'image', '2664', '4000', '1609815', '2018-04-10 11:23:00', '2018-04-10 11:23:00', '2018-04-10 11:23:08', '94fd3ced-14ac-44db-8214-87a70069a75f'),
 ('587', '1', '53', 'b2f6542-AFTER-Roadside-Elevation.JPG', 'image', '4000', '2664', '3602735', '2018-04-10 11:23:00', '2018-04-10 11:23:00', '2018-04-10 11:23:09', '2f53486c-df08-4c0f-a058-e48280ce94f2'),
 ('588', '1', '53', '2983bad-AFTER-Kitchen.JPG', 'image', '4000', '2664', '1630191', '2018-04-10 11:23:00', '2018-04-10 11:23:00', '2018-04-10 11:23:09', '61356b28-4548-4c03-8054-b406cde0a642'),
 ('589', '1', '53', '100e16b-AFTER-front-elevation.JPG', 'image', '4000', '2664', '3377249', '2018-04-10 11:23:00', '2018-04-10 11:23:00', '2018-04-10 11:23:09', '1864e919-3d0c-493c-9956-f39771771e2c'),
 ('590', '1', '53', '6f651a6-AFTER-Entrance.JPG', 'image', '4000', '2664', '3286121', '2018-04-10 11:23:00', '2018-04-10 11:23:00', '2018-04-10 11:23:09', 'dff53746-57c0-4848-9f32-b2578b41d0c1'),
 ('591', '1', '53', '2ef3984-AFTER-Dining-with-Sliding-Doors.JPG', 'image', '4000', '2664', '2131089', '2018-04-10 11:23:00', '2018-04-10 11:23:00', '2018-04-10 11:23:09', 'b0b9068a-39f1-4f3f-9833-1795a1fe586b'),
 ('592', '1', '53', 'cae428e-AFTER-Frameless-Glass-Balustrade.JPG', 'image', '4000', '2664', '2043310', '2018-04-10 11:23:00', '2018-04-10 11:23:00', '2018-04-10 11:23:09', 'bba173c4-c572-42f6-80fd-dae8032ba69b'),
 ('593', '1', '53', 'AFTER-Roadside-Elevation.JPG', 'image', '4000', '2664', '1417372', '2018-04-10 11:23:08', '2018-04-10 11:23:08', '2018-04-10 11:23:08', '9f665ffb-aa8b-4ef4-a89c-dcd2835e141f');
INSERT INTO `craft_assetfiles` (`id`, `sourceId`, `folderId`, `filename`, `kind`, `width`, `height`, `size`, `dateModified`, `dateCreated`, `dateUpdated`, `uid`) VALUES
 ('595', '1', '54', '7569088-BEFORE-Previous-Dwelling.jpg', 'image', '4000', '3000', '3311557', '2018-04-10 11:41:23', '2018-04-10 11:41:23', '2018-04-10 11:41:52', 'd35b866e-c90e-4270-ab6d-8a16c277f296'),
 ('596', '1', '54', '99e024b-MONTAGE-Superimposed-model.jpg', 'image', '4000', '3000', '5241208', '2018-04-10 11:41:26', '2018-04-10 11:41:26', '2018-04-10 11:41:52', '30798c25-0f84-479b-86fa-579a6feb221d'),
 ('597', '1', '54', '6e5ad57-MONTAGE-Superimposed-model.jpg', 'image', '4000', '3000', '5241208', '2018-04-10 11:41:40', '2018-04-10 11:41:40', '2018-04-10 11:41:52', '127a7cdd-8c91-4262-a838-c3d6a76b4507'),
 ('598', '1', '54', 'd6041af-BEFORE-Previous-Dwelling.jpg', 'image', '4000', '3000', '3311557', '2018-04-10 11:41:40', '2018-04-10 11:41:40', '2018-04-10 11:41:52', 'b563528e-654a-4688-980b-4c3387efba79'),
 ('599', '1', '54', 'db1c432-AFTER-Roadside-View.JPG', 'image', '4000', '3000', '2673208', '2018-04-10 11:41:40', '2018-04-10 11:41:40', '2018-04-10 11:41:52', 'ae0f0240-c4d8-4e60-a40d-7bc9f742a411'),
 ('600', '1', '54', '45cfce8-AFTER-Front-Facade.JPG', 'image', '4000', '3000', '2462537', '2018-04-10 11:41:40', '2018-04-10 11:41:40', '2018-04-10 11:41:52', '47411c11-cc30-4127-957f-c0615f65ea82'),
 ('601', '1', '54', '914ac0f-AFTER-Finished-Building.JPG', 'image', '4000', '3000', '2761708', '2018-04-10 11:41:40', '2018-04-10 11:41:41', '2018-04-10 11:41:52', 'eedcdbd4-d4fd-4b85-a6db-0eb2648d77a2'),
 ('602', '1', '54', 'a949442-AFTER-Field-View.JPG', 'image', '4000', '3000', '2863334', '2018-04-10 11:41:41', '2018-04-10 11:41:41', '2018-04-10 11:41:52', 'ed9ebb14-9e17-43d6-8f4c-95571d267c05'),
 ('603', '1', '54', 'AFTER-Finished-Building.JPG', 'image', '4000', '3000', '1032372', '2018-04-10 11:41:52', '2018-04-10 11:41:52', '2018-04-10 11:41:52', '08bef718-fd86-4742-a42b-a93e4cc0d2ef'),
 ('605', '1', '1', '9877386-Justin Gallaher (2).jpg', 'image', '960', '960', '134778', '2018-04-10 11:42:50', '2018-04-10 11:42:50', '2018-04-10 11:42:50', 'b4ea42d8-0f29-4b2b-8619-e88bb47aea2c'),
 ('606', '1', '54', '11fc873-MONTAGE-Superimposed-model.jpg', 'image', '4000', '3000', '5241208', '2018-04-10 11:43:23', '2018-04-10 11:43:23', '2018-04-10 11:43:28', '2209cc8a-ed93-4a04-bddf-ccb49f875c8c'),
 ('607', '1', '54', 'e3132bb-BEFORE-Previous-Dwelling.jpg', 'image', '4000', '3000', '3311557', '2018-04-10 11:43:23', '2018-04-10 11:43:23', '2018-04-10 11:43:28', 'f58c5c55-8d98-42b1-9c38-5e15c992e409'),
 ('608', '1', '54', 'cdc8aee-AFTER-Roadside-View.JPG', 'image', '4000', '3000', '2673208', '2018-04-10 11:43:23', '2018-04-10 11:43:23', '2018-04-10 11:43:28', '573c4c0c-7e7d-421c-b1db-f82d0f16a952'),
 ('609', '1', '54', '43ed732-AFTER-Front-Facade.JPG', 'image', '4000', '3000', '2462537', '2018-04-10 11:43:23', '2018-04-10 11:43:23', '2018-04-10 11:43:28', 'c096d5c6-f0eb-4f43-a1b7-02d3c69a5a2e'),
 ('610', '1', '54', '8bdef19-AFTER-Finished-Building.JPG', 'image', '4000', '3000', '2761708', '2018-04-10 11:43:23', '2018-04-10 11:43:23', '2018-04-10 11:43:28', '7739f297-1190-47a4-be47-20e903e0065a'),
 ('611', '1', '54', '5cb6b72-AFTER-Field-View.JPG', 'image', '4000', '3000', '2863334', '2018-04-10 11:43:23', '2018-04-10 11:43:23', '2018-04-10 11:43:28', 'b2dee6ca-fb46-472f-9b9b-3d84dfd183a7'),
 ('612', '1', '1', '1393078-2MtVboW.jpg', 'image', '1327', '738', '788995', '2018-04-17 13:50:24', '2018-04-17 13:50:24', '2018-04-17 13:50:24', 'c8506293-2f22-443a-9dea-55ce5fc46bab'),
 ('613', '1', '1', 'de7e61b-image (2).png', 'image', '896', '636', '437167', '2018-04-17 15:04:48', '2018-04-17 15:04:48', '2018-04-17 15:04:48', '976af03a-723c-45b6-a9c6-906ee032a599');



DROP TABLE IF EXISTS `craft_assetfolders`;


--
-- Schema for table `craft_assetfolders`
--
CREATE TABLE `craft_assetfolders` (
  `id` int(11) NOT NULL AUTO_INCREMENT,
  `parentId` int(11) DEFAULT NULL,
  `sourceId` int(11) DEFAULT NULL,
  `name` varchar(255) COLLATE utf8_unicode_ci NOT NULL,
  `path` varchar(255) COLLATE utf8_unicode_ci DEFAULT NULL,
  `dateCreated` datetime NOT NULL,
  `dateUpdated` datetime NOT NULL,
  `uid` char(36) COLLATE utf8_unicode_ci NOT NULL DEFAULT '0',
  PRIMARY KEY (`id`),
  UNIQUE KEY `craft_assetfolders_name_parentId_sourceId_unq_idx` (`name`,`parentId`,`sourceId`),
  KEY `craft_assetfolders_parentId_fk` (`parentId`),
  KEY `craft_assetfolders_sourceId_fk` (`sourceId`)
) ENGINE=InnoDB AUTO_INCREMENT=55 DEFAULT CHARSET=utf8 COLLATE=utf8_unicode_ci;

--
-- Data for table `craft_assetfolders`
--

INSERT INTO `craft_assetfolders` (`id`, `parentId`, `sourceId`, `name`, `path`, `dateCreated`, `dateUpdated`, `uid`) VALUES
 ('1', NULL, '1', 'Images', '', '2018-01-26 15:57:38', '2018-01-26 15:57:38', 'f21f6e0d-bffe-4a9b-a450-5244a3c6d77b'),
 ('2', NULL, NULL, 'Temporary source', NULL, '2018-02-14 10:31:06', '2018-02-14 10:31:06', '2b078755-e7e4-4b91-a455-3d24cd15369d'),
 ('3', '2', NULL, 'user_1', 'user_1/', '2018-02-14 10:31:06', '2018-02-14 10:31:06', 'b23f2afa-e7bb-4efa-a978-2e66afba030f'),
 ('4', '3', NULL, 'field_7', 'user_1/field_7/', '2018-02-14 10:31:06', '2018-02-14 10:31:06', '9fb65e7c-5092-43bf-bfe2-5e69b69b8065'),
 ('8', '3', NULL, 'field_3', 'user_1/field_3/', '2018-02-14 11:04:36', '2018-02-14 11:04:36', '2b4641fc-f8f6-4c26-a21c-5eff2dcf0c30'),
 ('10', '3', NULL, 'field_36', 'user_1/field_36/', '2018-02-14 11:07:20', '2018-02-14 11:07:20', 'bbd200b0-b841-462a-8bcc-2e042fd7f54d'),
 ('11', '3', NULL, 'field_10', 'user_1/field_10/', '2018-02-14 11:07:20', '2018-02-14 11:07:20', '4d834268-0c8b-4b90-b3fd-70f05e0ebd74'),
 ('12', '3', NULL, 'field_14', 'user_1/field_14/', '2018-02-14 11:07:20', '2018-02-14 11:07:20', 'abc6099d-44f9-4620-858e-bcc6a18b8ca8'),
 ('13', '3', NULL, 'field_35', 'user_1/field_35/', '2018-02-14 11:07:20', '2018-02-14 11:07:20', '2cf22519-2215-4181-82de-1c556704b966'),
 ('32', '1', '1', 'example-project-1', 'example-project-1/', '2018-02-22 09:51:14', '2018-02-22 09:51:14', '6f63c6a7-18b3-45ec-95d3-3e20ee229a4a'),
 ('33', '3', NULL, 'field_39', 'user_1/field_39/', '2018-02-22 14:12:56', '2018-02-22 14:12:56', '9854033d-ee02-444f-8e58-1cad6439b112'),
 ('35', '1', '1', 'wef', 'wef/', '2018-02-22 14:13:55', '2018-02-22 14:13:55', '611d2ded-e4c5-414e-9cd5-758d6da3fdb9'),
 ('36', '1', '1', 'rg', 'rg/', '2018-02-23 09:46:45', '2018-02-23 09:46:45', '87e247e8-2d50-4113-9152-c9dec9372a15'),
 ('37', '1', '1', 'aaaa', 'aaaa/', '2018-02-23 10:27:15', '2018-02-23 10:27:15', 'e3ed0c52-3a86-4f62-9d49-e4ef8c5f3166'),
 ('38', '1', '1', 'a', 'a/', '2018-02-23 10:39:03', '2018-02-23 10:39:03', '8ecd4fa2-930e-42d3-aa03-b8003807c218'),
 ('39', '2', NULL, 'user_326', 'user_326/', '2018-02-23 16:45:09', '2018-02-23 16:45:09', '9f7c09eb-f9ab-4642-b92c-e018679cf01e'),
 ('40', '39', NULL, 'field_39', 'user_326/field_39/', '2018-02-23 16:45:09', '2018-02-23 16:45:09', 'aea07e6d-04bf-4d90-9c5b-edebbb4d4479'),
 ('41', '1', '1', 'aa', 'aa/', '2018-02-23 16:45:09', '2018-02-23 16:45:09', '503b2517-3981-43da-906a-26d4875e493d'),
 ('42', '1', '1', 'asdasd', 'asdasd/', '2018-02-26 16:39:50', '2018-02-26 16:39:50', 'c48087dd-ecfa-4630-8a3b-13e56589b294'),
 ('43', '1', '1', 'dfgdfgdfg', 'dfgdfgdfg/', '2018-02-27 13:21:09', '2018-02-27 13:21:09', 'e6fa0401-cc19-40c5-b080-8fce29886814'),
 ('44', '1', '1', 'qwdqwd', 'qwdqwd/', '2018-03-01 10:48:02', '2018-03-01 10:48:02', 'c1a2ef78-3c91-4f4b-9ebf-5d8230a57228'),
 ('45', '1', '1', 'fffff', 'fffff/', '2018-03-01 10:50:27', '2018-03-01 10:50:27', '1cbf36b2-3648-4813-ad3a-83061b0a7d36'),
 ('46', '1', '1', 'ff', 'ff/', '2018-03-05 16:07:30', '2018-03-05 16:07:30', 'c7bf1be7-afe6-4f06-aeec-27edbf333e46'),
 ('47', '1', '1', 'le-rocher', 'le-rocher/', '2018-03-12 13:05:10', '2018-03-12 13:05:10', '79f54879-d52b-44f4-9e41-ea01e306818d'),
 ('48', '1', '1', 'deded', 'deded/', '2018-03-12 13:06:38', '2018-03-12 13:06:38', '809934a5-94db-4972-af8e-3f8bf547edc4'),
 ('49', '1', '1', 'lorme', 'lorme/', '2018-03-20 16:15:40', '2018-03-20 16:15:40', '3c01148f-0ace-47ae-851e-0d80fe79a81e'),
 ('50', '1', '1', 'anchor-house', 'anchor-house/', '2018-03-20 16:27:02', '2018-03-20 16:27:02', '69598a02-557c-44c1-b306-462024685f15'),
 ('51', '1', '1', 'wefwef', 'wefwef/', '2018-04-04 14:54:17', '2018-04-04 14:54:17', 'a0cd6719-abe9-4599-8eef-956ef4bb5d2b'),
 ('52', '1', '1', '1-les-fougeres', '1-les-fougeres/', '2018-04-10 10:58:29', '2018-04-10 10:58:29', '0c87e571-ffd7-4c26-b231-9f0d59ee0a6e'),
 ('53', '1', '1', '5-jardin-des-cures', '5-jardin-des-cures/', '2018-04-10 11:23:08', '2018-04-10 11:23:08', '932f44d1-6c05-4b1c-ade9-6ab66f6bf9dc'),
 ('54', '1', '1', 'anchor-house-formally-ancona', 'anchor-house-formally-ancona/', '2018-04-10 11:41:52', '2018-04-10 11:41:52', '009f4c8a-cbed-48a5-bf29-92e921b51f54');



DROP TABLE IF EXISTS `craft_assetindexdata`;


--
-- Schema for table `craft_assetindexdata`
--
CREATE TABLE `craft_assetindexdata` (
  `id` int(11) NOT NULL AUTO_INCREMENT,
  `sessionId` varchar(36) COLLATE utf8_unicode_ci NOT NULL DEFAULT '',
  `sourceId` int(10) NOT NULL,
  `offset` int(10) NOT NULL,
  `uri` varchar(255) COLLATE utf8_unicode_ci DEFAULT NULL,
  `size` varchar(255) COLLATE utf8_unicode_ci DEFAULT NULL,
  `recordId` int(10) DEFAULT NULL,
  `dateCreated` datetime NOT NULL,
  `dateUpdated` datetime NOT NULL,
  `uid` char(36) COLLATE utf8_unicode_ci NOT NULL DEFAULT '0',
  PRIMARY KEY (`id`),
  UNIQUE KEY `craft_assetindexdata_sessionId_sourceId_offset_unq_idx` (`sessionId`,`sourceId`,`offset`),
  KEY `craft_assetindexdata_sourceId_fk` (`sourceId`)
) ENGINE=InnoDB DEFAULT CHARSET=utf8 COLLATE=utf8_unicode_ci;

DROP TABLE IF EXISTS `craft_assetsources`;


--
-- Schema for table `craft_assetsources`
--
CREATE TABLE `craft_assetsources` (
  `id` int(11) NOT NULL AUTO_INCREMENT,
  `name` varchar(255) COLLATE utf8_unicode_ci NOT NULL,
  `handle` varchar(255) COLLATE utf8_unicode_ci NOT NULL,
  `type` varchar(150) COLLATE utf8_unicode_ci NOT NULL,
  `settings` text COLLATE utf8_unicode_ci,
  `sortOrder` smallint(6) unsigned DEFAULT NULL,
  `fieldLayoutId` int(10) DEFAULT NULL,
  `dateCreated` datetime NOT NULL,
  `dateUpdated` datetime NOT NULL,
  `uid` char(36) COLLATE utf8_unicode_ci NOT NULL DEFAULT '0',
  PRIMARY KEY (`id`),
  UNIQUE KEY `craft_assetsources_name_unq_idx` (`name`),
  UNIQUE KEY `craft_assetsources_handle_unq_idx` (`handle`),
  KEY `craft_assetsources_fieldLayoutId_fk` (`fieldLayoutId`)
) ENGINE=InnoDB AUTO_INCREMENT=2 DEFAULT CHARSET=utf8 COLLATE=utf8_unicode_ci;

--
-- Data for table `craft_assetsources`
--

INSERT INTO `craft_assetsources` (`id`, `name`, `handle`, `type`, `settings`, `sortOrder`, `fieldLayoutId`, `dateCreated`, `dateUpdated`, `uid`) VALUES
 ('1', 'Images', 'images', 'Local', '{\"path\":\"res\\/img\\/projects\\/\",\"publicURLs\":\"1\",\"url\":\"http:\\/\\/localhost\\/aja\\/res\\/img\\/projects\\/\"}', '1', '156', '2018-01-26 15:57:38', '2018-07-11 08:47:01', 'dd6c9178-ed8c-4639-acf5-a3964e601e7c');



DROP TABLE IF EXISTS `craft_assettransformindex`;


--
-- Schema for table `craft_assettransformindex`
--
CREATE TABLE `craft_assettransformindex` (
  `id` int(11) NOT NULL AUTO_INCREMENT,
  `fileId` int(11) NOT NULL,
  `filename` varchar(255) COLLATE utf8_unicode_ci DEFAULT NULL,
  `format` varchar(255) COLLATE utf8_unicode_ci DEFAULT NULL,
  `location` varchar(255) COLLATE utf8_unicode_ci NOT NULL,
  `sourceId` int(11) DEFAULT NULL,
  `fileExists` tinyint(1) DEFAULT NULL,
  `inProgress` tinyint(1) DEFAULT NULL,
  `dateIndexed` datetime DEFAULT NULL,
  `dateCreated` datetime NOT NULL,
  `dateUpdated` datetime NOT NULL,
  `uid` char(36) COLLATE utf8_unicode_ci NOT NULL DEFAULT '0',
  PRIMARY KEY (`id`),
  KEY `craft_assettransformindex_sourceId_fileId_location_idx` (`sourceId`,`fileId`,`location`)
) ENGINE=InnoDB AUTO_INCREMENT=68 DEFAULT CHARSET=utf8 COLLATE=utf8_unicode_ci;

DROP TABLE IF EXISTS `craft_assettransforms`;


--
-- Schema for table `craft_assettransforms`
--
CREATE TABLE `craft_assettransforms` (
  `id` int(11) NOT NULL AUTO_INCREMENT,
  `name` varchar(255) COLLATE utf8_unicode_ci NOT NULL,
  `handle` varchar(255) COLLATE utf8_unicode_ci NOT NULL,
  `mode` enum('stretch','fit','crop') COLLATE utf8_unicode_ci NOT NULL DEFAULT 'crop',
  `position` enum('top-left','top-center','top-right','center-left','center-center','center-right','bottom-left','bottom-center','bottom-right') COLLATE utf8_unicode_ci NOT NULL DEFAULT 'center-center',
  `height` int(10) DEFAULT NULL,
  `width` int(10) DEFAULT NULL,
  `format` varchar(255) COLLATE utf8_unicode_ci DEFAULT NULL,
  `quality` int(10) DEFAULT NULL,
  `dimensionChangeTime` datetime DEFAULT NULL,
  `dateCreated` datetime NOT NULL,
  `dateUpdated` datetime NOT NULL,
  `uid` char(36) COLLATE utf8_unicode_ci NOT NULL DEFAULT '0',
  PRIMARY KEY (`id`),
  UNIQUE KEY `craft_assettransforms_name_unq_idx` (`name`),
  UNIQUE KEY `craft_assettransforms_handle_unq_idx` (`handle`)
) ENGINE=InnoDB AUTO_INCREMENT=5 DEFAULT CHARSET=utf8 COLLATE=utf8_unicode_ci;

--
-- Data for table `craft_assettransforms`
--

INSERT INTO `craft_assettransforms` (`id`, `name`, `handle`, `mode`, `position`, `height`, `width`, `format`, `quality`, `dimensionChangeTime`, `dateCreated`, `dateUpdated`, `uid`) VALUES
 ('1', 'Edit', 'edit', 'fit', 'center-center', NULL, '600', 'jpg', '82', '2018-02-02 13:45:55', '2018-02-02 13:45:55', '2018-02-02 13:45:55', 'e092ff83-5919-474a-a1aa-0edc54c90662'),
 ('2', 'Blur', 'blur', 'crop', 'center-center', NULL, '30', 'jpg', '10', '2018-02-21 10:37:59', '2018-02-21 10:34:34', '2018-02-21 10:37:59', 'c6bf6105-4eeb-4594-bc4b-6591b8332502'),
 ('3', 'Profile', 'profile', 'crop', 'center-center', '300', '300', 'jpg', '82', '2018-04-17 09:43:02', '2018-03-12 10:36:51', '2018-04-17 09:43:02', 'bc3aaca1-660e-4634-96f8-7dccc1d29562'),
 ('4', 'thumb', 'thumb', 'crop', 'center-center', NULL, '200', 'jpg', '30', '2018-03-12 15:53:35', '2018-03-12 15:53:35', '2018-03-12 15:53:35', '17971ebc-8ce1-46da-9512-6acf9b7a9b39');



DROP TABLE IF EXISTS `craft_categories`;


--
-- Schema for table `craft_categories`
--
CREATE TABLE `craft_categories` (
  `id` int(11) NOT NULL,
  `groupId` int(11) NOT NULL,
  `dateCreated` datetime NOT NULL,
  `dateUpdated` datetime NOT NULL,
  `uid` char(36) COLLATE utf8_unicode_ci NOT NULL DEFAULT '0',
  PRIMARY KEY (`id`),
  KEY `craft_categories_groupId_fk` (`groupId`)
) ENGINE=InnoDB DEFAULT CHARSET=utf8 COLLATE=utf8_unicode_ci;

--
-- Data for table `craft_categories`
--

INSERT INTO `craft_categories` (`id`, `groupId`, `dateCreated`, `dateUpdated`, `uid`) VALUES
 ('509', '1', '2018-04-04 14:22:10', '2018-04-04 14:22:10', '74317f81-ba05-4ddd-b918-057246c0fe66'),
 ('510', '1', '2018-04-04 14:22:20', '2018-04-04 14:22:20', 'b9d861b3-d877-41b5-98a1-93eb4ded56f9'),
 ('511', '1', '2018-04-04 14:22:31', '2018-04-04 14:22:31', 'f031179f-e0a2-45d0-b5d2-45941dd5e703'),
 ('512', '1', '2018-04-04 14:22:45', '2018-04-04 14:22:45', 'c658b465-ef50-4222-9421-880e3d89820c'),
 ('513', '1', '2018-04-04 14:22:58', '2018-04-04 14:22:58', 'c83ec917-c94e-448e-a81e-ccb2f4280e9c'),
 ('514', '1', '2018-04-04 14:23:09', '2018-04-04 14:23:09', '3ebdb21c-ab80-4b5e-8c05-3e570959d961'),
 ('515', '1', '2018-04-04 14:23:21', '2018-04-04 14:23:21', '361cd4ff-25a5-4c65-aacc-a24dae0917db'),
 ('516', '1', '2018-04-04 14:23:30', '2018-04-04 14:23:30', 'e6aae16b-f45a-491f-b91d-ef2bd258438e');



DROP TABLE IF EXISTS `craft_categorygroups`;


--
-- Schema for table `craft_categorygroups`
--
CREATE TABLE `craft_categorygroups` (
  `id` int(11) NOT NULL AUTO_INCREMENT,
  `structureId` int(11) NOT NULL,
  `fieldLayoutId` int(11) DEFAULT NULL,
  `name` varchar(255) COLLATE utf8_unicode_ci NOT NULL,
  `handle` varchar(255) COLLATE utf8_unicode_ci NOT NULL,
  `hasUrls` tinyint(1) unsigned NOT NULL DEFAULT '1',
  `template` varchar(500) COLLATE utf8_unicode_ci DEFAULT NULL,
  `dateCreated` datetime NOT NULL,
  `dateUpdated` datetime NOT NULL,
  `uid` char(36) COLLATE utf8_unicode_ci NOT NULL DEFAULT '0',
  PRIMARY KEY (`id`),
  UNIQUE KEY `craft_categorygroups_name_unq_idx` (`name`),
  UNIQUE KEY `craft_categorygroups_handle_unq_idx` (`handle`),
  KEY `craft_categorygroups_structureId_fk` (`structureId`),
  KEY `craft_categorygroups_fieldLayoutId_fk` (`fieldLayoutId`)
) ENGINE=InnoDB AUTO_INCREMENT=2 DEFAULT CHARSET=utf8 COLLATE=utf8_unicode_ci;

--
-- Data for table `craft_categorygroups`
--

INSERT INTO `craft_categorygroups` (`id`, `structureId`, `fieldLayoutId`, `name`, `handle`, `hasUrls`, `template`, `dateCreated`, `dateUpdated`, `uid`) VALUES
 ('1', '1', '90', 'Property Category', 'propertyCategory', '1', '', '2018-02-21 12:04:50', '2018-02-21 12:04:50', '88174852-10b7-408e-b443-95e6c3420849');



DROP TABLE IF EXISTS `craft_categorygroups_i18n`;


--
-- Schema for table `craft_categorygroups_i18n`
--
CREATE TABLE `craft_categorygroups_i18n` (
  `id` int(11) NOT NULL AUTO_INCREMENT,
  `groupId` int(11) NOT NULL,
  `locale` char(12) COLLATE utf8_unicode_ci NOT NULL,
  `urlFormat` text COLLATE utf8_unicode_ci,
  `nestedUrlFormat` text COLLATE utf8_unicode_ci,
  `dateCreated` datetime NOT NULL,
  `dateUpdated` datetime NOT NULL,
  `uid` char(36) COLLATE utf8_unicode_ci NOT NULL DEFAULT '0',
  PRIMARY KEY (`id`),
  UNIQUE KEY `craft_categorygroups_i18n_groupId_locale_unq_idx` (`groupId`,`locale`),
  KEY `craft_categorygroups_i18n_locale_fk` (`locale`)
) ENGINE=InnoDB AUTO_INCREMENT=2 DEFAULT CHARSET=utf8 COLLATE=utf8_unicode_ci;

--
-- Data for table `craft_categorygroups_i18n`
--

INSERT INTO `craft_categorygroups_i18n` (`id`, `groupId`, `locale`, `urlFormat`, `nestedUrlFormat`, `dateCreated`, `dateUpdated`, `uid`) VALUES
 ('1', '1', 'en_gb', 'property-category/{slug}', '{parent.uri}/{slug}', '2018-02-21 12:04:50', '2018-02-21 12:04:50', 'edbc21b8-e108-4eb6-a866-a7db007e43be');



DROP TABLE IF EXISTS `craft_contactform_form`;


--
-- Schema for table `craft_contactform_form`
--
CREATE TABLE `craft_contactform_form` (
  `id` int(11) NOT NULL AUTO_INCREMENT,
  `name` varchar(255) COLLATE utf8_unicode_ci DEFAULT NULL,
  `dateCreated` datetime NOT NULL,
  `dateUpdated` datetime NOT NULL,
  `uid` char(36) COLLATE utf8_unicode_ci NOT NULL DEFAULT '0',
  PRIMARY KEY (`id`)
) ENGINE=InnoDB AUTO_INCREMENT=2 DEFAULT CHARSET=utf8 COLLATE=utf8_unicode_ci;

--
-- Data for table `craft_contactform_form`
--

INSERT INTO `craft_contactform_form` (`id`, `name`, `dateCreated`, `dateUpdated`, `uid`) VALUES
 ('1', 'Contact Form', '2018-07-11 11:44:19', '2018-07-11 11:44:19', '57b0504c-bffc-49d2-9345-912a5216144b');



DROP TABLE IF EXISTS `craft_contactform_message`;


--
-- Schema for table `craft_contactform_message`
--
CREATE TABLE `craft_contactform_message` (
  `id` int(11) NOT NULL AUTO_INCREMENT,
  `name` varchar(255) COLLATE utf8_unicode_ci DEFAULT NULL,
  `email` varchar(255) COLLATE utf8_unicode_ci NOT NULL,
  `message` varchar(255) COLLATE utf8_unicode_ci NOT NULL,
  `formId` int(10) DEFAULT NULL,
  `attachment` varchar(255) COLLATE utf8_unicode_ci DEFAULT NULL,
  `dateCreated` datetime NOT NULL,
  `dateUpdated` datetime NOT NULL,
  `uid` char(36) COLLATE utf8_unicode_ci NOT NULL DEFAULT '0',
  PRIMARY KEY (`id`),
  KEY `craft_contactform_message_formId_fk` (`formId`)
) ENGINE=InnoDB AUTO_INCREMENT=3 DEFAULT CHARSET=utf8 COLLATE=utf8_unicode_ci;

--
-- Data for table `craft_contactform_message`
--

INSERT INTO `craft_contactform_message` (`id`, `name`, `email`, `message`, `formId`, `attachment`, `dateCreated`, `dateUpdated`, `uid`) VALUES
 ('1', 'bob', 'eerger@w43t.com', 'Name: bob\n\nEmail: eerger@w43t.com\n\nwergerggewg', '1', '', '2018-07-11 12:19:50', '2018-07-11 12:19:50', 'fc02fdae-2d21-4b1b-802e-3e0b002b30f7'),
 ('2', 'ergerg', 'ergerg@wr.com', 'Name: ergerg\n\nEmail: ergerg@wr.com\n\nwefwef', '1', '', '2018-07-11 12:32:33', '2018-07-11 12:32:33', 'd10b7b52-bb1a-4c91-b828-3c11e4ed04a1');



DROP TABLE IF EXISTS `craft_content`;


--
-- Schema for table `craft_content`
--
CREATE TABLE `craft_content` (
  `id` int(11) NOT NULL AUTO_INCREMENT,
  `elementId` int(11) NOT NULL,
  `locale` char(12) COLLATE utf8_unicode_ci NOT NULL,
  `title` varchar(255) COLLATE utf8_unicode_ci DEFAULT NULL,
  `field_body` text COLLATE utf8_unicode_ci,
  `field_ajaMembershipNo` text COLLATE utf8_unicode_ci,
  `field_arbMembershipNo` text COLLATE utf8_unicode_ci,
  `field_ribaMembershipNo` text COLLATE utf8_unicode_ci,
  `field_phoneNumber` text COLLATE utf8_unicode_ci,
  `field_personalProfile` text COLLATE utf8_unicode_ci,
  `field_facebookLink` text COLLATE utf8_unicode_ci,
  `field_twitterLink` text COLLATE utf8_unicode_ci,
  `field_instagramLink` text COLLATE utf8_unicode_ci,
  `field_linkedinLink` text COLLATE utf8_unicode_ci,
  `field_pinterestLink` text COLLATE utf8_unicode_ci,
  `field_companyWebsite` text COLLATE utf8_unicode_ci,
  `field_company` text COLLATE utf8_unicode_ci,
  `field_location` text COLLATE utf8_unicode_ci,
  `field_website` text COLLATE utf8_unicode_ci,
  `field_architect` text COLLATE utf8_unicode_ci,
  `field_abstract` varchar(180) COLLATE utf8_unicode_ci DEFAULT NULL,
  `field_leadingParagraph` text COLLATE utf8_unicode_ci,
  `field_youtubeUrl` text COLLATE utf8_unicode_ci,
  `field_quote` text COLLATE utf8_unicode_ci,
  `field_quoteName` text COLLATE utf8_unicode_ci,
  `field_quotePosition` text COLLATE utf8_unicode_ci,
  `field_secondQuote` text COLLATE utf8_unicode_ci,
  `field_secondQuoteName` text COLLATE utf8_unicode_ci,
  `field_secondQuotePosition` text COLLATE utf8_unicode_ci,
  `field_firstHeading` text COLLATE utf8_unicode_ci,
  `field_secondHeading` text COLLATE utf8_unicode_ci,
  `field_thirdHeading` text COLLATE utf8_unicode_ci,
  `field_thirdParagraph` text COLLATE utf8_unicode_ci,
  `field_contactList` text COLLATE utf8_unicode_ci,
  `field_email` text COLLATE utf8_unicode_ci,
  `field_telephone` text COLLATE utf8_unicode_ci,
  `field_address` text COLLATE utf8_unicode_ci,
  `dateCreated` datetime NOT NULL,
  `dateUpdated` datetime NOT NULL,
  `uid` char(36) COLLATE utf8_unicode_ci NOT NULL DEFAULT '0',
  PRIMARY KEY (`id`),
  UNIQUE KEY `craft_content_elementId_locale_unq_idx` (`elementId`,`locale`),
  KEY `craft_content_title_idx` (`title`),
  KEY `craft_content_locale_fk` (`locale`)
) ENGINE=InnoDB AUTO_INCREMENT=602 DEFAULT CHARSET=utf8 COLLATE=utf8_unicode_ci;

--
-- Data for table `craft_content`
--

INSERT INTO `craft_content` (`id`, `elementId`, `locale`, `title`, `field_body`, `field_ajaMembershipNo`, `field_arbMembershipNo`, `field_ribaMembershipNo`, `field_phoneNumber`, `field_personalProfile`, `field_facebookLink`, `field_twitterLink`, `field_instagramLink`, `field_linkedinLink`, `field_pinterestLink`, `field_companyWebsite`, `field_company`, `field_location`, `field_website`, `field_architect`, `field_abstract`, `field_leadingParagraph`, `field_youtubeUrl`, `field_quote`, `field_quoteName`, `field_quotePosition`, `field_secondQuote`, `field_secondQuoteName`, `field_secondQuotePosition`, `field_firstHeading`, `field_secondHeading`, `field_thirdHeading`, `field_thirdParagraph`, `field_contactList`, `field_email`, `field_telephone`, `field_address`, `dateCreated`, `dateUpdated`, `uid`) VALUES
 ('1', '1', 'en_gb', NULL, NULL, 'aja', 'arb', 'riba', '123', 'fff', 'b', 'th', 'v', 'd', 'a', 'companyf', NULL, NULL, NULL, NULL, NULL, NULL, NULL, NULL, NULL, NULL, NULL, NULL, NULL, NULL, NULL, NULL, NULL, NULL, NULL, NULL, NULL, '2018-01-18 10:53:34', '2018-04-27 10:31:21', '076c7d8b-3971-4eb6-b6b6-22fbd634c6da'),
 ('2', '2', 'en_gb', 'AJA', '<p>It’s true, this site doesn’t have a whole lot of content yet, but don’t worry. Our web developers have just installed the CMS, and they’re setting things up for the content editors this very moment. Soon Localhost will be an oasis of fresh perspectives, sharp analyses, and astute opinions that will keep you coming back again and again.</p>', NULL, NULL, NULL, NULL, NULL, NULL, NULL, NULL, NULL, NULL, NULL, NULL, NULL, NULL, NULL, NULL, NULL, NULL, NULL, NULL, NULL, NULL, NULL, NULL, 'Promoting local architects working to global standards.', 'Whether altering, extending or building new, you want high quality results and value for money, so consult a local Jersey Architect who will share these concerns and seek to achieve your objectives.', 'Altering, extending or building? Consult a local Jersey Architect', '<p>The title ‘Architect’ is legally protected by statue and may only be used by fully trained and qualified persons, registered to that effect. Members of the Association of Jersey Architects are registered with the Royal Court. They are also registered with the ‘Architects Registration Board’ of the United Kingdom, bound by ARB’s Standards of Conduct, and/or RIBA Chartered Architect members of the ‘Royal Institute of British Architects’, bound by the RIBA Code of Conduct. Their members are required to carry Professional Indemnity Insurance to a value commensurate with size of projects they undertake, protecting you as their Client. Undertakings using terms such as ‘Architectural Consultants’ or ‘Planning Consultants’ may not have qualified staff in control of the Firm, allowing them to use the legally protected title of ‘Architect’ and may not carry Professional Indemnity Insurance. For reliable, realistic advice with assurance of Professional Indemnity cover contact a fully qualified Jersey Architect’s Practice listed inside this leaflet.</p>', NULL, NULL, NULL, NULL, '2018-01-18 10:53:40', '2018-07-11 08:59:12', '22ed35e7-9599-4461-a76f-0d5250d8a878'),
 ('4', '4', 'en_gb', 'Example project 1', NULL, NULL, NULL, NULL, NULL, NULL, NULL, NULL, NULL, NULL, NULL, NULL, 'Godel Architects', 'St Peter, Jersey', 'www.godelarchitects.com', 'John smitg', 'Lorem ipsum dolor sit amet, consectetuer adipiscing elit, sed diam nonummy nibh euismod tincidunt ut laoreet dolore magna aliquam erat volutpat. Ut wisi enim ad minim', NULL, '', '', '', '', '', '', '', NULL, NULL, NULL, NULL, NULL, NULL, NULL, NULL, '2018-01-26 15:51:25', '2018-05-02 08:51:22', '15531b07-3247-4bb6-b394-ca9d65197d4a'),
 ('6', '6', 'en_gb', 'Proj1', NULL, NULL, NULL, NULL, NULL, NULL, NULL, NULL, NULL, NULL, NULL, NULL, NULL, NULL, NULL, NULL, NULL, NULL, NULL, NULL, NULL, NULL, NULL, NULL, NULL, NULL, NULL, NULL, NULL, NULL, NULL, NULL, NULL, '2018-01-30 11:17:18', '2018-03-05 16:17:22', 'd6d58bd8-bc18-4409-9591-d8204d27708f'),
 ('9', '9', 'en_gb', 'Untitled 2', NULL, NULL, NULL, NULL, NULL, NULL, NULL, NULL, NULL, NULL, NULL, NULL, NULL, NULL, NULL, NULL, NULL, NULL, NULL, NULL, NULL, NULL, NULL, NULL, NULL, NULL, NULL, NULL, NULL, NULL, NULL, NULL, NULL, '2018-01-30 12:32:33', '2018-03-05 16:17:21', '1abc7863-4607-4ab0-9b47-83d992fd7508'),
 ('10', '10', 'en_gb', 'Untitled 3', NULL, NULL, NULL, NULL, NULL, NULL, NULL, NULL, NULL, NULL, NULL, NULL, NULL, NULL, NULL, NULL, NULL, NULL, NULL, NULL, NULL, NULL, NULL, NULL, NULL, NULL, NULL, NULL, NULL, NULL, NULL, NULL, NULL, '2018-01-30 12:32:33', '2018-03-05 16:17:21', '73a27340-16c6-41e7-b334-455c2feee9c3'),
 ('17', '18', 'en_gb', 'Thumb', NULL, NULL, NULL, NULL, NULL, NULL, NULL, NULL, NULL, NULL, NULL, NULL, NULL, NULL, NULL, NULL, NULL, NULL, NULL, NULL, NULL, NULL, NULL, NULL, NULL, NULL, NULL, NULL, NULL, NULL, NULL, NULL, NULL, '2018-01-30 13:31:15', '2018-03-05 16:17:22', '7a75b452-1dab-4afa-ada4-add716b3e2a0'),
 ('18', '19', 'en_gb', 'Thumb2', NULL, NULL, NULL, NULL, NULL, NULL, NULL, NULL, NULL, NULL, NULL, NULL, NULL, NULL, NULL, NULL, NULL, NULL, NULL, NULL, NULL, NULL, NULL, NULL, NULL, NULL, NULL, NULL, NULL, NULL, NULL, NULL, NULL, '2018-01-30 13:31:15', '2018-03-05 16:17:22', '743da390-b4b1-4c9c-a718-abd728f6bb15'),
 ('19', '20', 'en_gb', 'Untitled 1', NULL, NULL, NULL, NULL, NULL, NULL, NULL, NULL, NULL, NULL, NULL, NULL, NULL, NULL, NULL, NULL, NULL, NULL, NULL, NULL, NULL, NULL, NULL, NULL, NULL, NULL, NULL, NULL, NULL, NULL, NULL, NULL, NULL, '2018-01-30 13:31:15', '2018-03-05 16:17:21', '5e388166-f271-463b-9ea3-edc08f7bc3d9'),
 ('28', '29', 'en_gb', 'Thumbt', NULL, NULL, NULL, NULL, NULL, NULL, NULL, NULL, NULL, NULL, NULL, NULL, NULL, NULL, NULL, NULL, NULL, NULL, NULL, NULL, NULL, NULL, NULL, NULL, NULL, NULL, NULL, NULL, NULL, NULL, NULL, NULL, NULL, '2018-01-30 13:33:23', '2018-03-05 16:17:22', '0218118c-a8f8-4f86-a478-8515236c5057'),
 ('29', '30', 'en_gb', 'Untitled 1F', NULL, NULL, NULL, NULL, NULL, NULL, NULL, NULL, NULL, NULL, NULL, NULL, NULL, NULL, NULL, NULL, NULL, NULL, NULL, NULL, NULL, NULL, NULL, NULL, NULL, NULL, NULL, NULL, NULL, NULL, NULL, NULL, NULL, '2018-01-30 13:33:23', '2018-03-05 16:17:21', 'e75a62f6-d9d3-4242-b7b8-d4e249e390ae'),
 ('34', '38', 'en_gb', 'Night', NULL, NULL, NULL, NULL, NULL, NULL, NULL, NULL, NULL, NULL, NULL, NULL, NULL, NULL, NULL, NULL, NULL, NULL, NULL, NULL, NULL, NULL, NULL, NULL, NULL, NULL, NULL, NULL, NULL, NULL, NULL, NULL, NULL, '2018-01-30 16:43:39', '2018-03-05 16:17:21', '21a2bdab-1aa4-424f-b82c-f641f1f9536e'),
 ('227', '250', 'en_gb', 'Example Slide 1', NULL, NULL, NULL, NULL, NULL, NULL, NULL, NULL, NULL, NULL, NULL, NULL, NULL, NULL, NULL, NULL, NULL, NULL, NULL, NULL, NULL, NULL, NULL, NULL, NULL, NULL, NULL, NULL, NULL, NULL, NULL, NULL, NULL, '2018-02-14 11:02:52', '2018-03-05 16:17:22', '89553f1d-9e00-4ad3-a201-bc15c904122c'),
 ('288', '311', 'en_gb', 'Example', NULL, NULL, NULL, NULL, NULL, NULL, NULL, NULL, NULL, NULL, NULL, NULL, NULL, NULL, NULL, NULL, NULL, NULL, NULL, NULL, NULL, NULL, NULL, NULL, NULL, NULL, NULL, NULL, NULL, NULL, NULL, NULL, NULL, '2018-02-21 16:09:42', '2018-02-21 16:09:42', '116ef4d9-f350-4324-81d0-b5350cb50707'),
 ('295', '319', 'en_gb', 'Defaultuserphoto', NULL, NULL, NULL, NULL, NULL, NULL, NULL, NULL, NULL, NULL, NULL, NULL, NULL, NULL, NULL, NULL, NULL, NULL, NULL, NULL, NULL, NULL, NULL, NULL, NULL, NULL, NULL, NULL, NULL, NULL, NULL, NULL, NULL, '2018-02-21 17:09:25', '2018-02-21 17:09:25', 'b371238f-8d9f-4eda-bee1-82d883f6622b'),
 ('296', '320', 'en_gb', 'Defaultuserphoto', NULL, NULL, NULL, NULL, NULL, NULL, NULL, NULL, NULL, NULL, NULL, NULL, NULL, NULL, NULL, NULL, NULL, NULL, NULL, NULL, NULL, NULL, NULL, NULL, NULL, NULL, NULL, NULL, NULL, NULL, NULL, NULL, NULL, '2018-02-21 17:15:40', '2018-03-05 16:17:21', '133856dd-59f5-43c2-8c87-c77eb9a6999c'),
 ('299', '323', 'en_gb', 'Proj1', NULL, NULL, NULL, NULL, NULL, NULL, NULL, NULL, NULL, NULL, NULL, NULL, NULL, NULL, NULL, NULL, NULL, NULL, NULL, NULL, NULL, NULL, NULL, NULL, NULL, NULL, NULL, NULL, NULL, NULL, NULL, NULL, NULL, '2018-02-22 09:18:14', '2018-03-05 16:17:23', '435fd5b9-f31d-4873-b356-fd161d463498'),
 ('300', '324', 'en_gb', 'Proj1', NULL, NULL, NULL, NULL, NULL, NULL, NULL, NULL, NULL, NULL, NULL, NULL, NULL, NULL, NULL, NULL, NULL, NULL, NULL, NULL, NULL, NULL, NULL, NULL, NULL, NULL, NULL, NULL, NULL, NULL, NULL, NULL, NULL, '2018-02-22 09:47:32', '2018-02-22 09:47:32', '2dd0be1d-0bf3-4b12-8a1a-8d4ac7a724c7'),
 ('301', '325', 'en_gb', 'Proj1', NULL, NULL, NULL, NULL, NULL, NULL, NULL, NULL, NULL, NULL, NULL, NULL, NULL, NULL, NULL, NULL, NULL, NULL, NULL, NULL, NULL, NULL, NULL, NULL, NULL, NULL, NULL, NULL, NULL, NULL, NULL, NULL, NULL, '2018-02-22 09:51:14', '2018-03-05 16:17:21', 'a95f82ac-ba92-4253-9022-ee38b40353de'),
 ('302', '326', 'en_gb', NULL, NULL, 'f', 'f', 'f', '', 'Justin Gallaher BA (Hons) Dip Arch RIBA Justin gained his qualification as a chartered architect in 2000.  In between his studies at Brighton University, he spent some of his training practical experience working for an architectural firm in Huntsville, Alabama.  This work varied from University campus projects, Space Craft Inc. factories to the 2006 Atlanta Olympic Hockey stadium. Since joining Gallaher Architects full time, Justin became a director in 2007 when the practice changed to a limited company from Hewitt Gallaher Partnership to Gallaher Architects Ltd.', '', '', '', '', '', '', NULL, NULL, NULL, NULL, NULL, NULL, NULL, NULL, NULL, NULL, NULL, NULL, NULL, NULL, NULL, NULL, NULL, NULL, NULL, NULL, NULL, '2018-02-22 11:53:34', '2018-04-23 13:45:28', '587288d6-d9d1-458c-a06b-38825360447c'),
 ('303', '327', 'en_gb', '46C2373 Default Skin', NULL, NULL, NULL, NULL, NULL, NULL, NULL, NULL, NULL, NULL, NULL, NULL, NULL, NULL, NULL, NULL, NULL, NULL, NULL, NULL, NULL, NULL, NULL, NULL, NULL, NULL, NULL, NULL, NULL, NULL, NULL, NULL, NULL, '2018-02-22 13:52:54', '2018-03-05 16:17:16', 'db57ad91-7700-4524-9fce-1a05fe1c077f'),
 ('312', '336', 'en_gb', 'Ezgif Com Optimize', NULL, NULL, NULL, NULL, NULL, NULL, NULL, NULL, NULL, NULL, NULL, NULL, NULL, NULL, NULL, NULL, NULL, NULL, NULL, NULL, NULL, NULL, NULL, NULL, NULL, NULL, NULL, NULL, NULL, NULL, NULL, NULL, NULL, '2018-02-22 14:12:56', '2018-02-22 14:12:56', '718628d4-80f7-4097-b521-388527e887fc'),
 ('314', '338', 'en_gb', '99956Ba  Justin  Gallaher', NULL, NULL, NULL, NULL, NULL, NULL, NULL, NULL, NULL, NULL, NULL, NULL, NULL, NULL, NULL, NULL, NULL, NULL, NULL, NULL, NULL, NULL, NULL, NULL, NULL, NULL, NULL, NULL, NULL, NULL, NULL, NULL, NULL, '2018-02-22 14:13:48', '2018-03-05 16:17:24', 'd741130d-2b05-4d89-a739-e5cf1d9947c1'),
 ('315', '339', 'en_gb', 'Robert Bar', NULL, NULL, NULL, NULL, NULL, NULL, NULL, NULL, NULL, NULL, NULL, NULL, NULL, NULL, NULL, NULL, NULL, NULL, NULL, NULL, NULL, NULL, NULL, NULL, NULL, NULL, NULL, NULL, NULL, NULL, NULL, NULL, NULL, '2018-02-22 14:13:55', '2018-03-05 16:17:24', '600b48f7-c986-4035-8b19-44603b125e82'),
 ('317', '341', 'en_gb', 'Example', NULL, NULL, NULL, NULL, NULL, NULL, NULL, NULL, NULL, NULL, NULL, NULL, NULL, NULL, NULL, NULL, NULL, NULL, NULL, NULL, NULL, NULL, NULL, NULL, NULL, NULL, NULL, NULL, NULL, NULL, NULL, NULL, NULL, '2018-02-23 09:46:45', '2018-03-05 16:17:24', 'e4050aaf-b1b7-4542-8009-6efa3e365667'),
 ('319', '343', 'en_gb', '8Cba771  Justin  Gallaher', NULL, NULL, NULL, NULL, NULL, NULL, NULL, NULL, NULL, NULL, NULL, NULL, NULL, NULL, NULL, NULL, NULL, NULL, NULL, NULL, NULL, NULL, NULL, NULL, NULL, NULL, NULL, NULL, NULL, NULL, NULL, NULL, NULL, '2018-02-23 10:26:07', '2018-03-05 16:17:18', 'a9cc6de2-4bf3-4ce4-b079-9890f38feaeb'),
 ('320', '344', 'en_gb', 'Defaultuserphoto', NULL, NULL, NULL, NULL, NULL, NULL, NULL, NULL, NULL, NULL, NULL, NULL, NULL, NULL, NULL, NULL, NULL, NULL, NULL, NULL, NULL, NULL, NULL, NULL, NULL, NULL, NULL, NULL, NULL, NULL, NULL, NULL, NULL, '2018-02-23 10:27:15', '2018-03-05 16:17:19', '60b64695-c100-4a27-91eb-7a3d8e91d7e1'),
 ('322', '346', 'en_gb', '2D126B5  Justin  Gallaher', NULL, NULL, NULL, NULL, NULL, NULL, NULL, NULL, NULL, NULL, NULL, NULL, NULL, NULL, NULL, NULL, NULL, NULL, NULL, NULL, NULL, NULL, NULL, NULL, NULL, NULL, NULL, NULL, NULL, NULL, NULL, NULL, NULL, '2018-02-23 10:38:49', '2018-03-05 16:17:18', 'b711563d-aca8-446f-9b0c-666d5dd54776'),
 ('323', '347', 'en_gb', 'Justin Gallaher', NULL, NULL, NULL, NULL, NULL, NULL, NULL, NULL, NULL, NULL, NULL, NULL, NULL, NULL, NULL, NULL, NULL, NULL, NULL, NULL, NULL, NULL, NULL, NULL, NULL, NULL, NULL, NULL, NULL, NULL, NULL, NULL, NULL, '2018-02-23 10:39:03', '2018-03-05 16:17:18', '5b71c028-8e24-43a6-9031-87b8e5878215'),
 ('325', '349', 'en_gb', '3F299Da  Justin  Gallaher', NULL, NULL, NULL, NULL, NULL, NULL, NULL, NULL, NULL, NULL, NULL, NULL, NULL, NULL, NULL, NULL, NULL, NULL, NULL, NULL, NULL, NULL, NULL, NULL, NULL, NULL, NULL, NULL, NULL, NULL, NULL, NULL, NULL, '2018-02-23 16:15:22', '2018-03-05 16:17:15', '993760b4-a35f-4726-be6f-727b092e6406'),
 ('326', '350', 'en_gb', '94Fd296  Justin  Gallaher', NULL, NULL, NULL, NULL, NULL, NULL, NULL, NULL, NULL, NULL, NULL, NULL, NULL, NULL, NULL, NULL, NULL, NULL, NULL, NULL, NULL, NULL, NULL, NULL, NULL, NULL, NULL, NULL, NULL, NULL, NULL, NULL, NULL, '2018-02-23 16:15:35', '2018-03-05 16:17:17', '91af1f0b-0ac3-47ce-9f1a-980436a21aae'),
 ('327', '351', 'en_gb', '0364039  Justin  Gallaher', NULL, NULL, NULL, NULL, NULL, NULL, NULL, NULL, NULL, NULL, NULL, NULL, NULL, NULL, NULL, NULL, NULL, NULL, NULL, NULL, NULL, NULL, NULL, NULL, NULL, NULL, NULL, NULL, NULL, NULL, NULL, NULL, NULL, '2018-02-23 16:16:12', '2018-03-05 16:17:24', '8562905f-a838-47cf-8326-896fc6371222'),
 ('328', '352', 'en_gb', 'B7300C6  Justin  Gallaher', NULL, NULL, NULL, NULL, NULL, NULL, NULL, NULL, NULL, NULL, NULL, NULL, NULL, NULL, NULL, NULL, NULL, NULL, NULL, NULL, NULL, NULL, NULL, NULL, NULL, NULL, NULL, NULL, NULL, NULL, NULL, NULL, NULL, '2018-02-23 16:16:15', '2018-03-05 16:17:19', '2c6c7bd4-9870-4512-ba1a-3923369ec56a'),
 ('329', '353', 'en_gb', '03D4C3A  Justin  Gallaher', NULL, NULL, NULL, NULL, NULL, NULL, NULL, NULL, NULL, NULL, NULL, NULL, NULL, NULL, NULL, NULL, NULL, NULL, NULL, NULL, NULL, NULL, NULL, NULL, NULL, NULL, NULL, NULL, NULL, NULL, NULL, NULL, NULL, '2018-02-23 16:16:17', '2018-03-05 16:17:15', '4dcb7fd9-c87a-47f2-a531-d0042513cc4b'),
 ('330', '354', 'en_gb', 'Justin Gallaher', NULL, NULL, NULL, NULL, NULL, NULL, NULL, NULL, NULL, NULL, NULL, NULL, NULL, NULL, NULL, NULL, NULL, NULL, NULL, NULL, NULL, NULL, NULL, NULL, NULL, NULL, NULL, NULL, NULL, NULL, NULL, NULL, NULL, '2018-02-23 16:16:18', '2018-03-05 16:17:24', '39bdae01-91a8-4fe6-aee5-279aa75b7d00'),
 ('332', '356', 'en_gb', 'Da85D79  Robert Bar', NULL, NULL, NULL, NULL, NULL, NULL, NULL, NULL, NULL, NULL, NULL, NULL, NULL, NULL, NULL, NULL, NULL, NULL, NULL, NULL, NULL, NULL, NULL, NULL, NULL, NULL, NULL, NULL, NULL, NULL, NULL, NULL, NULL, '2018-02-23 16:44:58', '2018-03-05 16:17:18', '729bbe68-61bd-4620-9382-39cc2ffd2965'),
 ('333', '357', 'en_gb', '877031E  Robert Bar', NULL, NULL, NULL, NULL, NULL, NULL, NULL, NULL, NULL, NULL, NULL, NULL, NULL, NULL, NULL, NULL, NULL, NULL, NULL, NULL, NULL, NULL, NULL, NULL, NULL, NULL, NULL, NULL, NULL, NULL, NULL, NULL, NULL, '2018-02-23 16:45:05', '2018-03-05 16:17:17', '73a791a6-d439-46ec-a50c-ff06e25df3ca'),
 ('334', '358', 'en_gb', 'Robert Bar', NULL, NULL, NULL, NULL, NULL, NULL, NULL, NULL, NULL, NULL, NULL, NULL, NULL, NULL, NULL, NULL, NULL, NULL, NULL, NULL, NULL, NULL, NULL, NULL, NULL, NULL, NULL, NULL, NULL, NULL, NULL, NULL, NULL, '2018-02-23 16:45:09', '2018-03-05 16:17:18', '89b5b71e-223d-439d-b389-6bdc24a508d9'),
 ('336', '360', 'en_gb', '1F68A86  Bright 1519639355286', NULL, NULL, NULL, NULL, NULL, NULL, NULL, NULL, NULL, NULL, NULL, NULL, NULL, NULL, NULL, NULL, NULL, NULL, NULL, NULL, NULL, NULL, NULL, NULL, NULL, NULL, NULL, NULL, NULL, NULL, NULL, NULL, NULL, '2018-02-26 11:11:44', '2018-02-26 11:11:44', '43558e79-3719-4707-ba17-5bdd7bd0fe91'),
 ('337', '361', 'en_gb', 'B8E59C7  Bright 1519639355286', NULL, NULL, NULL, NULL, NULL, NULL, NULL, NULL, NULL, NULL, NULL, NULL, NULL, NULL, NULL, NULL, NULL, NULL, NULL, NULL, NULL, NULL, NULL, NULL, NULL, NULL, NULL, NULL, NULL, NULL, NULL, NULL, NULL, '2018-02-26 11:11:46', '2018-02-26 11:11:46', 'd9b4eef8-7bb8-4c84-9611-27297e7db1c2'),
 ('346', '370', 'en_gb', 'Justin Gallaher', NULL, NULL, NULL, NULL, NULL, NULL, NULL, NULL, NULL, NULL, NULL, NULL, NULL, NULL, NULL, NULL, NULL, NULL, NULL, NULL, NULL, NULL, NULL, NULL, NULL, NULL, NULL, NULL, NULL, NULL, NULL, NULL, NULL, '2018-02-26 16:39:39', '2018-03-05 16:17:19', '64afeba7-f0b0-49d2-aafc-a459798d30c3'),
 ('347', '371', 'en_gb', 'Testtesttest', NULL, NULL, NULL, NULL, NULL, NULL, NULL, NULL, NULL, NULL, NULL, NULL, NULL, NULL, NULL, NULL, NULL, NULL, NULL, NULL, NULL, NULL, NULL, NULL, NULL, NULL, NULL, NULL, NULL, NULL, NULL, NULL, NULL, '2018-02-27 13:19:40', '2018-03-05 16:17:21', '6ddca33a-573f-4252-831e-7c63228e93ad'),
 ('348', '372', 'en_gb', 'Cacc01B Grey Text', NULL, NULL, NULL, NULL, NULL, NULL, NULL, NULL, NULL, NULL, NULL, NULL, NULL, NULL, NULL, NULL, NULL, NULL, NULL, NULL, NULL, NULL, NULL, NULL, NULL, NULL, NULL, NULL, NULL, NULL, NULL, NULL, NULL, '2018-02-27 15:50:23', '2018-03-05 16:17:20', '6bfb8911-e93b-4ad3-8bd0-db2454921d87'),
 ('349', '373', 'en_gb', '63Af28B House', NULL, NULL, NULL, NULL, NULL, NULL, NULL, NULL, NULL, NULL, NULL, NULL, NULL, NULL, NULL, NULL, NULL, NULL, NULL, NULL, NULL, NULL, NULL, NULL, NULL, NULL, NULL, NULL, NULL, NULL, NULL, NULL, NULL, '2018-02-27 15:50:27', '2018-03-05 16:17:16', 'addc5596-3d7e-40bf-b0b1-e3bb2b8ecb80'),
 ('350', '374', 'en_gb', '74Ac968 Grey Text', NULL, NULL, NULL, NULL, NULL, NULL, NULL, NULL, NULL, NULL, NULL, NULL, NULL, NULL, NULL, NULL, NULL, NULL, NULL, NULL, NULL, NULL, NULL, NULL, NULL, NULL, NULL, NULL, NULL, NULL, NULL, NULL, NULL, '2018-02-27 15:50:30', '2018-03-05 16:17:17', '25f32135-8fbf-4643-bede-5dbc72959351'),
 ('351', '375', 'en_gb', '73Ae604 Grey Text', NULL, NULL, NULL, NULL, NULL, NULL, NULL, NULL, NULL, NULL, NULL, NULL, NULL, NULL, NULL, NULL, NULL, NULL, NULL, NULL, NULL, NULL, NULL, NULL, NULL, NULL, NULL, NULL, NULL, NULL, NULL, NULL, NULL, '2018-02-27 15:51:34', '2018-03-05 16:17:16', 'de26e10d-4054-4352-b98e-f3abfe8335a5'),
 ('354', '378', 'en_gb', '00Dfc91 Grey Text', NULL, NULL, NULL, NULL, NULL, NULL, NULL, NULL, NULL, NULL, NULL, NULL, NULL, NULL, NULL, NULL, NULL, NULL, NULL, NULL, NULL, NULL, NULL, NULL, NULL, NULL, NULL, NULL, NULL, NULL, NULL, NULL, NULL, '2018-02-27 15:51:47', '2018-03-05 16:17:14', 'f9757790-cf5f-4117-b06c-0a41a1a6ce32'),
 ('355', '379', 'en_gb', 'D65E602 House', NULL, NULL, NULL, NULL, NULL, NULL, NULL, NULL, NULL, NULL, NULL, NULL, NULL, NULL, NULL, NULL, NULL, NULL, NULL, NULL, NULL, NULL, NULL, NULL, NULL, NULL, NULL, NULL, NULL, NULL, NULL, NULL, NULL, '2018-02-27 16:03:47', '2018-03-05 16:17:20', '489dd1aa-562f-48c3-9b7a-28f8479401d3'),
 ('356', '380', 'en_gb', 'A6Dd58F House', NULL, NULL, NULL, NULL, NULL, NULL, NULL, NULL, NULL, NULL, NULL, NULL, NULL, NULL, NULL, NULL, NULL, NULL, NULL, NULL, NULL, NULL, NULL, NULL, NULL, NULL, NULL, NULL, NULL, NULL, NULL, NULL, NULL, '2018-02-27 16:04:39', '2018-03-05 16:17:18', '6152be45-3c20-4409-afb4-f817e19bb897'),
 ('357', '381', 'en_gb', '95B2Ad6 House', NULL, NULL, NULL, NULL, NULL, NULL, NULL, NULL, NULL, NULL, NULL, NULL, NULL, NULL, NULL, NULL, NULL, NULL, NULL, NULL, NULL, NULL, NULL, NULL, NULL, NULL, NULL, NULL, NULL, NULL, NULL, NULL, NULL, '2018-02-27 16:05:14', '2018-03-05 16:17:18', 'd14eca03-fd92-4164-aced-e08a70942086'),
 ('358', '382', 'en_gb', 'E3A6Fb8 House', NULL, NULL, NULL, NULL, NULL, NULL, NULL, NULL, NULL, NULL, NULL, NULL, NULL, NULL, NULL, NULL, NULL, NULL, NULL, NULL, NULL, NULL, NULL, NULL, NULL, NULL, NULL, NULL, NULL, NULL, NULL, NULL, NULL, '2018-02-27 16:05:25', '2018-03-05 16:17:21', '54352084-c4f0-41dc-9eb0-2475a025fd36'),
 ('360', '384', 'en_gb', '7Fcf396 Defaultuserphoto', NULL, NULL, NULL, NULL, NULL, NULL, NULL, NULL, NULL, NULL, NULL, NULL, NULL, NULL, NULL, NULL, NULL, NULL, NULL, NULL, NULL, NULL, NULL, NULL, NULL, NULL, NULL, NULL, NULL, NULL, NULL, NULL, NULL, '2018-02-27 16:12:17', '2018-03-05 16:17:17', '69cec397-ff24-417f-9b0f-8f26963510c4'),
 ('361', '385', 'en_gb', 'F391C87 Grey Text', NULL, NULL, NULL, NULL, NULL, NULL, NULL, NULL, NULL, NULL, NULL, NULL, NULL, NULL, NULL, NULL, NULL, NULL, NULL, NULL, NULL, NULL, NULL, NULL, NULL, NULL, NULL, NULL, NULL, NULL, NULL, NULL, NULL, '2018-02-27 16:12:17', '2018-03-05 16:17:22', 'd3cbcb10-f510-4eec-a042-9d43eb0a9102'),
 ('363', '387', 'en_gb', '88Be340 Defaultuserphoto', NULL, NULL, NULL, NULL, NULL, NULL, NULL, NULL, NULL, NULL, NULL, NULL, NULL, NULL, NULL, NULL, NULL, NULL, NULL, NULL, NULL, NULL, NULL, NULL, NULL, NULL, NULL, NULL, NULL, NULL, NULL, NULL, NULL, '2018-02-27 16:12:54', '2018-03-05 16:17:17', '9fe40320-f2e9-4501-afa6-1ac715e0d787'),
 ('364', '388', 'en_gb', '0Be89Bd Grey Text', NULL, NULL, NULL, NULL, NULL, NULL, NULL, NULL, NULL, NULL, NULL, NULL, NULL, NULL, NULL, NULL, NULL, NULL, NULL, NULL, NULL, NULL, NULL, NULL, NULL, NULL, NULL, NULL, NULL, NULL, NULL, NULL, NULL, '2018-02-27 16:12:54', '2018-03-05 16:17:15', 'a0ba1c3c-19a0-45a8-bf02-deb84853bd9f'),
 ('365', '389', 'en_gb', '3B91Adf Key', NULL, NULL, NULL, NULL, NULL, NULL, NULL, NULL, NULL, NULL, NULL, NULL, NULL, NULL, NULL, NULL, NULL, NULL, NULL, NULL, NULL, NULL, NULL, NULL, NULL, NULL, NULL, NULL, NULL, NULL, NULL, NULL, NULL, '2018-02-27 16:12:54', '2018-03-05 16:17:15', '3cbd122d-08cc-410c-9822-e866bdc4e67e'),
 ('366', '390', 'en_gb', '8Be0521 Defaultuserphoto', NULL, NULL, NULL, NULL, NULL, NULL, NULL, NULL, NULL, NULL, NULL, NULL, NULL, NULL, NULL, NULL, NULL, NULL, NULL, NULL, NULL, NULL, NULL, NULL, NULL, NULL, NULL, NULL, NULL, NULL, NULL, NULL, NULL, '2018-02-27 16:13:23', '2018-03-05 16:17:17', '84a20d0b-6474-4bb5-ac86-3564e37c4927'),
 ('367', '391', 'en_gb', 'Eb8B7D1 Grey Text', NULL, NULL, NULL, NULL, NULL, NULL, NULL, NULL, NULL, NULL, NULL, NULL, NULL, NULL, NULL, NULL, NULL, NULL, NULL, NULL, NULL, NULL, NULL, NULL, NULL, NULL, NULL, NULL, NULL, NULL, NULL, NULL, NULL, '2018-02-27 16:13:24', '2018-03-05 16:17:21', '16f9ebeb-ff3c-4047-a187-a57481843dec'),
 ('369', '393', 'en_gb', 'Aac62Cb Defaultuserphoto', NULL, NULL, NULL, NULL, NULL, NULL, NULL, NULL, NULL, NULL, NULL, NULL, NULL, NULL, NULL, NULL, NULL, NULL, NULL, NULL, NULL, NULL, NULL, NULL, NULL, NULL, NULL, NULL, NULL, NULL, NULL, NULL, NULL, '2018-02-27 16:18:34', '2018-03-05 16:17:19', '544a3293-8fb8-41a9-9730-3fdc41604365'),
 ('370', '394', 'en_gb', '8A3A74E Grey Text', NULL, NULL, NULL, NULL, NULL, NULL, NULL, NULL, NULL, NULL, NULL, NULL, NULL, NULL, NULL, NULL, NULL, NULL, NULL, NULL, NULL, NULL, NULL, NULL, NULL, NULL, NULL, NULL, NULL, NULL, NULL, NULL, NULL, '2018-02-27 16:18:34', '2018-03-05 16:17:17', '8fc104e4-bd11-4ce1-857e-c8774be5dccd'),
 ('372', '396', 'en_gb', '8397C66 Defaultuserphoto', NULL, NULL, NULL, NULL, NULL, NULL, NULL, NULL, NULL, NULL, NULL, NULL, NULL, NULL, NULL, NULL, NULL, NULL, NULL, NULL, NULL, NULL, NULL, NULL, NULL, NULL, NULL, NULL, NULL, NULL, NULL, NULL, NULL, '2018-02-27 16:19:29', '2018-03-05 16:17:17', 'af9be198-d155-4533-8c56-91efd7bd8635'),
 ('373', '397', 'en_gb', 'Add59D3 Grey Text', NULL, NULL, NULL, NULL, NULL, NULL, NULL, NULL, NULL, NULL, NULL, NULL, NULL, NULL, NULL, NULL, NULL, NULL, NULL, NULL, NULL, NULL, NULL, NULL, NULL, NULL, NULL, NULL, NULL, NULL, NULL, NULL, NULL, '2018-02-27 16:19:29', '2018-03-05 16:17:19', '841d2e65-bf93-46b4-a056-314c613db64b'),
 ('374', '398', 'en_gb', '893Ca75 Key', NULL, NULL, NULL, NULL, NULL, NULL, NULL, NULL, NULL, NULL, NULL, NULL, NULL, NULL, NULL, NULL, NULL, NULL, NULL, NULL, NULL, NULL, NULL, NULL, NULL, NULL, NULL, NULL, NULL, NULL, NULL, NULL, NULL, '2018-02-27 16:19:29', '2018-03-05 16:17:17', 'f9d6a966-c522-421f-ba6e-8f511c730283'),
 ('376', '400', 'en_gb', 'B231Bba Grey Text', NULL, NULL, NULL, NULL, NULL, NULL, NULL, NULL, NULL, NULL, NULL, NULL, NULL, NULL, NULL, NULL, NULL, NULL, NULL, NULL, NULL, NULL, NULL, NULL, NULL, NULL, NULL, NULL, NULL, NULL, NULL, NULL, NULL, '2018-02-27 16:19:48', '2018-03-05 16:17:19', 'c109f5be-5e2b-42be-8122-f349df5ce0c6'),
 ('385', '409', 'en_gb', 'Defaultuserphoto', NULL, NULL, NULL, NULL, NULL, NULL, NULL, NULL, NULL, NULL, NULL, NULL, NULL, NULL, NULL, NULL, NULL, NULL, NULL, NULL, NULL, NULL, NULL, NULL, NULL, NULL, NULL, NULL, NULL, NULL, NULL, NULL, NULL, '2018-03-01 10:48:02', '2018-03-05 16:17:24', '5c236839-c6b5-4a88-8734-56a53cfd3c17'),
 ('388', '412', 'en_gb', 'House', NULL, NULL, NULL, NULL, NULL, NULL, NULL, NULL, NULL, NULL, NULL, NULL, NULL, NULL, NULL, NULL, NULL, NULL, NULL, NULL, NULL, NULL, NULL, NULL, NULL, NULL, NULL, NULL, NULL, NULL, NULL, NULL, NULL, '2018-03-01 10:50:27', '2018-03-05 16:17:23', '19f73c02-0275-4754-9079-2ea0d9824f11'),
 ('390', '414', 'en_gb', '7329Bae  Justin  Gallaher', NULL, NULL, NULL, NULL, NULL, NULL, NULL, NULL, NULL, NULL, NULL, NULL, NULL, NULL, NULL, NULL, NULL, NULL, NULL, NULL, NULL, NULL, NULL, NULL, NULL, NULL, NULL, NULL, NULL, NULL, NULL, NULL, NULL, '2018-03-05 16:01:23', '2018-03-05 16:17:16', '530ad013-0d05-4331-ab7f-b15c9fc50f42'),
 ('391', '415', 'en_gb', '57A5F46  Bright 1519639355286', NULL, NULL, NULL, NULL, NULL, NULL, NULL, NULL, NULL, NULL, NULL, NULL, NULL, NULL, NULL, NULL, NULL, NULL, NULL, NULL, NULL, NULL, NULL, NULL, NULL, NULL, NULL, NULL, NULL, NULL, NULL, NULL, NULL, '2018-03-05 16:02:29', '2018-03-05 16:02:29', 'f90e802d-bd95-4f67-b4cc-317d5f8afc0f'),
 ('392', '416', 'en_gb', 'Bfab748  Bright 1519639355286', NULL, NULL, NULL, NULL, NULL, NULL, NULL, NULL, NULL, NULL, NULL, NULL, NULL, NULL, NULL, NULL, NULL, NULL, NULL, NULL, NULL, NULL, NULL, NULL, NULL, NULL, NULL, NULL, NULL, NULL, NULL, NULL, NULL, '2018-03-05 16:05:37', '2018-03-05 16:05:37', 'd7f55e63-c4bb-4fd8-802b-f1aa807e196d'),
 ('393', '417', 'en_gb', '8D7Caf2  After  Entrance  Hall', NULL, NULL, NULL, NULL, NULL, NULL, NULL, NULL, NULL, NULL, NULL, NULL, NULL, NULL, NULL, NULL, NULL, NULL, NULL, NULL, NULL, NULL, NULL, NULL, NULL, NULL, NULL, NULL, NULL, NULL, NULL, NULL, NULL, '2018-03-05 16:07:01', '2018-03-05 16:17:23', '23fce44d-f66c-47a0-af60-c94ad6d79657'),
 ('394', '418', 'en_gb', 'Ff6Cdb9  After  Garden  View', NULL, NULL, NULL, NULL, NULL, NULL, NULL, NULL, NULL, NULL, NULL, NULL, NULL, NULL, NULL, NULL, NULL, NULL, NULL, NULL, NULL, NULL, NULL, NULL, NULL, NULL, NULL, NULL, NULL, NULL, NULL, NULL, NULL, '2018-03-05 16:07:01', '2018-03-05 16:17:23', '72b6b46b-cb73-4af1-82d8-c4a5de38cdfc'),
 ('395', '419', 'en_gb', '0B21171  After  Front  Elevation', NULL, NULL, NULL, NULL, NULL, NULL, NULL, NULL, NULL, NULL, NULL, NULL, NULL, NULL, NULL, NULL, NULL, NULL, NULL, NULL, NULL, NULL, NULL, NULL, NULL, NULL, NULL, NULL, NULL, NULL, NULL, NULL, NULL, '2018-03-05 16:07:01', '2018-03-05 16:17:22', 'de5500c7-c424-48a5-8857-d140ea7b59f6'),
 ('396', '420', 'en_gb', 'C4Ad654  After  Kitchen', NULL, NULL, NULL, NULL, NULL, NULL, NULL, NULL, NULL, NULL, NULL, NULL, NULL, NULL, NULL, NULL, NULL, NULL, NULL, NULL, NULL, NULL, NULL, NULL, NULL, NULL, NULL, NULL, NULL, NULL, NULL, NULL, NULL, '2018-03-05 16:07:13', '2018-03-05 16:17:20', '100643ae-ce3b-40aa-96df-877549041764'),
 ('397', '421', 'en_gb', 'C86C314  After  Pellet  Boiler', NULL, NULL, NULL, NULL, NULL, NULL, NULL, NULL, NULL, NULL, NULL, NULL, NULL, NULL, NULL, NULL, NULL, NULL, NULL, NULL, NULL, NULL, NULL, NULL, NULL, NULL, NULL, NULL, NULL, NULL, NULL, NULL, NULL, '2018-03-05 16:07:13', '2018-03-05 16:17:20', '53d2bd1c-f962-4bd1-938d-8bea23318375'),
 ('398', '422', 'en_gb', '553756E  After  Master  Bedroom', NULL, NULL, NULL, NULL, NULL, NULL, NULL, NULL, NULL, NULL, NULL, NULL, NULL, NULL, NULL, NULL, NULL, NULL, NULL, NULL, NULL, NULL, NULL, NULL, NULL, NULL, NULL, NULL, NULL, NULL, NULL, NULL, NULL, '2018-03-05 16:07:13', '2018-03-05 16:17:16', 'e3ca14dd-7754-428f-a6a5-d2bac192c959'),
 ('399', '423', 'en_gb', 'Cce4608  After  Staircase', NULL, NULL, NULL, NULL, NULL, NULL, NULL, NULL, NULL, NULL, NULL, NULL, NULL, NULL, NULL, NULL, NULL, NULL, NULL, NULL, NULL, NULL, NULL, NULL, NULL, NULL, NULL, NULL, NULL, NULL, NULL, NULL, NULL, '2018-03-05 16:07:15', '2018-03-05 16:17:20', 'd15ccec9-7c50-4a2c-b4b2-5083862d9ace'),
 ('400', '424', 'en_gb', '0408Ea8  Before  Front  Elevation', NULL, NULL, NULL, NULL, NULL, NULL, NULL, NULL, NULL, NULL, NULL, NULL, NULL, NULL, NULL, NULL, NULL, NULL, NULL, NULL, NULL, NULL, NULL, NULL, NULL, NULL, NULL, NULL, NULL, NULL, NULL, NULL, NULL, '2018-03-05 16:07:15', '2018-03-05 16:17:15', 'caf2a60a-25ba-4c1b-99c7-8662c1328142'),
 ('401', '425', 'en_gb', 'After Dining Room', NULL, NULL, NULL, NULL, NULL, NULL, NULL, NULL, NULL, NULL, NULL, NULL, NULL, NULL, NULL, NULL, NULL, NULL, NULL, NULL, NULL, NULL, NULL, NULL, NULL, NULL, NULL, NULL, NULL, NULL, NULL, NULL, NULL, '2018-03-05 16:07:30', '2018-03-05 16:17:23', 'c935e0ab-7c76-4dc2-ac77-fac7c5ed6ea6'),
 ('403', '427', 'en_gb', 'Ezgif Com Optimize', NULL, NULL, NULL, NULL, NULL, NULL, NULL, NULL, NULL, NULL, NULL, NULL, NULL, NULL, NULL, NULL, NULL, NULL, NULL, NULL, NULL, NULL, NULL, NULL, NULL, NULL, NULL, NULL, NULL, NULL, NULL, NULL, NULL, '2018-03-05 16:17:24', '2018-03-05 16:17:24', '789efcfc-9c62-43dd-b86f-df81204f43b9'),
 ('404', '428', 'en_gb', '683Da37  After  Kitchen', NULL, NULL, NULL, NULL, NULL, NULL, NULL, NULL, NULL, NULL, NULL, NULL, NULL, NULL, NULL, NULL, NULL, NULL, NULL, NULL, NULL, NULL, NULL, NULL, NULL, NULL, NULL, NULL, NULL, NULL, NULL, NULL, NULL, '2018-03-05 16:36:01', '2018-03-05 16:36:01', 'c43824ee-0561-44a3-80d8-4d0b9b28fb22'),
 ('405', '429', 'en_gb', 'Df5921E  During (2)', NULL, NULL, NULL, NULL, NULL, NULL, NULL, NULL, NULL, NULL, NULL, NULL, NULL, NULL, NULL, NULL, NULL, NULL, NULL, NULL, NULL, NULL, NULL, NULL, NULL, NULL, NULL, NULL, NULL, NULL, NULL, NULL, NULL, '2018-03-05 16:45:19', '2018-03-05 16:45:19', '6973e59b-9ace-44c7-9a29-cd0db12e5247'),
 ('406', '430', 'en_gb', 'B904B1B  Before  Front  Elevation', NULL, NULL, NULL, NULL, NULL, NULL, NULL, NULL, NULL, NULL, NULL, NULL, NULL, NULL, NULL, NULL, NULL, NULL, NULL, NULL, NULL, NULL, NULL, NULL, NULL, NULL, NULL, NULL, NULL, NULL, NULL, NULL, NULL, '2018-03-05 16:47:12', '2018-03-05 16:47:12', 'ef00a102-1759-4581-9d30-ce2fdadf5fbe'),
 ('409', '433', 'en_gb', '531Caeb  During (2)', NULL, NULL, NULL, NULL, NULL, NULL, NULL, NULL, NULL, NULL, NULL, NULL, NULL, NULL, NULL, NULL, NULL, NULL, NULL, NULL, NULL, NULL, NULL, NULL, NULL, NULL, NULL, NULL, NULL, NULL, NULL, NULL, NULL, '2018-03-12 13:01:59', '2018-03-12 13:05:10', 'ca81da5f-fbb8-48fb-9974-6e4452360a99'),
 ('410', '434', 'en_gb', '2C40Cbf  After  Dining  Room', NULL, NULL, NULL, NULL, NULL, NULL, NULL, NULL, NULL, NULL, NULL, NULL, NULL, NULL, NULL, NULL, NULL, NULL, NULL, NULL, NULL, NULL, NULL, NULL, NULL, NULL, NULL, NULL, NULL, NULL, NULL, NULL, NULL, '2018-03-12 13:02:24', '2018-03-12 13:02:24', '07387d71-d3d8-4dd9-adc5-8356b3507bf0'),
 ('411', '435', 'en_gb', '91A7Faa  After  Entrance  Hall', NULL, NULL, NULL, NULL, NULL, NULL, NULL, NULL, NULL, NULL, NULL, NULL, NULL, NULL, NULL, NULL, NULL, NULL, NULL, NULL, NULL, NULL, NULL, NULL, NULL, NULL, NULL, NULL, NULL, NULL, NULL, NULL, NULL, '2018-03-12 13:02:24', '2018-03-12 13:02:24', '689088ed-0e37-45fa-927c-24829935d69a'),
 ('412', '436', 'en_gb', '556832C  After  Front  Elevation', NULL, NULL, NULL, NULL, NULL, NULL, NULL, NULL, NULL, NULL, NULL, NULL, NULL, NULL, NULL, NULL, NULL, NULL, NULL, NULL, NULL, NULL, NULL, NULL, NULL, NULL, NULL, NULL, NULL, NULL, NULL, NULL, NULL, '2018-03-12 13:02:24', '2018-03-12 13:02:24', 'e0c352bb-31fc-47fb-828c-e435415dc979'),
 ('413', '437', 'en_gb', 'Bca7954  After  Garden  View', NULL, NULL, NULL, NULL, NULL, NULL, NULL, NULL, NULL, NULL, NULL, NULL, NULL, NULL, NULL, NULL, NULL, NULL, NULL, NULL, NULL, NULL, NULL, NULL, NULL, NULL, NULL, NULL, NULL, NULL, NULL, NULL, NULL, '2018-03-12 13:02:24', '2018-03-12 13:02:24', '96cb659a-a7df-44e5-b1fc-dbed9034bee1'),
 ('414', '438', 'en_gb', '9443979  After  Kitchen', NULL, NULL, NULL, NULL, NULL, NULL, NULL, NULL, NULL, NULL, NULL, NULL, NULL, NULL, NULL, NULL, NULL, NULL, NULL, NULL, NULL, NULL, NULL, NULL, NULL, NULL, NULL, NULL, NULL, NULL, NULL, NULL, NULL, '2018-03-12 13:02:24', '2018-03-12 13:02:24', '1b9e2757-362f-4378-a11b-47dfeaaf18ac'),
 ('415', '439', 'en_gb', 'Af31814  After  Master  Bedroom', NULL, NULL, NULL, NULL, NULL, NULL, NULL, NULL, NULL, NULL, NULL, NULL, NULL, NULL, NULL, NULL, NULL, NULL, NULL, NULL, NULL, NULL, NULL, NULL, NULL, NULL, NULL, NULL, NULL, NULL, NULL, NULL, NULL, '2018-03-12 13:02:24', '2018-03-12 13:02:24', '95a34bfc-3dda-4496-8d8f-ac9460d7006c'),
 ('416', '440', 'en_gb', '0Afc5Dc  After  Pellet  Boiler', NULL, NULL, NULL, NULL, NULL, NULL, NULL, NULL, NULL, NULL, NULL, NULL, NULL, NULL, NULL, NULL, NULL, NULL, NULL, NULL, NULL, NULL, NULL, NULL, NULL, NULL, NULL, NULL, NULL, NULL, NULL, NULL, NULL, '2018-03-12 13:02:24', '2018-03-12 13:02:24', '7efae5da-c961-43ea-addb-d23d79836a14'),
 ('417', '441', 'en_gb', '335Fe2C  After  Staircase', NULL, NULL, NULL, NULL, NULL, NULL, NULL, NULL, NULL, NULL, NULL, NULL, NULL, NULL, NULL, NULL, NULL, NULL, NULL, NULL, NULL, NULL, NULL, NULL, NULL, NULL, NULL, NULL, NULL, NULL, NULL, NULL, NULL, '2018-03-12 13:02:24', '2018-03-12 13:02:24', 'd87c321f-2759-47f7-bba0-9c546388dc8b'),
 ('418', '442', 'en_gb', '1Bbf187  Before  Front  Elevation', NULL, NULL, NULL, NULL, NULL, NULL, NULL, NULL, NULL, NULL, NULL, NULL, NULL, NULL, NULL, NULL, NULL, NULL, NULL, NULL, NULL, NULL, NULL, NULL, NULL, NULL, NULL, NULL, NULL, NULL, NULL, NULL, NULL, '2018-03-12 13:02:24', '2018-03-12 13:02:24', 'd052e60d-ca5d-4f5a-b12c-f7edd1865468'),
 ('419', '443', 'en_gb', '8Fcedfc  During (2)', NULL, NULL, NULL, NULL, NULL, NULL, NULL, NULL, NULL, NULL, NULL, NULL, NULL, NULL, NULL, NULL, NULL, NULL, NULL, NULL, NULL, NULL, NULL, NULL, NULL, NULL, NULL, NULL, NULL, NULL, NULL, NULL, NULL, '2018-03-12 13:02:26', '2018-03-12 13:02:26', 'c9b36df1-1762-49c9-bd92-fe37316f0cf9'),
 ('420', '444', 'en_gb', 'B06B193  Before  Garden  View', NULL, NULL, NULL, NULL, NULL, NULL, NULL, NULL, NULL, NULL, NULL, NULL, NULL, NULL, NULL, NULL, NULL, NULL, NULL, NULL, NULL, NULL, NULL, NULL, NULL, NULL, NULL, NULL, NULL, NULL, NULL, NULL, NULL, '2018-03-12 13:02:26', '2018-03-12 13:02:26', '15b9941b-0c85-4e92-9ad4-4308a20765f3'),
 ('421', '445', 'en_gb', '6Eda5E8  After  Pellet  Boiler', NULL, NULL, NULL, NULL, NULL, NULL, NULL, NULL, NULL, NULL, NULL, NULL, NULL, NULL, NULL, NULL, NULL, NULL, NULL, NULL, NULL, NULL, NULL, NULL, NULL, NULL, NULL, NULL, NULL, NULL, NULL, NULL, NULL, '2018-03-12 13:03:31', '2018-03-12 13:03:31', 'f58bf372-3579-4fc8-84c5-5038b540618e'),
 ('422', '446', 'en_gb', 'After Front Elevation', NULL, NULL, NULL, NULL, NULL, NULL, NULL, NULL, NULL, NULL, NULL, NULL, NULL, NULL, NULL, NULL, NULL, NULL, NULL, NULL, NULL, NULL, NULL, NULL, NULL, NULL, NULL, NULL, NULL, NULL, NULL, NULL, NULL, '2018-03-12 13:05:10', '2018-03-12 13:05:10', '228a72e2-2060-4644-95be-a44561f86075'),
 ('424', '448', 'en_gb', '04D6F6C  After  Dining  Room', NULL, NULL, NULL, NULL, NULL, NULL, NULL, NULL, NULL, NULL, NULL, NULL, NULL, NULL, NULL, NULL, NULL, NULL, NULL, NULL, NULL, NULL, NULL, NULL, NULL, NULL, NULL, NULL, NULL, NULL, NULL, NULL, NULL, '2018-03-12 13:06:04', '2018-03-12 13:06:39', '3a520b08-e1f5-4c1d-a328-a6a9305250f7'),
 ('425', '449', 'en_gb', 'D3056C8  After  Entrance  Hall', NULL, NULL, NULL, NULL, NULL, NULL, NULL, NULL, NULL, NULL, NULL, NULL, NULL, NULL, NULL, NULL, NULL, NULL, NULL, NULL, NULL, NULL, NULL, NULL, NULL, NULL, NULL, NULL, NULL, NULL, NULL, NULL, NULL, '2018-03-12 13:06:04', '2018-03-12 13:06:39', '37f84b11-f651-4a94-9812-e144fac1ecb4'),
 ('426', '450', 'en_gb', '7A39702  After  Front  Elevation', NULL, NULL, NULL, NULL, NULL, NULL, NULL, NULL, NULL, NULL, NULL, NULL, NULL, NULL, NULL, NULL, NULL, NULL, NULL, NULL, NULL, NULL, NULL, NULL, NULL, NULL, NULL, NULL, NULL, NULL, NULL, NULL, NULL, '2018-03-12 13:06:04', '2018-03-12 13:06:39', 'e8e07571-12f6-4d60-a632-b4a53d206c5a'),
 ('427', '451', 'en_gb', 'E4Fd0Cc  After  Garden  View', NULL, NULL, NULL, NULL, NULL, NULL, NULL, NULL, NULL, NULL, NULL, NULL, NULL, NULL, NULL, NULL, NULL, NULL, NULL, NULL, NULL, NULL, NULL, NULL, NULL, NULL, NULL, NULL, NULL, NULL, NULL, NULL, NULL, '2018-03-12 13:06:04', '2018-03-12 13:06:39', 'a278ff38-6806-4c22-a509-f719a1b1d15c');
INSERT INTO `craft_content` (`id`, `elementId`, `locale`, `title`, `field_body`, `field_ajaMembershipNo`, `field_arbMembershipNo`, `field_ribaMembershipNo`, `field_phoneNumber`, `field_personalProfile`, `field_facebookLink`, `field_twitterLink`, `field_instagramLink`, `field_linkedinLink`, `field_pinterestLink`, `field_companyWebsite`, `field_company`, `field_location`, `field_website`, `field_architect`, `field_abstract`, `field_leadingParagraph`, `field_youtubeUrl`, `field_quote`, `field_quoteName`, `field_quotePosition`, `field_secondQuote`, `field_secondQuoteName`, `field_secondQuotePosition`, `field_firstHeading`, `field_secondHeading`, `field_thirdHeading`, `field_thirdParagraph`, `field_contactList`, `field_email`, `field_telephone`, `field_address`, `dateCreated`, `dateUpdated`, `uid`) VALUES
 ('428', '452', 'en_gb', 'Ef10724  After  Kitchen', NULL, NULL, NULL, NULL, NULL, NULL, NULL, NULL, NULL, NULL, NULL, NULL, NULL, NULL, NULL, NULL, NULL, NULL, NULL, NULL, NULL, NULL, NULL, NULL, NULL, NULL, NULL, NULL, NULL, NULL, NULL, NULL, NULL, '2018-03-12 13:06:04', '2018-03-12 13:06:39', '2948b42e-1a61-4cf3-a003-bea6e6ee08e5'),
 ('429', '453', 'en_gb', 'Ce05D15  After  Master  Bedroom', NULL, NULL, NULL, NULL, NULL, NULL, NULL, NULL, NULL, NULL, NULL, NULL, NULL, NULL, NULL, NULL, NULL, NULL, NULL, NULL, NULL, NULL, NULL, NULL, NULL, NULL, NULL, NULL, NULL, NULL, NULL, NULL, NULL, '2018-03-12 13:06:04', '2018-03-12 13:06:39', 'c1b8c2c5-4655-46f5-8bca-7e6cb9d0be6c'),
 ('430', '454', 'en_gb', 'D49B838  After  Pellet  Boiler', NULL, NULL, NULL, NULL, NULL, NULL, NULL, NULL, NULL, NULL, NULL, NULL, NULL, NULL, NULL, NULL, NULL, NULL, NULL, NULL, NULL, NULL, NULL, NULL, NULL, NULL, NULL, NULL, NULL, NULL, NULL, NULL, NULL, '2018-03-12 13:06:04', '2018-03-12 13:06:39', 'd4a67105-ec7e-4fa1-a58c-41b6ed53970b'),
 ('431', '455', 'en_gb', 'Dee246E  After  Staircase', NULL, NULL, NULL, NULL, NULL, NULL, NULL, NULL, NULL, NULL, NULL, NULL, NULL, NULL, NULL, NULL, NULL, NULL, NULL, NULL, NULL, NULL, NULL, NULL, NULL, NULL, NULL, NULL, NULL, NULL, NULL, NULL, NULL, '2018-03-12 13:06:04', '2018-03-12 13:06:39', '80655dbe-5b98-429f-be9b-b34a52007672'),
 ('432', '456', 'en_gb', '61C6A71  Before  Front  Elevation', NULL, NULL, NULL, NULL, NULL, NULL, NULL, NULL, NULL, NULL, NULL, NULL, NULL, NULL, NULL, NULL, NULL, NULL, NULL, NULL, NULL, NULL, NULL, NULL, NULL, NULL, NULL, NULL, NULL, NULL, NULL, NULL, NULL, '2018-03-12 13:06:05', '2018-03-12 13:06:39', '652bf426-f125-4ac9-9578-0645de9db6bf'),
 ('433', '457', 'en_gb', '5D24668  Before  Garden  View', NULL, NULL, NULL, NULL, NULL, NULL, NULL, NULL, NULL, NULL, NULL, NULL, NULL, NULL, NULL, NULL, NULL, NULL, NULL, NULL, NULL, NULL, NULL, NULL, NULL, NULL, NULL, NULL, NULL, NULL, NULL, NULL, NULL, '2018-03-12 13:06:05', '2018-03-12 13:06:39', '7d67e71d-047f-43dc-b629-c77a2305368b'),
 ('434', '458', 'en_gb', '924D336  During (2)', NULL, NULL, NULL, NULL, NULL, NULL, NULL, NULL, NULL, NULL, NULL, NULL, NULL, NULL, NULL, NULL, NULL, NULL, NULL, NULL, NULL, NULL, NULL, NULL, NULL, NULL, NULL, NULL, NULL, NULL, NULL, NULL, NULL, '2018-03-12 13:06:05', '2018-03-12 13:06:39', 'bdbd9a1e-f309-4b83-9deb-be75c189917f'),
 ('435', '459', 'en_gb', 'After Pellet Boiler', NULL, NULL, NULL, NULL, NULL, NULL, NULL, NULL, NULL, NULL, NULL, NULL, NULL, NULL, NULL, NULL, NULL, NULL, NULL, NULL, NULL, NULL, NULL, NULL, NULL, NULL, NULL, NULL, NULL, NULL, NULL, NULL, NULL, '2018-03-12 13:06:38', '2018-03-12 13:06:38', 'd7bd5ca0-6dcb-4cbc-abf7-5358054755fe'),
 ('437', '461', 'en_gb', '95F7625  After  Dining  Room', NULL, NULL, NULL, NULL, NULL, NULL, NULL, NULL, NULL, NULL, NULL, NULL, NULL, NULL, NULL, NULL, NULL, NULL, NULL, NULL, NULL, NULL, NULL, NULL, NULL, NULL, NULL, NULL, NULL, NULL, NULL, NULL, NULL, '2018-03-12 13:07:53', '2018-03-12 13:07:53', '14204a59-3685-4400-a14d-0985713dce6b'),
 ('438', '462', 'en_gb', 'Fb0B6Af  After  Entrance  Hall', NULL, NULL, NULL, NULL, NULL, NULL, NULL, NULL, NULL, NULL, NULL, NULL, NULL, NULL, NULL, NULL, NULL, NULL, NULL, NULL, NULL, NULL, NULL, NULL, NULL, NULL, NULL, NULL, NULL, NULL, NULL, NULL, NULL, '2018-03-12 13:07:53', '2018-03-12 13:07:53', '8ac66fdc-96d3-4c0f-bef2-5a61c66ca008'),
 ('439', '463', 'en_gb', '3Db66B7  After  Front  Elevation', NULL, NULL, NULL, NULL, NULL, NULL, NULL, NULL, NULL, NULL, NULL, NULL, NULL, NULL, NULL, NULL, NULL, NULL, NULL, NULL, NULL, NULL, NULL, NULL, NULL, NULL, NULL, NULL, NULL, NULL, NULL, NULL, NULL, '2018-03-12 13:07:53', '2018-03-12 13:07:53', '200871de-96b0-4679-a8a9-af56f6d49c27'),
 ('440', '464', 'en_gb', 'E64E1E2  After  Garden  View', NULL, NULL, NULL, NULL, NULL, NULL, NULL, NULL, NULL, NULL, NULL, NULL, NULL, NULL, NULL, NULL, NULL, NULL, NULL, NULL, NULL, NULL, NULL, NULL, NULL, NULL, NULL, NULL, NULL, NULL, NULL, NULL, NULL, '2018-03-12 13:07:53', '2018-03-12 13:07:53', '87ed6da6-00d8-4a25-bb92-96a77c4ffb03'),
 ('441', '465', 'en_gb', '77930D4  After  Kitchen', NULL, NULL, NULL, NULL, NULL, NULL, NULL, NULL, NULL, NULL, NULL, NULL, NULL, NULL, NULL, NULL, NULL, NULL, NULL, NULL, NULL, NULL, NULL, NULL, NULL, NULL, NULL, NULL, NULL, NULL, NULL, NULL, NULL, '2018-03-12 13:07:53', '2018-03-12 13:07:53', '43db7bd2-4587-44fb-9ff1-d2b0dfb37f04'),
 ('442', '466', 'en_gb', 'Af7D865  After  Master  Bedroom', NULL, NULL, NULL, NULL, NULL, NULL, NULL, NULL, NULL, NULL, NULL, NULL, NULL, NULL, NULL, NULL, NULL, NULL, NULL, NULL, NULL, NULL, NULL, NULL, NULL, NULL, NULL, NULL, NULL, NULL, NULL, NULL, NULL, '2018-03-12 13:07:54', '2018-03-12 13:07:54', '5363b6f5-d446-440a-88de-e415619386f3'),
 ('443', '467', 'en_gb', '6D58Ef7  After  Pellet  Boiler', NULL, NULL, NULL, NULL, NULL, NULL, NULL, NULL, NULL, NULL, NULL, NULL, NULL, NULL, NULL, NULL, NULL, NULL, NULL, NULL, NULL, NULL, NULL, NULL, NULL, NULL, NULL, NULL, NULL, NULL, NULL, NULL, NULL, '2018-03-12 13:07:54', '2018-03-12 13:07:54', 'f0dfa248-4bb8-4de1-b131-bf4e3f18425f'),
 ('444', '468', 'en_gb', 'C009Cda  After  Staircase', NULL, NULL, NULL, NULL, NULL, NULL, NULL, NULL, NULL, NULL, NULL, NULL, NULL, NULL, NULL, NULL, NULL, NULL, NULL, NULL, NULL, NULL, NULL, NULL, NULL, NULL, NULL, NULL, NULL, NULL, NULL, NULL, NULL, '2018-03-12 13:07:54', '2018-03-12 13:07:54', 'ea923937-5626-4811-bf08-0cd483981384'),
 ('445', '469', 'en_gb', 'Cbca7E9  Before  Front  Elevation', NULL, NULL, NULL, NULL, NULL, NULL, NULL, NULL, NULL, NULL, NULL, NULL, NULL, NULL, NULL, NULL, NULL, NULL, NULL, NULL, NULL, NULL, NULL, NULL, NULL, NULL, NULL, NULL, NULL, NULL, NULL, NULL, NULL, '2018-03-12 13:07:54', '2018-03-12 13:07:54', '80e53edb-7a1e-4154-8a3f-65687ea44798'),
 ('446', '470', 'en_gb', '78Ea57D  Before  Garden  View', NULL, NULL, NULL, NULL, NULL, NULL, NULL, NULL, NULL, NULL, NULL, NULL, NULL, NULL, NULL, NULL, NULL, NULL, NULL, NULL, NULL, NULL, NULL, NULL, NULL, NULL, NULL, NULL, NULL, NULL, NULL, NULL, NULL, '2018-03-12 13:07:54', '2018-03-12 13:07:54', 'b892ac9f-9339-47c4-a1f7-d871acc211cf'),
 ('447', '471', 'en_gb', '345Fffc  During (2)', NULL, NULL, NULL, NULL, NULL, NULL, NULL, NULL, NULL, NULL, NULL, NULL, NULL, NULL, NULL, NULL, NULL, NULL, NULL, NULL, NULL, NULL, NULL, NULL, NULL, NULL, NULL, NULL, NULL, NULL, NULL, NULL, NULL, '2018-03-12 13:07:54', '2018-03-12 13:07:54', '4b33a8d0-b6e1-4c70-ad7e-37ae988d9e29'),
 ('448', '472', 'en_gb', 'F0646B5  During (2)', NULL, NULL, NULL, NULL, NULL, NULL, NULL, NULL, NULL, NULL, NULL, NULL, NULL, NULL, NULL, NULL, NULL, NULL, NULL, NULL, NULL, NULL, NULL, NULL, NULL, NULL, NULL, NULL, NULL, NULL, NULL, NULL, NULL, '2018-03-12 13:25:25', '2018-03-12 13:27:18', '0e1e01c8-e961-48c9-a8ab-c9a07321117d'),
 ('449', '473', 'en_gb', 'C72Cf5A  Before  Front  Elevation', NULL, NULL, NULL, NULL, NULL, NULL, NULL, NULL, NULL, NULL, NULL, NULL, NULL, NULL, NULL, NULL, NULL, NULL, NULL, NULL, NULL, NULL, NULL, NULL, NULL, NULL, NULL, NULL, NULL, NULL, NULL, NULL, NULL, '2018-03-12 13:25:32', '2018-03-12 13:27:18', 'c1968a3e-55bc-4828-b117-43444d3832ed'),
 ('450', '474', 'en_gb', '8F2403A  Before  Garden  View', NULL, NULL, NULL, NULL, NULL, NULL, NULL, NULL, NULL, NULL, NULL, NULL, NULL, NULL, NULL, NULL, NULL, NULL, NULL, NULL, NULL, NULL, NULL, NULL, NULL, NULL, NULL, NULL, NULL, NULL, NULL, NULL, NULL, '2018-03-12 13:25:32', '2018-03-12 13:27:18', '6d40ccd4-1a5a-4730-ac69-8b9139109256'),
 ('451', '475', 'en_gb', '60A228F  After  Dining  Room', NULL, NULL, NULL, NULL, NULL, NULL, NULL, NULL, NULL, NULL, NULL, NULL, NULL, NULL, NULL, NULL, NULL, NULL, NULL, NULL, NULL, NULL, NULL, NULL, NULL, NULL, NULL, NULL, NULL, NULL, NULL, NULL, NULL, '2018-03-12 13:25:45', '2018-03-12 13:27:18', 'cba611fa-4e2d-42f7-a567-f30d92e79627'),
 ('452', '476', 'en_gb', '8C7Db55  After  Entrance  Hall', NULL, NULL, NULL, NULL, NULL, NULL, NULL, NULL, NULL, NULL, NULL, NULL, NULL, NULL, NULL, NULL, NULL, NULL, NULL, NULL, NULL, NULL, NULL, NULL, NULL, NULL, NULL, NULL, NULL, NULL, NULL, NULL, NULL, '2018-03-12 13:25:45', '2018-03-12 13:27:18', '570dcf30-cf34-42a0-91d6-f521c46ad02e'),
 ('453', '477', 'en_gb', '650F3Cb  After  Front  Elevation', NULL, NULL, NULL, NULL, NULL, NULL, NULL, NULL, NULL, NULL, NULL, NULL, NULL, NULL, NULL, NULL, NULL, NULL, NULL, NULL, NULL, NULL, NULL, NULL, NULL, NULL, NULL, NULL, NULL, NULL, NULL, NULL, NULL, '2018-03-12 13:25:45', '2018-03-12 13:27:18', '175265c2-e17a-4977-8801-217e36355ad6'),
 ('454', '478', 'en_gb', '29B501D  After  Garden  View', NULL, NULL, NULL, NULL, NULL, NULL, NULL, NULL, NULL, NULL, NULL, NULL, NULL, NULL, NULL, NULL, NULL, NULL, NULL, NULL, NULL, NULL, NULL, NULL, NULL, NULL, NULL, NULL, NULL, NULL, NULL, NULL, NULL, '2018-03-12 13:25:46', '2018-03-12 13:27:18', 'ebef4e38-38c5-449a-b318-1cfbda152f7c'),
 ('455', '479', 'en_gb', '0E63690  After  Kitchen', NULL, NULL, NULL, NULL, NULL, NULL, NULL, NULL, NULL, NULL, NULL, NULL, NULL, NULL, NULL, NULL, NULL, NULL, NULL, NULL, NULL, NULL, NULL, NULL, NULL, NULL, NULL, NULL, NULL, NULL, NULL, NULL, NULL, '2018-03-12 13:25:46', '2018-03-12 13:27:18', 'd1b3ac82-f53e-4569-bf52-929805f7dbf2'),
 ('456', '480', 'en_gb', '3403Ab6  After  Master  Bedroom', NULL, NULL, NULL, NULL, NULL, NULL, NULL, NULL, NULL, NULL, NULL, NULL, NULL, NULL, NULL, NULL, NULL, NULL, NULL, NULL, NULL, NULL, NULL, NULL, NULL, NULL, NULL, NULL, NULL, NULL, NULL, NULL, NULL, '2018-03-12 13:25:46', '2018-03-12 13:27:18', 'c7f058ee-99a2-41b4-a81c-654c78fb10c3'),
 ('457', '481', 'en_gb', '991Ffaf  After  Pellet  Boiler', NULL, NULL, NULL, NULL, NULL, NULL, NULL, NULL, NULL, NULL, NULL, NULL, NULL, NULL, NULL, NULL, NULL, NULL, NULL, NULL, NULL, NULL, NULL, NULL, NULL, NULL, NULL, NULL, NULL, NULL, NULL, NULL, NULL, '2018-03-12 13:25:46', '2018-03-12 13:25:46', '51b52bcd-6af1-4c74-908f-635ad062a0a5'),
 ('458', '482', 'en_gb', '99B608F  After  Staircase', NULL, NULL, NULL, NULL, NULL, NULL, NULL, NULL, NULL, NULL, NULL, NULL, NULL, NULL, NULL, NULL, NULL, NULL, NULL, NULL, NULL, NULL, NULL, NULL, NULL, NULL, NULL, NULL, NULL, NULL, NULL, NULL, NULL, '2018-03-12 13:25:46', '2018-03-12 13:27:19', 'db2c906f-f654-46ca-a7d0-9ba060447017'),
 ('459', '483', 'en_gb', '86Ac71F  Before  Front  Elevation', NULL, NULL, NULL, NULL, NULL, NULL, NULL, NULL, NULL, NULL, NULL, NULL, NULL, NULL, NULL, NULL, NULL, NULL, NULL, NULL, NULL, NULL, NULL, NULL, NULL, NULL, NULL, NULL, NULL, NULL, NULL, NULL, NULL, '2018-03-12 13:25:46', '2018-03-12 13:27:19', '6963b154-593e-441c-945e-7ad717a89d2f'),
 ('460', '484', 'en_gb', '7F8Cc79  Before  Garden  View', NULL, NULL, NULL, NULL, NULL, NULL, NULL, NULL, NULL, NULL, NULL, NULL, NULL, NULL, NULL, NULL, NULL, NULL, NULL, NULL, NULL, NULL, NULL, NULL, NULL, NULL, NULL, NULL, NULL, NULL, NULL, NULL, NULL, '2018-03-12 13:25:46', '2018-03-12 13:27:19', '37cdd4c9-ee5a-46dc-9f99-364ab33e1c0e'),
 ('461', '485', 'en_gb', '1461Db3  During (2)', NULL, NULL, NULL, NULL, NULL, NULL, NULL, NULL, NULL, NULL, NULL, NULL, NULL, NULL, NULL, NULL, NULL, NULL, NULL, NULL, NULL, NULL, NULL, NULL, NULL, NULL, NULL, NULL, NULL, NULL, NULL, NULL, NULL, '2018-03-12 13:25:46', '2018-03-12 13:27:19', 'dc76e4d1-18a6-4e3f-acbf-679e3c785b5a'),
 ('462', '486', 'en_gb', '017E50A  After  Pellet  Boiler', NULL, NULL, NULL, NULL, NULL, NULL, NULL, NULL, NULL, NULL, NULL, NULL, NULL, NULL, NULL, NULL, NULL, NULL, NULL, NULL, NULL, NULL, NULL, NULL, NULL, NULL, NULL, NULL, NULL, NULL, NULL, NULL, NULL, '2018-03-12 13:26:44', '2018-03-12 13:26:44', 'd25dab56-9567-481d-aff2-cc5e08f5633d'),
 ('463', '487', 'en_gb', '4C08Ad2  After  Front  Elevation', NULL, NULL, NULL, NULL, NULL, NULL, NULL, NULL, NULL, NULL, NULL, NULL, NULL, NULL, NULL, NULL, NULL, NULL, NULL, NULL, NULL, NULL, NULL, NULL, NULL, NULL, NULL, NULL, NULL, NULL, NULL, NULL, NULL, '2018-03-12 13:26:54', '2018-03-12 13:27:19', '953e5a88-5675-4f3e-810c-8633a19692fc'),
 ('464', '488', 'en_gb', '2D1F6Cf  After  Garden  View', NULL, NULL, NULL, NULL, NULL, NULL, NULL, NULL, NULL, NULL, NULL, NULL, NULL, NULL, NULL, NULL, NULL, NULL, NULL, NULL, NULL, NULL, NULL, NULL, NULL, NULL, NULL, NULL, NULL, NULL, NULL, NULL, NULL, '2018-03-12 13:26:58', '2018-03-12 13:27:19', '0533143c-469c-482d-8e19-b5aa3f9bfa3c'),
 ('465', '489', 'en_gb', 'Cc5Bb00  After  Kitchen', NULL, NULL, NULL, NULL, NULL, NULL, NULL, NULL, NULL, NULL, NULL, NULL, NULL, NULL, NULL, NULL, NULL, NULL, NULL, NULL, NULL, NULL, NULL, NULL, NULL, NULL, NULL, NULL, NULL, NULL, NULL, NULL, NULL, '2018-03-12 13:27:12', '2018-03-12 13:27:19', 'b76ebf0a-89a7-46de-b6a6-b0c7dcea5318'),
 ('466', '490', 'en_gb', 'After Garden View', NULL, NULL, NULL, NULL, NULL, NULL, NULL, NULL, NULL, NULL, NULL, NULL, NULL, NULL, NULL, NULL, NULL, NULL, NULL, NULL, NULL, NULL, NULL, NULL, NULL, NULL, NULL, NULL, NULL, NULL, NULL, NULL, NULL, '2018-03-12 13:27:18', '2018-03-12 13:27:18', '319dbd99-59d6-45c1-afa1-7172bb5ee6e1'),
 ('467', '491', 'en_gb', 'Le Rocher', NULL, NULL, NULL, NULL, NULL, NULL, NULL, NULL, NULL, NULL, NULL, NULL, 'Gallaher Architects', 'La Rue du Mont Pellier, Trinity', 'architects.je', '', 'This project involved refurbishing the existing cottage and replacing substandard extensions into a new contemporary family home.', NULL, '', 'The client was also very keen to have a sustainable house and has installed a pellet boiler, to embrace biodiversity credentials.', 'Justin Gallaher', 'Gallaher Architects', '', '', '', NULL, NULL, NULL, NULL, NULL, NULL, NULL, NULL, '2018-03-12 13:27:18', '2018-04-11 09:36:05', '8ebdf142-287f-44a8-8991-4a53aa455ec9'),
 ('468', '492', 'en_gb', '7621090  After  Garden  View', NULL, NULL, NULL, NULL, NULL, NULL, NULL, NULL, NULL, NULL, NULL, NULL, NULL, NULL, NULL, NULL, NULL, NULL, NULL, NULL, NULL, NULL, NULL, NULL, NULL, NULL, NULL, NULL, NULL, NULL, NULL, NULL, NULL, '2018-03-12 15:22:46', '2018-03-12 15:22:48', '226e2049-037f-4bd3-a63c-2669befe6e45'),
 ('469', '493', 'en_gb', 'Deaea88  After  Kitchen', NULL, NULL, NULL, NULL, NULL, NULL, NULL, NULL, NULL, NULL, NULL, NULL, NULL, NULL, NULL, NULL, NULL, NULL, NULL, NULL, NULL, NULL, NULL, NULL, NULL, NULL, NULL, NULL, NULL, NULL, NULL, NULL, NULL, '2018-03-12 15:22:46', '2018-03-12 15:22:49', '84a92d42-319d-4e63-bb4e-2be920103909'),
 ('473', '497', 'en_gb', 'Thumb1', NULL, NULL, NULL, NULL, NULL, NULL, NULL, NULL, NULL, NULL, NULL, NULL, NULL, NULL, NULL, NULL, NULL, NULL, NULL, NULL, NULL, NULL, NULL, NULL, NULL, NULL, NULL, NULL, NULL, NULL, NULL, NULL, NULL, '2018-03-20 16:15:19', '2018-03-20 16:15:40', '991549df-7285-4e4f-ba8b-809823515140'),
 ('474', '498', 'en_gb', 'Lorme', '<p>Lorem ipsum dolor sit amet, consectetur adipiscing elit. Ut a mi lorem. Ut condimentum feugiat urna a finibus. Suspendisse ullamcorper nulla id neque laoreet, eu sollicitudin justo ornare. Nullam suscipit tincidunt sodales. Quisque sed arcu ut velit ultricies facilisis. Ut felis elit, placerat vitae massa nec, dictum rhoncus massa. Fusce cursus lacus ac tellus malesuada auctor. Morbi at nunc porta, condimentum mauris id, semper arcu. Sed sit amet dui sed ante tristique tincidunt ut vel velit. Quisque eleifend imperdiet lectus. Ut nulla leo, convallis ac sagittis vitae, eleifend quis nibh.</p><p>Lorem ipsum dolor sit amet, consectetur adipiscing elit. Ut a mi lorem. Ut condimentum feugiat urna a finibus. Suspendisse ullamcorper nulla id neque laoreet, eu sollicitudin justo ornare. Nullam suscipit tincidunt sodales. Quisque sed arcu ut velit ultricies facilisis. Ut felis elit, placerat vitae massa nec, dictum rhoncus massa. Fusce cursus lacus ac tellus malesuada auctor. Morbi at nunc porta, condimentum mauris id, semper arcu. Sed sit amet dui sed ante tristique tincidunt ut vel velit. Quisque eleifend imperdiet lectus. Ut nulla leo, convallis ac sagittis vitae, eleifend quis nibh.</p>', NULL, NULL, NULL, NULL, NULL, NULL, NULL, NULL, NULL, NULL, NULL, NULL, NULL, NULL, NULL, NULL, 'Lorem ipsum dolor sit amet, consectetur adipiscing elit. Ut a mi lorem.', NULL, NULL, NULL, NULL, NULL, NULL, NULL, NULL, NULL, NULL, NULL, NULL, NULL, NULL, NULL, '2018-03-20 16:15:40', '2018-04-10 10:23:30', 'f6d51d55-33a1-48f5-aaf7-2f08afcb22a5'),
 ('476', '500', 'en_gb', '57Dfb40  Before  Previous  Dwelling', NULL, NULL, NULL, NULL, NULL, NULL, NULL, NULL, NULL, NULL, NULL, NULL, NULL, NULL, NULL, NULL, NULL, NULL, NULL, NULL, NULL, NULL, NULL, NULL, NULL, NULL, NULL, NULL, NULL, NULL, NULL, NULL, NULL, '2018-03-20 16:26:32', '2018-03-20 16:27:02', 'e0e32cbd-ca03-40c2-960e-e9381bca9139'),
 ('477', '501', 'en_gb', '821Fa8D  After  Field  View', NULL, NULL, NULL, NULL, NULL, NULL, NULL, NULL, NULL, NULL, NULL, NULL, NULL, NULL, NULL, NULL, NULL, NULL, NULL, NULL, NULL, NULL, NULL, NULL, NULL, NULL, NULL, NULL, NULL, NULL, NULL, NULL, NULL, '2018-03-20 16:26:38', '2018-03-20 16:27:02', 'dcb0fd25-463a-44b1-92cf-439b36ec5b20'),
 ('478', '502', 'en_gb', 'Eca51Db  After  Roadside  View', NULL, NULL, NULL, NULL, NULL, NULL, NULL, NULL, NULL, NULL, NULL, NULL, NULL, NULL, NULL, NULL, NULL, NULL, NULL, NULL, NULL, NULL, NULL, NULL, NULL, NULL, NULL, NULL, NULL, NULL, NULL, NULL, NULL, '2018-03-20 16:26:41', '2018-03-20 16:27:02', '836256be-a141-4dbe-aae1-6a195ed3e3ee'),
 ('479', '503', 'en_gb', '8Cfc04F  After  Front  Facade', NULL, NULL, NULL, NULL, NULL, NULL, NULL, NULL, NULL, NULL, NULL, NULL, NULL, NULL, NULL, NULL, NULL, NULL, NULL, NULL, NULL, NULL, NULL, NULL, NULL, NULL, NULL, NULL, NULL, NULL, NULL, NULL, NULL, '2018-03-20 16:26:41', '2018-03-20 16:27:02', 'eda096ce-84d3-4170-bef7-4b80c72505a8'),
 ('480', '504', 'en_gb', '4D38847  After  Finished  Building', NULL, NULL, NULL, NULL, NULL, NULL, NULL, NULL, NULL, NULL, NULL, NULL, NULL, NULL, NULL, NULL, NULL, NULL, NULL, NULL, NULL, NULL, NULL, NULL, NULL, NULL, NULL, NULL, NULL, NULL, NULL, NULL, NULL, '2018-03-20 16:26:41', '2018-03-20 16:27:02', '45eb8c5b-45e4-4262-8028-726161251785'),
 ('481', '505', 'en_gb', 'D69Dee7  Before  Previous  Dwelling', NULL, NULL, NULL, NULL, NULL, NULL, NULL, NULL, NULL, NULL, NULL, NULL, NULL, NULL, NULL, NULL, NULL, NULL, NULL, NULL, NULL, NULL, NULL, NULL, NULL, NULL, NULL, NULL, NULL, NULL, NULL, NULL, NULL, '2018-03-20 16:26:41', '2018-03-20 16:27:02', '2d7443bc-07ec-403c-9a75-c927fffb5893'),
 ('482', '506', 'en_gb', '3C53F2D  Montage  Superimposed Model', NULL, NULL, NULL, NULL, NULL, NULL, NULL, NULL, NULL, NULL, NULL, NULL, NULL, NULL, NULL, NULL, NULL, NULL, NULL, NULL, NULL, NULL, NULL, NULL, NULL, NULL, NULL, NULL, NULL, NULL, NULL, NULL, NULL, '2018-03-20 16:26:42', '2018-03-20 16:27:02', '900c0c06-8265-4608-bba9-09efbbc055e6'),
 ('483', '507', 'en_gb', 'After Field View', NULL, NULL, NULL, NULL, NULL, NULL, NULL, NULL, NULL, NULL, NULL, NULL, NULL, NULL, NULL, NULL, NULL, NULL, NULL, NULL, NULL, NULL, NULL, NULL, NULL, NULL, NULL, NULL, NULL, NULL, NULL, NULL, NULL, '2018-03-20 16:27:02', '2018-03-20 16:27:02', 'dc240c7c-4473-4bd3-973e-a18705f68d87'),
 ('485', '509', 'en_gb', 'New build', NULL, NULL, NULL, NULL, NULL, NULL, NULL, NULL, NULL, NULL, NULL, NULL, NULL, NULL, NULL, NULL, NULL, NULL, NULL, NULL, NULL, NULL, NULL, NULL, NULL, NULL, NULL, NULL, NULL, NULL, NULL, NULL, NULL, '2018-04-04 14:22:09', '2018-04-04 14:22:09', '5dbdeba4-f2fa-4ef9-940e-0fd179dc7de5'),
 ('486', '510', 'en_gb', 'Refurbishment', NULL, NULL, NULL, NULL, NULL, NULL, NULL, NULL, NULL, NULL, NULL, NULL, NULL, NULL, NULL, NULL, NULL, NULL, NULL, NULL, NULL, NULL, NULL, NULL, NULL, NULL, NULL, NULL, NULL, NULL, NULL, NULL, NULL, '2018-04-04 14:22:20', '2018-04-04 14:22:20', 'ed814b75-7375-47da-8729-b0610af519eb'),
 ('487', '511', 'en_gb', 'Extension', NULL, NULL, NULL, NULL, NULL, NULL, NULL, NULL, NULL, NULL, NULL, NULL, NULL, NULL, NULL, NULL, NULL, NULL, NULL, NULL, NULL, NULL, NULL, NULL, NULL, NULL, NULL, NULL, NULL, NULL, NULL, NULL, NULL, '2018-04-04 14:22:31', '2018-04-04 14:22:31', 'ad3a2c5e-d1e6-4883-9c99-c200837ca76e'),
 ('488', '512', 'en_gb', 'Residential', NULL, NULL, NULL, NULL, NULL, NULL, NULL, NULL, NULL, NULL, NULL, NULL, NULL, NULL, NULL, NULL, NULL, NULL, NULL, NULL, NULL, NULL, NULL, NULL, NULL, NULL, NULL, NULL, NULL, NULL, NULL, NULL, NULL, '2018-04-04 14:22:45', '2018-04-04 14:22:45', 'e34d0f22-60f7-4b1f-8c6e-14f2e2a2db45'),
 ('489', '513', 'en_gb', 'Commercial', NULL, NULL, NULL, NULL, NULL, NULL, NULL, NULL, NULL, NULL, NULL, NULL, NULL, NULL, NULL, NULL, NULL, NULL, NULL, NULL, NULL, NULL, NULL, NULL, NULL, NULL, NULL, NULL, NULL, NULL, NULL, NULL, NULL, '2018-04-04 14:22:58', '2018-04-04 14:22:58', '99b4c3f9-3d8c-43e7-ac71-268cc36d74e4'),
 ('490', '514', 'en_gb', 'Office', NULL, NULL, NULL, NULL, NULL, NULL, NULL, NULL, NULL, NULL, NULL, NULL, NULL, NULL, NULL, NULL, NULL, NULL, NULL, NULL, NULL, NULL, NULL, NULL, NULL, NULL, NULL, NULL, NULL, NULL, NULL, NULL, NULL, '2018-04-04 14:23:09', '2018-04-04 14:23:09', 'f8508cd7-bd34-4f1b-aa04-3d633be53fec'),
 ('491', '515', 'en_gb', 'Private dwelling', NULL, NULL, NULL, NULL, NULL, NULL, NULL, NULL, NULL, NULL, NULL, NULL, NULL, NULL, NULL, NULL, NULL, NULL, NULL, NULL, NULL, NULL, NULL, NULL, NULL, NULL, NULL, NULL, NULL, NULL, NULL, NULL, NULL, '2018-04-04 14:23:21', '2018-04-04 14:23:21', '2c50fd14-bff7-451d-bc77-29ed9c48c6fc'),
 ('492', '516', 'en_gb', 'Social housing', NULL, NULL, NULL, NULL, NULL, NULL, NULL, NULL, NULL, NULL, NULL, NULL, NULL, NULL, NULL, NULL, NULL, NULL, NULL, NULL, NULL, NULL, NULL, NULL, NULL, NULL, NULL, NULL, NULL, NULL, NULL, NULL, NULL, '2018-04-04 14:23:30', '2018-04-04 14:23:30', 'ca6ddc9d-8021-494a-95ea-dc0507b0f552'),
 ('493', '517', 'en_gb', '2 Mt Vbo W', NULL, NULL, NULL, NULL, NULL, NULL, NULL, NULL, NULL, NULL, NULL, NULL, NULL, NULL, NULL, NULL, NULL, NULL, NULL, NULL, NULL, NULL, NULL, NULL, NULL, NULL, NULL, NULL, NULL, NULL, NULL, NULL, NULL, '2018-04-04 14:52:19', '2018-04-04 14:52:19', '28e57a1d-5ad4-4f70-8a8b-8967fe8247d3'),
 ('495', '519', 'en_gb', '28515989 545970592448325 3832173685680234943 O', NULL, NULL, NULL, NULL, NULL, NULL, NULL, NULL, NULL, NULL, NULL, NULL, NULL, NULL, NULL, NULL, NULL, NULL, NULL, NULL, NULL, NULL, NULL, NULL, NULL, NULL, NULL, NULL, NULL, NULL, NULL, NULL, NULL, '2018-04-04 14:54:17', '2018-04-04 14:54:17', '364578f8-133d-451b-b354-a03e9e300863'),
 ('498', '524', 'en_gb', 'Education', NULL, NULL, NULL, NULL, NULL, NULL, NULL, NULL, NULL, NULL, NULL, NULL, NULL, NULL, NULL, NULL, NULL, NULL, NULL, NULL, NULL, NULL, NULL, NULL, NULL, NULL, NULL, NULL, NULL, NULL, NULL, NULL, NULL, '2018-04-10 09:08:45', '2018-04-10 10:37:12', '6ec4f6a2-c646-4409-a3fd-5292b5d7e560'),
 ('499', '530', 'en_gb', 'About', NULL, NULL, NULL, NULL, NULL, NULL, NULL, NULL, NULL, NULL, NULL, NULL, NULL, NULL, NULL, NULL, NULL, NULL, NULL, NULL, NULL, NULL, NULL, NULL, NULL, NULL, NULL, NULL, NULL, NULL, NULL, NULL, NULL, '2018-04-10 09:50:11', '2018-07-11 09:50:59', '7c519d6f-866b-4c77-816e-d77c13ba313b'),
 ('500', '539', 'en_gb', '67F459C  Picture 532', NULL, NULL, NULL, NULL, NULL, NULL, NULL, NULL, NULL, NULL, NULL, NULL, NULL, NULL, NULL, NULL, NULL, NULL, NULL, NULL, NULL, NULL, NULL, NULL, NULL, NULL, NULL, NULL, NULL, NULL, NULL, NULL, NULL, '2018-04-10 10:56:34', '2018-04-10 10:58:29', '81e29939-9de3-4fcd-8af5-5f51ca2059cb'),
 ('501', '540', 'en_gb', 'F8Cb875  Picture 205', NULL, NULL, NULL, NULL, NULL, NULL, NULL, NULL, NULL, NULL, NULL, NULL, NULL, NULL, NULL, NULL, NULL, NULL, NULL, NULL, NULL, NULL, NULL, NULL, NULL, NULL, NULL, NULL, NULL, NULL, NULL, NULL, NULL, '2018-04-10 10:56:34', '2018-04-10 10:58:30', 'd41ac6af-4715-40ba-bb65-d571703378c6'),
 ('502', '541', 'en_gb', '8059Af1  Picture 084', NULL, NULL, NULL, NULL, NULL, NULL, NULL, NULL, NULL, NULL, NULL, NULL, NULL, NULL, NULL, NULL, NULL, NULL, NULL, NULL, NULL, NULL, NULL, NULL, NULL, NULL, NULL, NULL, NULL, NULL, NULL, NULL, NULL, '2018-04-10 10:56:34', '2018-04-10 10:58:30', '668a4bee-3604-4c82-8934-b0159f240a65'),
 ('503', '542', 'en_gb', '4D9466A  Img 3047', NULL, NULL, NULL, NULL, NULL, NULL, NULL, NULL, NULL, NULL, NULL, NULL, NULL, NULL, NULL, NULL, NULL, NULL, NULL, NULL, NULL, NULL, NULL, NULL, NULL, NULL, NULL, NULL, NULL, NULL, NULL, NULL, NULL, '2018-04-10 10:56:35', '2018-04-10 10:58:30', '8746e47e-476a-462e-8475-a272b7183526'),
 ('504', '543', 'en_gb', '43F687C  Img 3040', NULL, NULL, NULL, NULL, NULL, NULL, NULL, NULL, NULL, NULL, NULL, NULL, NULL, NULL, NULL, NULL, NULL, NULL, NULL, NULL, NULL, NULL, NULL, NULL, NULL, NULL, NULL, NULL, NULL, NULL, NULL, NULL, NULL, '2018-04-10 10:56:35', '2018-04-10 10:58:30', '2f439f15-4e59-4ff1-959f-fd68100f7fab'),
 ('505', '544', 'en_gb', '23Bd175  Img 2868', NULL, NULL, NULL, NULL, NULL, NULL, NULL, NULL, NULL, NULL, NULL, NULL, NULL, NULL, NULL, NULL, NULL, NULL, NULL, NULL, NULL, NULL, NULL, NULL, NULL, NULL, NULL, NULL, NULL, NULL, NULL, NULL, NULL, '2018-04-10 10:56:35', '2018-04-10 10:58:30', '921c0d99-a61b-46d2-937a-712ddc406712'),
 ('506', '545', 'en_gb', '03F0A9F  Img 2859', NULL, NULL, NULL, NULL, NULL, NULL, NULL, NULL, NULL, NULL, NULL, NULL, NULL, NULL, NULL, NULL, NULL, NULL, NULL, NULL, NULL, NULL, NULL, NULL, NULL, NULL, NULL, NULL, NULL, NULL, NULL, NULL, NULL, '2018-04-10 10:56:35', '2018-04-10 10:58:30', '68a5ce71-93ab-4d0d-a991-43773f27745d'),
 ('507', '546', 'en_gb', 'F784Faf  Img 2853', NULL, NULL, NULL, NULL, NULL, NULL, NULL, NULL, NULL, NULL, NULL, NULL, NULL, NULL, NULL, NULL, NULL, NULL, NULL, NULL, NULL, NULL, NULL, NULL, NULL, NULL, NULL, NULL, NULL, NULL, NULL, NULL, NULL, '2018-04-10 10:56:35', '2018-04-10 10:58:30', '41b2d89a-40fb-445d-807c-09b98c629de0'),
 ('508', '547', 'en_gb', '33Fd793  Img 2851', NULL, NULL, NULL, NULL, NULL, NULL, NULL, NULL, NULL, NULL, NULL, NULL, NULL, NULL, NULL, NULL, NULL, NULL, NULL, NULL, NULL, NULL, NULL, NULL, NULL, NULL, NULL, NULL, NULL, NULL, NULL, NULL, NULL, '2018-04-10 10:56:35', '2018-04-10 10:58:30', '22d7df08-f7ed-44a1-8943-c8c2880406b5'),
 ('509', '548', 'en_gb', '336924B  Img 2849', NULL, NULL, NULL, NULL, NULL, NULL, NULL, NULL, NULL, NULL, NULL, NULL, NULL, NULL, NULL, NULL, NULL, NULL, NULL, NULL, NULL, NULL, NULL, NULL, NULL, NULL, NULL, NULL, NULL, NULL, NULL, NULL, NULL, '2018-04-10 10:56:35', '2018-04-10 10:58:30', '96177b3c-f325-4c22-9d87-a1f67e931aeb'),
 ('510', '549', 'en_gb', '6B5B8A7  Img 2848', NULL, NULL, NULL, NULL, NULL, NULL, NULL, NULL, NULL, NULL, NULL, NULL, NULL, NULL, NULL, NULL, NULL, NULL, NULL, NULL, NULL, NULL, NULL, NULL, NULL, NULL, NULL, NULL, NULL, NULL, NULL, NULL, NULL, '2018-04-10 10:56:35', '2018-04-10 10:58:30', '74b8faae-774c-4b8a-b72d-62a2dd590342'),
 ('511', '550', 'en_gb', 'D277107  Img 3047', NULL, NULL, NULL, NULL, NULL, NULL, NULL, NULL, NULL, NULL, NULL, NULL, NULL, NULL, NULL, NULL, NULL, NULL, NULL, NULL, NULL, NULL, NULL, NULL, NULL, NULL, NULL, NULL, NULL, NULL, NULL, NULL, NULL, '2018-04-10 10:58:08', '2018-04-10 10:58:08', '4aaccc70-aa63-4645-9f07-6ec3f645a005'),
 ('512', '551', 'en_gb', '3Df1686  Picture 532', NULL, NULL, NULL, NULL, NULL, NULL, NULL, NULL, NULL, NULL, NULL, NULL, NULL, NULL, NULL, NULL, NULL, NULL, NULL, NULL, NULL, NULL, NULL, NULL, NULL, NULL, NULL, NULL, NULL, NULL, NULL, NULL, NULL, '2018-04-10 10:58:14', '2018-04-10 10:58:30', '321933e9-ad1d-46cc-8677-5e4ea71e8d51'),
 ('513', '552', 'en_gb', 'Adb3978  Picture 205', NULL, NULL, NULL, NULL, NULL, NULL, NULL, NULL, NULL, NULL, NULL, NULL, NULL, NULL, NULL, NULL, NULL, NULL, NULL, NULL, NULL, NULL, NULL, NULL, NULL, NULL, NULL, NULL, NULL, NULL, NULL, NULL, NULL, '2018-04-10 10:58:19', '2018-04-10 10:58:30', '8de6fc34-eb8c-4d60-9009-6d69e764c4a3'),
 ('514', '553', 'en_gb', '481B600  Picture 084', NULL, NULL, NULL, NULL, NULL, NULL, NULL, NULL, NULL, NULL, NULL, NULL, NULL, NULL, NULL, NULL, NULL, NULL, NULL, NULL, NULL, NULL, NULL, NULL, NULL, NULL, NULL, NULL, NULL, NULL, NULL, NULL, NULL, '2018-04-10 10:58:19', '2018-04-10 10:58:30', 'a3e72f95-b926-429f-861d-3fa02f86f04e'),
 ('515', '554', 'en_gb', '246377F  Img 3047', NULL, NULL, NULL, NULL, NULL, NULL, NULL, NULL, NULL, NULL, NULL, NULL, NULL, NULL, NULL, NULL, NULL, NULL, NULL, NULL, NULL, NULL, NULL, NULL, NULL, NULL, NULL, NULL, NULL, NULL, NULL, NULL, NULL, '2018-04-10 10:58:19', '2018-04-10 10:58:30', '5d39f59f-845a-4c10-b502-5e4ba76c60a0'),
 ('516', '555', 'en_gb', '1E71A30  Img 3040', NULL, NULL, NULL, NULL, NULL, NULL, NULL, NULL, NULL, NULL, NULL, NULL, NULL, NULL, NULL, NULL, NULL, NULL, NULL, NULL, NULL, NULL, NULL, NULL, NULL, NULL, NULL, NULL, NULL, NULL, NULL, NULL, NULL, '2018-04-10 10:58:20', '2018-04-10 10:58:30', '6c27e57a-f6bf-4f50-af30-157db025e1a9'),
 ('517', '556', 'en_gb', 'D9A4Bab  Img 2868', NULL, NULL, NULL, NULL, NULL, NULL, NULL, NULL, NULL, NULL, NULL, NULL, NULL, NULL, NULL, NULL, NULL, NULL, NULL, NULL, NULL, NULL, NULL, NULL, NULL, NULL, NULL, NULL, NULL, NULL, NULL, NULL, NULL, '2018-04-10 10:58:20', '2018-04-10 10:58:30', '1213d8b6-a697-4f27-b0bb-61c67169228a'),
 ('518', '557', 'en_gb', '23Fbe4B  Img 2859', NULL, NULL, NULL, NULL, NULL, NULL, NULL, NULL, NULL, NULL, NULL, NULL, NULL, NULL, NULL, NULL, NULL, NULL, NULL, NULL, NULL, NULL, NULL, NULL, NULL, NULL, NULL, NULL, NULL, NULL, NULL, NULL, NULL, '2018-04-10 10:58:20', '2018-04-10 10:58:30', '05aaf7a6-08be-4b4b-a093-aa5ba2c896b1'),
 ('519', '558', 'en_gb', 'Dad4F05  Img 2853', NULL, NULL, NULL, NULL, NULL, NULL, NULL, NULL, NULL, NULL, NULL, NULL, NULL, NULL, NULL, NULL, NULL, NULL, NULL, NULL, NULL, NULL, NULL, NULL, NULL, NULL, NULL, NULL, NULL, NULL, NULL, NULL, NULL, '2018-04-10 10:58:20', '2018-04-10 10:58:30', 'e0636526-004d-4a48-982b-ba51018ceeda'),
 ('520', '559', 'en_gb', 'C6C1D82  Img 2851', NULL, NULL, NULL, NULL, NULL, NULL, NULL, NULL, NULL, NULL, NULL, NULL, NULL, NULL, NULL, NULL, NULL, NULL, NULL, NULL, NULL, NULL, NULL, NULL, NULL, NULL, NULL, NULL, NULL, NULL, NULL, NULL, NULL, '2018-04-10 10:58:20', '2018-04-10 10:58:30', '8458fd21-fc08-4661-bbe6-964d8860748c'),
 ('521', '560', 'en_gb', '685E3Cd  Img 2849', NULL, NULL, NULL, NULL, NULL, NULL, NULL, NULL, NULL, NULL, NULL, NULL, NULL, NULL, NULL, NULL, NULL, NULL, NULL, NULL, NULL, NULL, NULL, NULL, NULL, NULL, NULL, NULL, NULL, NULL, NULL, NULL, NULL, '2018-04-10 10:58:20', '2018-04-10 10:58:30', 'aa6c356b-d5b9-4ed6-a1d9-1627d7f93602'),
 ('522', '561', 'en_gb', 'A1E045A  Img 2848', NULL, NULL, NULL, NULL, NULL, NULL, NULL, NULL, NULL, NULL, NULL, NULL, NULL, NULL, NULL, NULL, NULL, NULL, NULL, NULL, NULL, NULL, NULL, NULL, NULL, NULL, NULL, NULL, NULL, NULL, NULL, NULL, NULL, '2018-04-10 10:58:20', '2018-04-10 10:58:30', '551cea0e-7a0a-44af-b445-27da7197da24'),
 ('523', '562', 'en_gb', 'Picture 532', NULL, NULL, NULL, NULL, NULL, NULL, NULL, NULL, NULL, NULL, NULL, NULL, NULL, NULL, NULL, NULL, NULL, NULL, NULL, NULL, NULL, NULL, NULL, NULL, NULL, NULL, NULL, NULL, NULL, NULL, NULL, NULL, NULL, '2018-04-10 10:58:29', '2018-04-10 10:58:29', 'b46bfd25-0ce5-470a-9ce4-16602aac34c2'),
 ('524', '563', 'en_gb', '1 Les Fougeres', NULL, NULL, NULL, NULL, NULL, NULL, NULL, NULL, NULL, NULL, NULL, NULL, 'Gallaher Architects', 'Grouville, Jersey', 'www.architects.je', NULL, 'One of a cluster of contemporary and energy efficient new build homes, featuring a vaulted atrium lounge opening up into the garden.', NULL, '', 'Our design approach was to respect and preserve the existing architectural style, whilst making essential improvements to the performance of the building', 'Justin Gallaher', 'Gallaher Architects', '', '', '', NULL, NULL, NULL, NULL, NULL, NULL, NULL, NULL, '2018-04-10 10:58:29', '2018-04-10 10:58:29', '75857d13-5486-43a8-a1ef-31f49aaba7a4'),
 ('525', '564', 'en_gb', NULL, NULL, '1', '1', '12564507', '01534 724394', 'Chantelle Arnold BA (Hons) MArch RIBA    Chantelle gained her qualification as a chartered architect in 2015.  In between her studies at the University of Lincoln and Liverpool University, she gained experience with Dyson & Buesnel Architects working on a varied range of housing schemes.  In 2013, Chantelle joined Gallaher Architects, gaining further experience on both domestic and community projects.', 'https://www.facebook.com/gallaherarchitects/', '', '', '', '', 'http://www.architects.je/', NULL, NULL, NULL, NULL, NULL, NULL, NULL, NULL, NULL, NULL, NULL, NULL, NULL, NULL, NULL, NULL, NULL, NULL, NULL, NULL, NULL, '2018-04-10 11:07:06', '2018-04-27 14:04:20', '0d906ee7-69c0-4291-b507-d567ab06e109'),
 ('526', '565', 'en_gb', 'D03970F  Chantelle  Arnold', NULL, NULL, NULL, NULL, NULL, NULL, NULL, NULL, NULL, NULL, NULL, NULL, NULL, NULL, NULL, NULL, NULL, NULL, NULL, NULL, NULL, NULL, NULL, NULL, NULL, NULL, NULL, NULL, NULL, NULL, NULL, NULL, NULL, '2018-04-10 11:08:01', '2018-04-10 11:08:01', '0efc13c0-3fea-44e1-b459-6ef272df0b56'),
 ('527', '566', 'en_gb', '1A5Fbf7  Before  Staircase', NULL, NULL, NULL, NULL, NULL, NULL, NULL, NULL, NULL, NULL, NULL, NULL, NULL, NULL, NULL, NULL, NULL, NULL, NULL, NULL, NULL, NULL, NULL, NULL, NULL, NULL, NULL, NULL, NULL, NULL, NULL, NULL, NULL, '2018-04-10 11:18:56', '2018-04-10 11:23:08', '5eac27cf-765e-4242-9295-460227675df7'),
 ('528', '567', 'en_gb', '7310206  Before  Lounge', NULL, NULL, NULL, NULL, NULL, NULL, NULL, NULL, NULL, NULL, NULL, NULL, NULL, NULL, NULL, NULL, NULL, NULL, NULL, NULL, NULL, NULL, NULL, NULL, NULL, NULL, NULL, NULL, NULL, NULL, NULL, NULL, NULL, '2018-04-10 11:18:56', '2018-04-10 11:23:08', '654d9144-8873-461a-a115-8ea25d8b0bc6'),
 ('529', '568', 'en_gb', 'Ce5790E  Before  Front  Elevation', NULL, NULL, NULL, NULL, NULL, NULL, NULL, NULL, NULL, NULL, NULL, NULL, NULL, NULL, NULL, NULL, NULL, NULL, NULL, NULL, NULL, NULL, NULL, NULL, NULL, NULL, NULL, NULL, NULL, NULL, NULL, NULL, NULL, '2018-04-10 11:18:56', '2018-04-10 11:23:08', '6fe29cbb-4e43-46f8-addc-a8dd09369f89'),
 ('530', '569', 'en_gb', '5Dbaccf  Before  Entrance', NULL, NULL, NULL, NULL, NULL, NULL, NULL, NULL, NULL, NULL, NULL, NULL, NULL, NULL, NULL, NULL, NULL, NULL, NULL, NULL, NULL, NULL, NULL, NULL, NULL, NULL, NULL, NULL, NULL, NULL, NULL, NULL, NULL, '2018-04-10 11:18:56', '2018-04-10 11:23:08', '4a2ddcaa-a1ac-4d67-94d1-799dfba6fcd3'),
 ('531', '570', 'en_gb', 'A57063A  After  Staircase', NULL, NULL, NULL, NULL, NULL, NULL, NULL, NULL, NULL, NULL, NULL, NULL, NULL, NULL, NULL, NULL, NULL, NULL, NULL, NULL, NULL, NULL, NULL, NULL, NULL, NULL, NULL, NULL, NULL, NULL, NULL, NULL, NULL, '2018-04-10 11:20:08', '2018-04-10 11:23:08', '5a2ff37d-78f7-4c95-a419-bb5ea6f8e4da'),
 ('532', '571', 'en_gb', 'E2B27Ab  After  Modernised  Hallway', NULL, NULL, NULL, NULL, NULL, NULL, NULL, NULL, NULL, NULL, NULL, NULL, NULL, NULL, NULL, NULL, NULL, NULL, NULL, NULL, NULL, NULL, NULL, NULL, NULL, NULL, NULL, NULL, NULL, NULL, NULL, NULL, NULL, '2018-04-10 11:20:09', '2018-04-10 11:23:08', 'a07afb32-8e31-4aee-ab97-81e0b57d40bc'),
 ('533', '572', 'en_gb', 'D36E3E3  After  Roadside  Elevation', NULL, NULL, NULL, NULL, NULL, NULL, NULL, NULL, NULL, NULL, NULL, NULL, NULL, NULL, NULL, NULL, NULL, NULL, NULL, NULL, NULL, NULL, NULL, NULL, NULL, NULL, NULL, NULL, NULL, NULL, NULL, NULL, NULL, '2018-04-10 11:20:09', '2018-04-10 11:23:08', 'bb8b750a-33ea-4257-ad9e-c94654536e49'),
 ('534', '573', 'en_gb', '1D1C4E9  After  Kitchen', NULL, NULL, NULL, NULL, NULL, NULL, NULL, NULL, NULL, NULL, NULL, NULL, NULL, NULL, NULL, NULL, NULL, NULL, NULL, NULL, NULL, NULL, NULL, NULL, NULL, NULL, NULL, NULL, NULL, NULL, NULL, NULL, NULL, '2018-04-10 11:20:09', '2018-04-10 11:23:08', '4da73c5e-3b5f-4a0b-b3c7-b47215ec4408'),
 ('535', '574', 'en_gb', '3Ca6645  After Front Elevation', NULL, NULL, NULL, NULL, NULL, NULL, NULL, NULL, NULL, NULL, NULL, NULL, NULL, NULL, NULL, NULL, NULL, NULL, NULL, NULL, NULL, NULL, NULL, NULL, NULL, NULL, NULL, NULL, NULL, NULL, NULL, NULL, NULL, '2018-04-10 11:20:09', '2018-04-10 11:23:08', '5be04c47-4ea4-4ff2-be5d-ddd47658e73a'),
 ('536', '575', 'en_gb', '4154768  After  Entrance', NULL, NULL, NULL, NULL, NULL, NULL, NULL, NULL, NULL, NULL, NULL, NULL, NULL, NULL, NULL, NULL, NULL, NULL, NULL, NULL, NULL, NULL, NULL, NULL, NULL, NULL, NULL, NULL, NULL, NULL, NULL, NULL, NULL, '2018-04-10 11:20:09', '2018-04-10 11:23:08', '12e2dbb9-6d79-4bfd-a843-79eadeddf4c1');
INSERT INTO `craft_content` (`id`, `elementId`, `locale`, `title`, `field_body`, `field_ajaMembershipNo`, `field_arbMembershipNo`, `field_ribaMembershipNo`, `field_phoneNumber`, `field_personalProfile`, `field_facebookLink`, `field_twitterLink`, `field_instagramLink`, `field_linkedinLink`, `field_pinterestLink`, `field_companyWebsite`, `field_company`, `field_location`, `field_website`, `field_architect`, `field_abstract`, `field_leadingParagraph`, `field_youtubeUrl`, `field_quote`, `field_quoteName`, `field_quotePosition`, `field_secondQuote`, `field_secondQuoteName`, `field_secondQuotePosition`, `field_firstHeading`, `field_secondHeading`, `field_thirdHeading`, `field_thirdParagraph`, `field_contactList`, `field_email`, `field_telephone`, `field_address`, `dateCreated`, `dateUpdated`, `uid`) VALUES
 ('537', '576', 'en_gb', 'Ee21618  After  Dining With  Sliding  Doors', NULL, NULL, NULL, NULL, NULL, NULL, NULL, NULL, NULL, NULL, NULL, NULL, NULL, NULL, NULL, NULL, NULL, NULL, NULL, NULL, NULL, NULL, NULL, NULL, NULL, NULL, NULL, NULL, NULL, NULL, NULL, NULL, NULL, '2018-04-10 11:20:09', '2018-04-10 11:23:08', '84223b42-d923-4619-955a-b4489cc3fafe'),
 ('538', '577', 'en_gb', '7877013  After    Frameless  Glass  Balustrade', NULL, NULL, NULL, NULL, NULL, NULL, NULL, NULL, NULL, NULL, NULL, NULL, NULL, NULL, NULL, NULL, NULL, NULL, NULL, NULL, NULL, NULL, NULL, NULL, NULL, NULL, NULL, NULL, NULL, NULL, NULL, NULL, NULL, '2018-04-10 11:20:09', '2018-04-10 11:23:08', '67edf6fd-62ce-41bb-9f07-879c84fb9e89'),
 ('539', '578', 'en_gb', 'D953E52  Before  Staircase', NULL, NULL, NULL, NULL, NULL, NULL, NULL, NULL, NULL, NULL, NULL, NULL, NULL, NULL, NULL, NULL, NULL, NULL, NULL, NULL, NULL, NULL, NULL, NULL, NULL, NULL, NULL, NULL, NULL, NULL, NULL, NULL, NULL, '2018-04-10 11:20:13', '2018-04-10 11:23:08', '321860b9-66d0-469a-9247-d154530c953c'),
 ('540', '579', 'en_gb', 'A313960  Before  Lounge', NULL, NULL, NULL, NULL, NULL, NULL, NULL, NULL, NULL, NULL, NULL, NULL, NULL, NULL, NULL, NULL, NULL, NULL, NULL, NULL, NULL, NULL, NULL, NULL, NULL, NULL, NULL, NULL, NULL, NULL, NULL, NULL, NULL, '2018-04-10 11:20:14', '2018-04-10 11:23:08', '8535aed7-d931-44ff-a9d3-a35c2602a425'),
 ('541', '580', 'en_gb', '4173386  Before  Front  Elevation', NULL, NULL, NULL, NULL, NULL, NULL, NULL, NULL, NULL, NULL, NULL, NULL, NULL, NULL, NULL, NULL, NULL, NULL, NULL, NULL, NULL, NULL, NULL, NULL, NULL, NULL, NULL, NULL, NULL, NULL, NULL, NULL, NULL, '2018-04-10 11:20:14', '2018-04-10 11:23:08', 'e7a32ed4-9e82-4759-9370-9117e955d68d'),
 ('542', '581', 'en_gb', 'E2293C4  Before  Entrance', NULL, NULL, NULL, NULL, NULL, NULL, NULL, NULL, NULL, NULL, NULL, NULL, NULL, NULL, NULL, NULL, NULL, NULL, NULL, NULL, NULL, NULL, NULL, NULL, NULL, NULL, NULL, NULL, NULL, NULL, NULL, NULL, NULL, '2018-04-10 11:20:14', '2018-04-10 11:23:08', 'd6d2db99-448c-4919-849f-3d148be2ac43'),
 ('543', '582', 'en_gb', '91C318D  Before  Staircase', NULL, NULL, NULL, NULL, NULL, NULL, NULL, NULL, NULL, NULL, NULL, NULL, NULL, NULL, NULL, NULL, NULL, NULL, NULL, NULL, NULL, NULL, NULL, NULL, NULL, NULL, NULL, NULL, NULL, NULL, NULL, NULL, NULL, '2018-04-10 11:21:20', '2018-04-10 11:21:20', 'cd89697c-d2b9-4662-931f-39816769735f'),
 ('544', '583', 'en_gb', 'B73B879  After  Staircase', NULL, NULL, NULL, NULL, NULL, NULL, NULL, NULL, NULL, NULL, NULL, NULL, NULL, NULL, NULL, NULL, NULL, NULL, NULL, NULL, NULL, NULL, NULL, NULL, NULL, NULL, NULL, NULL, NULL, NULL, NULL, NULL, NULL, '2018-04-10 11:21:24', '2018-04-10 11:23:08', 'af31608e-a697-4806-a4d8-53409b230517'),
 ('545', '584', 'en_gb', 'B67A158  Before  Lounge', NULL, NULL, NULL, NULL, NULL, NULL, NULL, NULL, NULL, NULL, NULL, NULL, NULL, NULL, NULL, NULL, NULL, NULL, NULL, NULL, NULL, NULL, NULL, NULL, NULL, NULL, NULL, NULL, NULL, NULL, NULL, NULL, NULL, '2018-04-10 11:22:46', '2018-04-10 11:22:46', '6fe473f6-bff4-40a4-bd57-5d476f7be6f0'),
 ('546', '585', 'en_gb', '7487B50  After  Staircase', NULL, NULL, NULL, NULL, NULL, NULL, NULL, NULL, NULL, NULL, NULL, NULL, NULL, NULL, NULL, NULL, NULL, NULL, NULL, NULL, NULL, NULL, NULL, NULL, NULL, NULL, NULL, NULL, NULL, NULL, NULL, NULL, NULL, '2018-04-10 11:23:00', '2018-04-10 11:23:08', '84a84c32-802c-4434-9fdb-cf06a5d6e17c'),
 ('547', '586', 'en_gb', '91D71Db  After  Modernised  Hallway', NULL, NULL, NULL, NULL, NULL, NULL, NULL, NULL, NULL, NULL, NULL, NULL, NULL, NULL, NULL, NULL, NULL, NULL, NULL, NULL, NULL, NULL, NULL, NULL, NULL, NULL, NULL, NULL, NULL, NULL, NULL, NULL, NULL, '2018-04-10 11:23:00', '2018-04-10 11:23:08', '1569b448-4e7a-4c9c-b136-047e7a32c958'),
 ('548', '587', 'en_gb', 'B2F6542  After  Roadside  Elevation', NULL, NULL, NULL, NULL, NULL, NULL, NULL, NULL, NULL, NULL, NULL, NULL, NULL, NULL, NULL, NULL, NULL, NULL, NULL, NULL, NULL, NULL, NULL, NULL, NULL, NULL, NULL, NULL, NULL, NULL, NULL, NULL, NULL, '2018-04-10 11:23:00', '2018-04-10 11:23:09', 'd8e9e68c-812d-4e50-ada0-fcc6ed3f284c'),
 ('549', '588', 'en_gb', '2983Bad  After  Kitchen', NULL, NULL, NULL, NULL, NULL, NULL, NULL, NULL, NULL, NULL, NULL, NULL, NULL, NULL, NULL, NULL, NULL, NULL, NULL, NULL, NULL, NULL, NULL, NULL, NULL, NULL, NULL, NULL, NULL, NULL, NULL, NULL, NULL, '2018-04-10 11:23:00', '2018-04-10 11:23:09', '360d02e6-f2b8-4820-866a-a0dcf031a204'),
 ('550', '589', 'en_gb', '100E16B  After Front Elevation', NULL, NULL, NULL, NULL, NULL, NULL, NULL, NULL, NULL, NULL, NULL, NULL, NULL, NULL, NULL, NULL, NULL, NULL, NULL, NULL, NULL, NULL, NULL, NULL, NULL, NULL, NULL, NULL, NULL, NULL, NULL, NULL, NULL, '2018-04-10 11:23:00', '2018-04-10 11:23:09', '147bb5a6-07ab-4b04-bfa2-8592a3a29a49'),
 ('551', '590', 'en_gb', '6F651A6  After  Entrance', NULL, NULL, NULL, NULL, NULL, NULL, NULL, NULL, NULL, NULL, NULL, NULL, NULL, NULL, NULL, NULL, NULL, NULL, NULL, NULL, NULL, NULL, NULL, NULL, NULL, NULL, NULL, NULL, NULL, NULL, NULL, NULL, NULL, '2018-04-10 11:23:00', '2018-04-10 11:23:09', '67a1f941-7caf-495a-9281-b5b797e72daf'),
 ('552', '591', 'en_gb', '2Ef3984  After  Dining With  Sliding  Doors', NULL, NULL, NULL, NULL, NULL, NULL, NULL, NULL, NULL, NULL, NULL, NULL, NULL, NULL, NULL, NULL, NULL, NULL, NULL, NULL, NULL, NULL, NULL, NULL, NULL, NULL, NULL, NULL, NULL, NULL, NULL, NULL, NULL, '2018-04-10 11:23:00', '2018-04-10 11:23:09', '402d8a89-d19e-4682-8a4a-f549e534d448'),
 ('553', '592', 'en_gb', 'Cae428E  After    Frameless  Glass  Balustrade', NULL, NULL, NULL, NULL, NULL, NULL, NULL, NULL, NULL, NULL, NULL, NULL, NULL, NULL, NULL, NULL, NULL, NULL, NULL, NULL, NULL, NULL, NULL, NULL, NULL, NULL, NULL, NULL, NULL, NULL, NULL, NULL, NULL, '2018-04-10 11:23:00', '2018-04-10 11:23:09', '9c62bd35-d305-4491-98f0-7b802f4b8978'),
 ('554', '593', 'en_gb', 'After Roadside Elevation', NULL, NULL, NULL, NULL, NULL, NULL, NULL, NULL, NULL, NULL, NULL, NULL, NULL, NULL, NULL, NULL, NULL, NULL, NULL, NULL, NULL, NULL, NULL, NULL, NULL, NULL, NULL, NULL, NULL, NULL, NULL, NULL, NULL, '2018-04-10 11:23:08', '2018-04-10 11:23:08', '707a12b1-c8b9-43bb-bb98-e61a41058e3f'),
 ('555', '594', 'en_gb', '5 Jardin des Cures', NULL, NULL, NULL, NULL, NULL, NULL, NULL, NULL, NULL, NULL, NULL, NULL, 'Gallaher Architects', 'Grouville, Jersey', 'www.architects.je', NULL, 'This 60\'s style dwelling was modernised internally and a small extension added in a minimalist style complimenting the architecture of the original buildings.', NULL, '', 'Our design approach was to respect and preserve the existing architectural style, whilst making essential improvements to the performance of the building', 'Justin Gallaher', 'Gallaher Architects', '', '', '', NULL, NULL, NULL, NULL, NULL, NULL, NULL, NULL, '2018-04-10 11:23:08', '2018-04-10 11:23:08', '15e36056-fb71-4452-b720-ccde550ad627'),
 ('556', '595', 'en_gb', '7569088  Before  Previous  Dwelling', NULL, NULL, NULL, NULL, NULL, NULL, NULL, NULL, NULL, NULL, NULL, NULL, NULL, NULL, NULL, NULL, NULL, NULL, NULL, NULL, NULL, NULL, NULL, NULL, NULL, NULL, NULL, NULL, NULL, NULL, NULL, NULL, NULL, '2018-04-10 11:41:23', '2018-04-10 11:41:52', 'fc9aa901-a908-4ffd-9f08-1fcafe20518a'),
 ('557', '596', 'en_gb', '99E024B  Montage  Superimposed Model', NULL, NULL, NULL, NULL, NULL, NULL, NULL, NULL, NULL, NULL, NULL, NULL, NULL, NULL, NULL, NULL, NULL, NULL, NULL, NULL, NULL, NULL, NULL, NULL, NULL, NULL, NULL, NULL, NULL, NULL, NULL, NULL, NULL, '2018-04-10 11:41:26', '2018-04-10 11:41:52', 'c7ccf5db-ddfd-4ea7-aaef-5f877f333539'),
 ('558', '597', 'en_gb', '6E5Ad57  Montage  Superimposed Model', NULL, NULL, NULL, NULL, NULL, NULL, NULL, NULL, NULL, NULL, NULL, NULL, NULL, NULL, NULL, NULL, NULL, NULL, NULL, NULL, NULL, NULL, NULL, NULL, NULL, NULL, NULL, NULL, NULL, NULL, NULL, NULL, NULL, '2018-04-10 11:41:40', '2018-04-10 11:41:52', '92f51163-cefe-4216-817a-f7eb5969e6ad'),
 ('559', '598', 'en_gb', 'D6041Af  Before  Previous  Dwelling', NULL, NULL, NULL, NULL, NULL, NULL, NULL, NULL, NULL, NULL, NULL, NULL, NULL, NULL, NULL, NULL, NULL, NULL, NULL, NULL, NULL, NULL, NULL, NULL, NULL, NULL, NULL, NULL, NULL, NULL, NULL, NULL, NULL, '2018-04-10 11:41:40', '2018-04-10 11:41:52', 'f33fbbf0-1cde-43e0-899a-21b07611962f'),
 ('560', '599', 'en_gb', 'Db1C432  After  Roadside  View', NULL, NULL, NULL, NULL, NULL, NULL, NULL, NULL, NULL, NULL, NULL, NULL, NULL, NULL, NULL, NULL, NULL, NULL, NULL, NULL, NULL, NULL, NULL, NULL, NULL, NULL, NULL, NULL, NULL, NULL, NULL, NULL, NULL, '2018-04-10 11:41:40', '2018-04-10 11:41:52', '8c0912ad-2891-4e45-8494-2fffff3d1708'),
 ('561', '600', 'en_gb', '45Cfce8  After  Front  Facade', NULL, NULL, NULL, NULL, NULL, NULL, NULL, NULL, NULL, NULL, NULL, NULL, NULL, NULL, NULL, NULL, NULL, NULL, NULL, NULL, NULL, NULL, NULL, NULL, NULL, NULL, NULL, NULL, NULL, NULL, NULL, NULL, NULL, '2018-04-10 11:41:40', '2018-04-10 11:41:52', '353a7af8-e4d9-4c9d-975f-9ea473e9fb59'),
 ('562', '601', 'en_gb', '914Ac0F  After  Finished  Building', NULL, NULL, NULL, NULL, NULL, NULL, NULL, NULL, NULL, NULL, NULL, NULL, NULL, NULL, NULL, NULL, NULL, NULL, NULL, NULL, NULL, NULL, NULL, NULL, NULL, NULL, NULL, NULL, NULL, NULL, NULL, NULL, NULL, '2018-04-10 11:41:41', '2018-04-10 11:41:52', 'a7872da5-68ee-44fa-8ae5-0968eadb543e'),
 ('563', '602', 'en_gb', 'A949442  After  Field  View', NULL, NULL, NULL, NULL, NULL, NULL, NULL, NULL, NULL, NULL, NULL, NULL, NULL, NULL, NULL, NULL, NULL, NULL, NULL, NULL, NULL, NULL, NULL, NULL, NULL, NULL, NULL, NULL, NULL, NULL, NULL, NULL, NULL, '2018-04-10 11:41:41', '2018-04-10 11:41:52', '394c9097-4e19-4bed-8f4d-96b76aca295a'),
 ('564', '603', 'en_gb', 'After Finished Building', NULL, NULL, NULL, NULL, NULL, NULL, NULL, NULL, NULL, NULL, NULL, NULL, NULL, NULL, NULL, NULL, NULL, NULL, NULL, NULL, NULL, NULL, NULL, NULL, NULL, NULL, NULL, NULL, NULL, NULL, NULL, NULL, NULL, '2018-04-10 11:41:52', '2018-04-10 11:41:52', '16189e20-b890-4bd2-8c33-c6031d0808f0'),
 ('565', '604', 'en_gb', 'Anchor House (formally Ancona)', NULL, NULL, NULL, NULL, NULL, NULL, NULL, NULL, NULL, NULL, NULL, NULL, 'Gallaher Architects', 'La Coupe, St Martin, Jersey', 'www.architects.je', NULL, 'This project involved demolishing an existing dwelling in the Green Zone and replacing it with a traditional Jersey 3 bay vernacular building.', NULL, '', '', '', '', '', '', '', NULL, NULL, NULL, NULL, NULL, NULL, NULL, NULL, '2018-04-10 11:41:52', '2018-04-10 11:43:28', '52b03d49-8c44-43ef-ba83-6e3a73a9217a'),
 ('566', '605', 'en_gb', '9877386  Justin  Gallaher (2)', NULL, NULL, NULL, NULL, NULL, NULL, NULL, NULL, NULL, NULL, NULL, NULL, NULL, NULL, NULL, NULL, NULL, NULL, NULL, NULL, NULL, NULL, NULL, NULL, NULL, NULL, NULL, NULL, NULL, NULL, NULL, NULL, NULL, '2018-04-10 11:42:50', '2018-04-10 11:42:50', '8884ed1a-0bc3-4d4c-b25b-119a0a6a44d1'),
 ('567', '606', 'en_gb', '11Fc873  Montage  Superimposed Model', NULL, NULL, NULL, NULL, NULL, NULL, NULL, NULL, NULL, NULL, NULL, NULL, NULL, NULL, NULL, NULL, NULL, NULL, NULL, NULL, NULL, NULL, NULL, NULL, NULL, NULL, NULL, NULL, NULL, NULL, NULL, NULL, NULL, '2018-04-10 11:43:23', '2018-04-10 11:43:28', '419f09f8-8da6-4b5c-8ff2-1bd1790d8333'),
 ('568', '607', 'en_gb', 'E3132Bb  Before  Previous  Dwelling', NULL, NULL, NULL, NULL, NULL, NULL, NULL, NULL, NULL, NULL, NULL, NULL, NULL, NULL, NULL, NULL, NULL, NULL, NULL, NULL, NULL, NULL, NULL, NULL, NULL, NULL, NULL, NULL, NULL, NULL, NULL, NULL, NULL, '2018-04-10 11:43:23', '2018-04-10 11:43:28', '65b4a425-cfe0-418c-ba50-74c88e8c1662'),
 ('569', '608', 'en_gb', 'Cdc8Aee  After  Roadside  View', NULL, NULL, NULL, NULL, NULL, NULL, NULL, NULL, NULL, NULL, NULL, NULL, NULL, NULL, NULL, NULL, NULL, NULL, NULL, NULL, NULL, NULL, NULL, NULL, NULL, NULL, NULL, NULL, NULL, NULL, NULL, NULL, NULL, '2018-04-10 11:43:23', '2018-04-10 11:43:28', '72c7fe25-c681-4bc1-bb36-63f5bd108e6f'),
 ('570', '609', 'en_gb', '43Ed732  After  Front  Facade', NULL, NULL, NULL, NULL, NULL, NULL, NULL, NULL, NULL, NULL, NULL, NULL, NULL, NULL, NULL, NULL, NULL, NULL, NULL, NULL, NULL, NULL, NULL, NULL, NULL, NULL, NULL, NULL, NULL, NULL, NULL, NULL, NULL, '2018-04-10 11:43:23', '2018-04-10 11:43:28', '8696e8a9-a1c5-4376-a0bd-4475c2d181bb'),
 ('571', '610', 'en_gb', '8Bdef19  After  Finished  Building', NULL, NULL, NULL, NULL, NULL, NULL, NULL, NULL, NULL, NULL, NULL, NULL, NULL, NULL, NULL, NULL, NULL, NULL, NULL, NULL, NULL, NULL, NULL, NULL, NULL, NULL, NULL, NULL, NULL, NULL, NULL, NULL, NULL, '2018-04-10 11:43:23', '2018-04-10 11:43:28', 'edf6bde2-8e1b-4f02-ad2c-607372f54a91'),
 ('572', '611', 'en_gb', '5Cb6B72  After  Field  View', NULL, NULL, NULL, NULL, NULL, NULL, NULL, NULL, NULL, NULL, NULL, NULL, NULL, NULL, NULL, NULL, NULL, NULL, NULL, NULL, NULL, NULL, NULL, NULL, NULL, NULL, NULL, NULL, NULL, NULL, NULL, NULL, NULL, '2018-04-10 11:43:23', '2018-04-10 11:43:28', '9b74c889-646d-49e8-a9ea-7bcb8c1d7596'),
 ('573', '612', 'en_gb', '1393078 2 Mt Vbo W', NULL, NULL, NULL, NULL, NULL, NULL, NULL, NULL, NULL, NULL, NULL, NULL, NULL, NULL, NULL, NULL, NULL, NULL, NULL, NULL, NULL, NULL, NULL, NULL, NULL, NULL, NULL, NULL, NULL, NULL, NULL, NULL, NULL, '2018-04-17 13:50:24', '2018-04-17 13:50:24', 'c1d7c948-25ea-4705-a304-668fcf18e03f'),
 ('574', '613', 'en_gb', 'De7E61B Image (2)', NULL, NULL, NULL, NULL, NULL, NULL, NULL, NULL, NULL, NULL, NULL, NULL, NULL, NULL, NULL, NULL, NULL, NULL, NULL, NULL, NULL, NULL, NULL, NULL, NULL, NULL, NULL, NULL, NULL, NULL, NULL, NULL, NULL, '2018-04-17 15:04:48', '2018-04-17 15:04:48', '36159246-ccf1-429d-9bb8-e4346800f33a'),
 ('575', '614', 'en_gb', NULL, NULL, '34', '048290K', '4780645', '+44 1534 768740', 'Principal of BDK Architects, multiple Award-Winning Chartered Architects, Planning Consultants, Heritage Advisers, Designers, Development Consultants, Project Managers and Expert Witness.\r\n\r\nProviding a perfect blend of of Professional Expertise at highest level, combined with Island Experience and Local Knowledge.\r\n\r\n“We used BDK Architects and found them to be quick, reasonably priced, creative, great to work with, approachable and with a complete understanding of all Planning and Building Bye-Law aspects. We would recommend them for any construction project!”\r\n\r\n', 'https://www.facebook.com/JerseyArchitects/', 'https://twitter.com/JerseyArchitect', 'https://www.instagram.com/bdk_architects/', 'https://www.linkedin.com/company/797205/', '', 'https://www.bdkarchitects.com', NULL, NULL, NULL, NULL, NULL, NULL, NULL, NULL, NULL, NULL, NULL, NULL, NULL, NULL, NULL, NULL, NULL, NULL, NULL, NULL, NULL, '2018-04-27 07:56:54', '2018-04-27 07:56:54', '34b3c318-41f0-471c-93fd-8944c46ccbb9'),
 ('576', '615', 'en_gb', 'Contact', NULL, NULL, NULL, NULL, NULL, NULL, NULL, NULL, NULL, NULL, NULL, NULL, NULL, NULL, NULL, NULL, NULL, NULL, NULL, NULL, NULL, NULL, NULL, NULL, NULL, NULL, NULL, NULL, NULL, '[{\"col1\":\"Patron - Colin Perchard\",\"col2\":\"\"},{\"col1\":\"Senior Vice President - Alison Horton\",\"col2\":\"alisonmhorton@gmail.com\"},{\"col1\":\"Hon Secretary - Chantelle Arnold\",\"col2\":\"arniejersey@hotmail.com\"},{\"col1\":\"Hon Treasurer - Mark Dennis\",\"col2\":\"origin.arcstudio@icloud.com\"},{\"col1\":\"Council  - Anna Robertson\",\"col2\":\"anna@vestaarchitecture.co.uk\"},{\"col1\":\"Council - Carlo Riva\",\"col2\":\"carlo@riva-architects.com\"},{\"col1\":\"Council - Mike Waddington\",\"col2\":\"mikew@waddington.je\"}]', NULL, NULL, NULL, '2018-07-11 10:25:16', '2018-07-11 11:33:10', '3d68659c-1731-45f2-85fb-ba7a19c070d5'),
 ('577', '616', 'en_gb', 'Andrew Harvey Architects', NULL, NULL, NULL, NULL, NULL, NULL, NULL, NULL, NULL, NULL, NULL, '', NULL, NULL, NULL, NULL, NULL, NULL, NULL, NULL, NULL, NULL, NULL, NULL, NULL, NULL, NULL, NULL, NULL, NULL, 'andrew@aha.co.je', '869291', '1st Floor, Beresford House, Bellozanne Road, St Helier, JE2 3JW', '2018-07-11 12:59:30', '2018-07-11 13:02:27', 'bcd209be-2d10-430a-9b22-21bc55ef0c6c'),
 ('578', '617', 'en_gb', 'architecture Barnes Collie Fischer', NULL, NULL, NULL, NULL, NULL, NULL, NULL, NULL, NULL, NULL, NULL, 'www.a-bcf.com', NULL, NULL, NULL, NULL, NULL, NULL, NULL, NULL, NULL, NULL, NULL, NULL, NULL, NULL, NULL, NULL, NULL, NULL, 'mail@a-bcf.com', '733100', '13 Royal Square, St Helier, JE2 4WA', '2018-07-11 13:03:33', '2018-07-11 13:03:33', 'ac474653-c839-4cde-92c4-cf7ea4359847'),
 ('579', '618', 'en_gb', 'Architecture D3 Ltd', NULL, NULL, NULL, NULL, NULL, NULL, NULL, NULL, NULL, NULL, NULL, 'www.c3darchitect.com', NULL, NULL, NULL, NULL, NULL, NULL, NULL, NULL, NULL, NULL, NULL, NULL, NULL, NULL, NULL, NULL, NULL, NULL, 'chris@c3darchitect.com', '747978', 'The Studio (near patch coal), La Rue de la Vallee, St Mary, JE3 3DL', '2018-07-11 13:04:45', '2018-07-11 13:04:45', 'd29b798b-0d40-40d0-8f18-f1d367e16190'),
 ('580', '619', 'en_gb', 'Arkitecture Ltd', NULL, NULL, NULL, NULL, NULL, NULL, NULL, NULL, NULL, NULL, NULL, '', NULL, NULL, NULL, NULL, NULL, NULL, NULL, NULL, NULL, NULL, NULL, NULL, NULL, NULL, NULL, NULL, NULL, NULL, 'enquiries@jerseyarkitecture.co.uk', '852306', '4 Le Petit Catelet, La Route de St. Jean, St. John, JE3 4EN', '2018-07-11 13:05:32', '2018-07-11 13:05:32', 'c435a801-10a2-4508-9468-d670f13b6c39'),
 ('581', '620', 'en_gb', 'AM Architects', NULL, NULL, NULL, NULL, NULL, NULL, NULL, NULL, NULL, NULL, NULL, 'www.amarchitects.net', NULL, NULL, NULL, NULL, NULL, NULL, NULL, NULL, NULL, NULL, NULL, NULL, NULL, NULL, NULL, NULL, NULL, NULL, 'all@amarchitects.net', '736728', '12 Britannia Place, Bath Street, St Helier, Jersey, JE2 4SU', '2018-07-11 13:06:20', '2018-07-11 13:06:20', 'fdd5507e-286a-4d68-af4b-18a81a9281e7'),
 ('582', '621', 'en_gb', 'Axis Mason Limited', NULL, NULL, NULL, NULL, NULL, NULL, NULL, NULL, NULL, NULL, NULL, 'www.axismason.com', NULL, NULL, NULL, NULL, NULL, NULL, NULL, NULL, NULL, NULL, NULL, NULL, NULL, NULL, NULL, NULL, NULL, NULL, 'jersey@axismason.com', '870137', 'Sommerville House, Phillips Street, St Helier, JE2 4SW', '2018-07-11 13:07:47', '2018-07-11 13:07:47', 'c6d52f3b-befa-406d-a5f0-e305f7e7684a'),
 ('583', '622', 'en_gb', 'BDK Architects', NULL, NULL, NULL, NULL, NULL, NULL, NULL, NULL, NULL, NULL, NULL, 'www.bdkarchitects.com', NULL, NULL, NULL, NULL, NULL, NULL, NULL, NULL, NULL, NULL, NULL, NULL, NULL, NULL, NULL, NULL, NULL, NULL, 'enquiry@bdkarchitects.com', '768740', 'White Lodge, Wellington Road, St Saviour, JE2 7TE', '2018-07-11 13:08:32', '2018-07-11 13:08:32', '9bf05a79-dfaa-4912-be01-adca43eb0de4'),
 ('584', '623', 'en_gb', 'Dyson and Buesnel Architects', NULL, NULL, NULL, NULL, NULL, NULL, NULL, NULL, NULL, NULL, NULL, 'www.dbarchitects.co.je', NULL, NULL, NULL, NULL, NULL, NULL, NULL, NULL, NULL, NULL, NULL, NULL, NULL, NULL, NULL, NULL, NULL, NULL, 'contact@dbarchitects.co.je', '880861', '108 Halkett Place, St Helier, JE2 4WH', '2018-07-11 13:09:39', '2018-07-11 13:09:39', '239a80cf-bbce-4f2a-886c-9a9fa8ff023a'),
 ('585', '624', 'en_gb', 'Gallaher Architects', NULL, NULL, NULL, NULL, NULL, NULL, NULL, NULL, NULL, NULL, NULL, 'www.architects.je', NULL, NULL, NULL, NULL, NULL, NULL, NULL, NULL, NULL, NULL, NULL, NULL, NULL, NULL, NULL, NULL, NULL, NULL, 'info@architects.je', '724394', '12 Dumaresq St, St Helier, JE2 3RL', '2018-07-11 13:10:19', '2018-07-11 13:10:23', 'ed51c9b0-bfe2-46a6-ae34-4701c6705b8d'),
 ('586', '625', 'en_gb', 'Godel Architects', NULL, NULL, NULL, NULL, NULL, NULL, NULL, NULL, NULL, NULL, NULL, 'www.godelarchitects.com', NULL, NULL, NULL, NULL, NULL, NULL, NULL, NULL, NULL, NULL, NULL, NULL, NULL, NULL, NULL, NULL, NULL, NULL, 'enquiry@godelarchitects.com', '486050', 'La Chasse Studio, La Rue de la Vallée, St Mary, JE3 3DL', '2018-07-11 13:12:21', '2018-07-11 13:12:21', 'f49525c6-b386-4883-9cab-1507e0b07282'),
 ('587', '626', 'en_gb', 'James Naish Architect', NULL, NULL, NULL, NULL, NULL, NULL, NULL, NULL, NULL, NULL, NULL, 'www.jamesnaish.co.uk', NULL, NULL, NULL, NULL, NULL, NULL, NULL, NULL, NULL, NULL, NULL, NULL, NULL, NULL, NULL, NULL, NULL, NULL, 'info@jamesnaish.co.uk', '490028', 'The Studio, Clos du Mur, Route de Plemont, St Ouen, Je3 2BD', '2018-07-11 13:13:30', '2018-07-11 13:13:30', '5a9ad1ac-b7af-4e0e-919e-88a21c47f8a6'),
 ('588', '627', 'en_gb', 'Jane Faulkner Architect RIBA (JFA)', NULL, NULL, NULL, NULL, NULL, NULL, NULL, NULL, NULL, NULL, NULL, 'www.jfa-architect.com', NULL, NULL, NULL, NULL, NULL, NULL, NULL, NULL, NULL, NULL, NULL, NULL, NULL, NULL, NULL, NULL, NULL, NULL, 'janef@localdial.com', '744773', 'The Studio, No 4 Petit Port Close, La Route de Petit Port, St Brelade, JE3 8HJ', '2018-07-11 13:14:00', '2018-07-11 13:14:00', 'b37e1a30-f979-4264-82ec-e829a572958d'),
 ('589', '628', 'en_gb', 'Marc Medland Architect', NULL, NULL, NULL, NULL, NULL, NULL, NULL, NULL, NULL, NULL, NULL, 'www.marcmedland.co.uk', NULL, NULL, NULL, NULL, NULL, NULL, NULL, NULL, NULL, NULL, NULL, NULL, NULL, NULL, NULL, NULL, NULL, NULL, 'marc_medland@yahoo.co.uk', '07797 838229', '2 Heron Mews, La Petite rue du Val Plaisant, St Helier, JE2 4YA', '2018-07-11 13:14:32', '2018-07-11 13:14:32', '5c5ee77e-4dfa-4007-b817-1d090ffeef76'),
 ('590', '629', 'en_gb', 'Michael Bravery Chartered Architect', NULL, NULL, NULL, NULL, NULL, NULL, NULL, NULL, NULL, NULL, NULL, 'www.mbraveryarchitect.com', NULL, NULL, NULL, NULL, NULL, NULL, NULL, NULL, NULL, NULL, NULL, NULL, NULL, NULL, NULL, NULL, NULL, NULL, 'mike@mbraveryarchitect.com', '631312', 'Felsted Studio, La Rue de Guilleaume et d’Anneville, St Martin, JE3 6DP', '2018-07-11 13:15:25', '2018-07-11 13:15:25', '75efe066-b937-4a38-ba71-f6c3caeec9eb'),
 ('591', '630', 'en_gb', 'Morris Architects Ltd', NULL, NULL, NULL, NULL, NULL, NULL, NULL, NULL, NULL, NULL, NULL, 'www.morrisarchitects.co.uk', NULL, NULL, NULL, NULL, NULL, NULL, NULL, NULL, NULL, NULL, NULL, NULL, NULL, NULL, NULL, NULL, NULL, NULL, 'info@morrisarchitects.co.uk', '738635', '17 La Motte Street, St Helier, JE2 4SY', '2018-07-11 13:15:54', '2018-07-11 13:15:54', 'fb16b25e-f360-4b70-9bd6-233d3729bbad'),
 ('592', '631', 'en_gb', 'Nigel Biggar & Partners', NULL, NULL, NULL, NULL, NULL, NULL, NULL, NULL, NULL, NULL, NULL, 'www.nigelbiggar.com', NULL, NULL, NULL, NULL, NULL, NULL, NULL, NULL, NULL, NULL, NULL, NULL, NULL, NULL, NULL, NULL, NULL, NULL, 'rcl@nbandpjersey.com', '731391', 'Shadingfield Studio, Mont a la Brune, St Brelade, JE3 8FL', '2018-07-11 13:17:20', '2018-07-11 13:17:20', 'f4506280-20a5-4535-bfdd-8a54ffc70c14'),
 ('593', '632', 'en_gb', 'Origin Architecture Studio', NULL, NULL, NULL, NULL, NULL, NULL, NULL, NULL, NULL, NULL, NULL, '', NULL, NULL, NULL, NULL, NULL, NULL, NULL, NULL, NULL, NULL, NULL, NULL, NULL, NULL, NULL, NULL, NULL, NULL, 'origin.arcstudio@icloud.com', '484658', '‘The Beach Hut’ Two Watkin Villa, Victoria Avenue, St Helier, JE2 3LU', '2018-07-11 13:17:48', '2018-07-11 13:17:48', '50fda65b-dea7-4fa9-9945-567d15bc9958'),
 ('594', '633', 'en_gb', 'PAGE Architects Ltd', NULL, NULL, NULL, NULL, NULL, NULL, NULL, NULL, NULL, NULL, NULL, 'www.pagearchitects.co.uk', NULL, NULL, NULL, NULL, NULL, NULL, NULL, NULL, NULL, NULL, NULL, NULL, NULL, NULL, NULL, NULL, NULL, NULL, 'info@pagearchitects.co.uk', '869054', 'Crahamel House, 1-3 Duhamel Place, St Helier, JE2 4TP', '2018-07-11 13:19:16', '2018-07-11 13:19:16', '6b068a23-d882-4198-96f3-cd9751d4cb8b'),
 ('595', '634', 'en_gb', 'Richard Le Sueur Architects', NULL, NULL, NULL, NULL, NULL, NULL, NULL, NULL, NULL, NULL, NULL, 'www.rlesarchitects.co.uk', NULL, NULL, NULL, NULL, NULL, NULL, NULL, NULL, NULL, NULL, NULL, NULL, NULL, NULL, NULL, NULL, NULL, NULL, 'rlesarch@gmail.com', '626874', '5 Minden Place, St Helier, JE2 4WQ', '2018-07-11 13:19:49', '2018-07-11 13:19:49', '18445667-aa8f-49fa-a632-d2fc0c60d815'),
 ('596', '635', 'en_gb', 'Riva Architects Ltd.', NULL, NULL, NULL, NULL, NULL, NULL, NULL, NULL, NULL, NULL, NULL, 'www.riva-architects.com', NULL, NULL, NULL, NULL, NULL, NULL, NULL, NULL, NULL, NULL, NULL, NULL, NULL, NULL, NULL, NULL, NULL, NULL, 'office@riva-architects.com', '499383', 'Industria House, Red Houses, St Brelade, JE3 8LD', '2018-07-11 13:20:21', '2018-07-11 13:22:18', '2d5908e5-2cd9-4c3f-a00e-4cea1e1e9eb1'),
 ('597', '636', 'en_gb', 'Sara Hart: Architect Limited', NULL, NULL, NULL, NULL, NULL, NULL, NULL, NULL, NULL, NULL, NULL, 'www.sarahart.uk', NULL, NULL, NULL, NULL, NULL, NULL, NULL, NULL, NULL, NULL, NULL, NULL, NULL, NULL, NULL, NULL, NULL, NULL, 'sara@sarahart.uk', '733732', 'La Bouque, 2 The Gables, Le Hurel, St Ouen, JE3 2LE', '2018-07-11 13:32:29', '2018-07-11 13:32:29', 'd11779d1-e2d0-44c0-8982-575c44de061f'),
 ('598', '637', 'en_gb', 'TSAssociates Ltd. - Tim Skudder', NULL, NULL, NULL, NULL, NULL, NULL, NULL, NULL, NULL, NULL, NULL, 'www.tsajersey.com', NULL, NULL, NULL, NULL, NULL, NULL, NULL, NULL, NULL, NULL, NULL, NULL, NULL, NULL, NULL, NULL, NULL, NULL, 'info@tsajersey.com', '481743', 'Fisher’s Gate, Route des Laveurs, St Ouen, JE3 2FH', '2018-07-11 13:33:02', '2018-07-11 13:33:02', 'b1bc761c-b371-4b97-b83f-52bf4f538a12'),
 ('599', '638', 'en_gb', 'Vesta Architecture', NULL, NULL, NULL, NULL, NULL, NULL, NULL, NULL, NULL, NULL, NULL, 'www.vestaarchitecture.co.uk', NULL, NULL, NULL, NULL, NULL, NULL, NULL, NULL, NULL, NULL, NULL, NULL, NULL, NULL, NULL, NULL, NULL, NULL, 'anna@vestaarchitecture.co.uk', '745167', 'Vale Lodge, Mont Fallu, St Peter, JE3 7EF', '2018-07-11 13:33:55', '2018-07-11 13:33:55', 'dfe7381d-0acd-4468-8c08-3acecddd961c'),
 ('600', '639', 'en_gb', 'Waddington Architects', NULL, NULL, NULL, NULL, NULL, NULL, NULL, NULL, NULL, NULL, NULL, 'www.waddington.je', NULL, NULL, NULL, NULL, NULL, NULL, NULL, NULL, NULL, NULL, NULL, NULL, NULL, NULL, NULL, NULL, NULL, NULL, 'mail@waddington.je', '766788', '3 St Andrew’s Place, Charing Cross, St Helier, JE2 3RP', '2018-07-11 13:34:31', '2018-07-11 13:34:51', '480783d7-41cf-4161-834b-be365fd46c5d'),
 ('601', '640', 'en_gb', 'Wildbore Hands Ltd.', NULL, NULL, NULL, NULL, NULL, NULL, NULL, NULL, NULL, NULL, NULL, 'www.wildborehands.com', NULL, NULL, NULL, NULL, NULL, NULL, NULL, NULL, NULL, NULL, NULL, NULL, NULL, NULL, NULL, NULL, NULL, NULL, 'mail@wildborehands.com', '605087', 'Doué House, 1B Longueville Rd, St Saviours, JE2 7SA', '2018-07-11 13:35:37', '2018-07-11 13:35:37', 'aff291a7-a1a1-44cc-8bdf-de132caf7494');



DROP TABLE IF EXISTS `craft_deprecationerrors`;


--
-- Schema for table `craft_deprecationerrors`
--
CREATE TABLE `craft_deprecationerrors` (
  `id` int(11) NOT NULL AUTO_INCREMENT,
  `key` varchar(255) COLLATE utf8_unicode_ci NOT NULL,
  `fingerprint` varchar(255) COLLATE utf8_unicode_ci NOT NULL,
  `lastOccurrence` datetime NOT NULL,
  `file` varchar(255) COLLATE utf8_unicode_ci NOT NULL,
  `line` smallint(6) unsigned NOT NULL,
  `class` varchar(255) COLLATE utf8_unicode_ci DEFAULT NULL,
  `method` varchar(255) COLLATE utf8_unicode_ci DEFAULT NULL,
  `template` varchar(255) COLLATE utf8_unicode_ci DEFAULT NULL,
  `templateLine` smallint(6) unsigned DEFAULT NULL,
  `message` varchar(255) COLLATE utf8_unicode_ci DEFAULT NULL,
  `traces` text COLLATE utf8_unicode_ci,
  `dateCreated` datetime NOT NULL,
  `dateUpdated` datetime NOT NULL,
  `uid` char(36) COLLATE utf8_unicode_ci NOT NULL DEFAULT '0',
  PRIMARY KEY (`id`),
  UNIQUE KEY `craft_deprecationerrors_key_fingerprint_unq_idx` (`key`,`fingerprint`)
) ENGINE=InnoDB DEFAULT CHARSET=utf8 COLLATE=utf8_unicode_ci;

DROP TABLE IF EXISTS `craft_elementindexsettings`;


--
-- Schema for table `craft_elementindexsettings`
--
CREATE TABLE `craft_elementindexsettings` (
  `id` int(11) NOT NULL AUTO_INCREMENT,
  `type` varchar(150) COLLATE utf8_unicode_ci NOT NULL,
  `settings` text COLLATE utf8_unicode_ci,
  `dateCreated` datetime NOT NULL,
  `dateUpdated` datetime NOT NULL,
  `uid` char(36) COLLATE utf8_unicode_ci NOT NULL DEFAULT '0',
  PRIMARY KEY (`id`),
  UNIQUE KEY `craft_elementindexsettings_type_unq_idx` (`type`)
) ENGINE=InnoDB AUTO_INCREMENT=3 DEFAULT CHARSET=utf8 COLLATE=utf8_unicode_ci;

--
-- Data for table `craft_elementindexsettings`
--

INSERT INTO `craft_elementindexsettings` (`id`, `type`, `settings`, `dateCreated`, `dateUpdated`, `uid`) VALUES
 ('1', 'Asset', '{\"sources\":{\"folder:1\":{\"tableAttributes\":{\"1\":\"filename\",\"2\":\"size\",\"3\":\"dateModified\",\"4\":\"id\",\"5\":\"kind\",\"6\":\"imageSize\",\"7\":\"width\",\"8\":\"height\",\"9\":\"dateCreated\",\"10\":\"dateUpdated\"}}}}', '2018-02-02 12:26:21', '2018-03-05 16:36:25', '27e73ae3-bbd0-4eb6-a2a2-3c4762759768'),
 ('2', 'Entry', '{\"sources\":{\"section:2\":{\"tableAttributes\":{\"1\":\"postDate\",\"2\":\"expiryDate\",\"3\":\"author\",\"4\":\"link\",\"5\":\"field:39\"}}}}', '2018-02-27 13:30:34', '2018-02-27 13:30:34', '3f5ea0ae-9330-4115-b7b5-76bda14aae78');



DROP TABLE IF EXISTS `craft_elements`;


--
-- Schema for table `craft_elements`
--
CREATE TABLE `craft_elements` (
  `id` int(11) NOT NULL AUTO_INCREMENT,
  `type` varchar(150) COLLATE utf8_unicode_ci NOT NULL,
  `enabled` tinyint(1) unsigned NOT NULL DEFAULT '1',
  `archived` tinyint(1) unsigned NOT NULL DEFAULT '0',
  `dateCreated` datetime NOT NULL,
  `dateUpdated` datetime NOT NULL,
  `uid` char(36) COLLATE utf8_unicode_ci NOT NULL DEFAULT '0',
  PRIMARY KEY (`id`),
  KEY `craft_elements_type_idx` (`type`),
  KEY `craft_elements_enabled_idx` (`enabled`),
  KEY `craft_elements_archived_dateCreated_idx` (`archived`,`dateCreated`)
) ENGINE=InnoDB AUTO_INCREMENT=641 DEFAULT CHARSET=utf8 COLLATE=utf8_unicode_ci;

--
-- Data for table `craft_elements`
--

INSERT INTO `craft_elements` (`id`, `type`, `enabled`, `archived`, `dateCreated`, `dateUpdated`, `uid`) VALUES
 ('1', 'User', '1', '0', '2018-01-18 10:53:34', '2018-04-27 10:31:21', 'af2fa7ac-ac84-44c0-ae94-f950173b1e4f'),
 ('2', 'Entry', '1', '0', '2018-01-18 10:53:40', '2018-07-11 08:59:12', '40d66dda-8af4-428f-a8e7-78fdd9f1d252'),
 ('4', 'Entry', '1', '0', '2018-01-26 15:51:25', '2018-05-02 08:51:22', '073c266e-4265-47b3-bf39-1cdc5c723ff1'),
 ('6', 'Asset', '1', '0', '2018-01-30 11:17:18', '2018-03-05 16:17:22', 'fcc8ffa0-4adf-4df5-b7ad-5ee8383f6c7d'),
 ('9', 'Asset', '1', '0', '2018-01-30 12:32:33', '2018-03-05 16:17:21', 'e232c0fe-484c-4ba1-824c-8e175c38f0c1'),
 ('10', 'Asset', '1', '0', '2018-01-30 12:32:33', '2018-03-05 16:17:21', 'a99e87e9-02b4-4a5d-b74f-f1849454ecb0'),
 ('18', 'Asset', '1', '0', '2018-01-30 13:31:15', '2018-03-05 16:17:22', 'e9e379c7-05ef-4502-a1a6-efdeef030f1f'),
 ('19', 'Asset', '1', '0', '2018-01-30 13:31:15', '2018-03-05 16:17:22', '37a1cc2a-9087-4ff0-8813-29e4000a9ebb'),
 ('20', 'Asset', '1', '0', '2018-01-30 13:31:15', '2018-03-05 16:17:21', '6288d995-95cb-4132-ab1a-f2a8255d3c41'),
 ('29', 'Asset', '1', '0', '2018-01-30 13:33:23', '2018-03-05 16:17:22', 'e1ee916c-306a-40c2-a622-a17e301dc480'),
 ('30', 'Asset', '1', '0', '2018-01-30 13:33:23', '2018-03-05 16:17:21', '9249885e-e248-4595-93fc-bf849d679674'),
 ('31', 'MatrixBlock', '1', '0', '2018-01-30 13:33:33', '2018-04-11 09:36:23', '3591f3f6-854f-4f95-b567-b6e8e5229d1e'),
 ('32', 'MatrixBlock', '1', '0', '2018-01-30 14:41:31', '2018-04-11 09:36:23', '75bf20d5-3443-4763-92e6-5458fb60e704'),
 ('36', 'MatrixBlock', '1', '0', '2018-01-30 16:40:58', '2018-04-11 09:36:23', '384b2394-afb9-4f94-aaff-035db591e366'),
 ('38', 'Asset', '1', '0', '2018-01-30 16:43:39', '2018-03-05 16:17:21', 'ec74ac96-ce97-4890-8e94-61fc6d0c2d3c'),
 ('110', 'MatrixBlock', '1', '0', '2018-02-05 09:54:43', '2018-04-11 09:36:23', '75b76b5b-a050-48fd-b0f1-cd7fb02bbb78'),
 ('250', 'Asset', '1', '0', '2018-02-14 11:02:52', '2018-03-05 16:17:22', '2d8ee16a-969a-46a4-b177-4844353ed404'),
 ('311', 'Asset', '1', '0', '2018-02-21 16:09:42', '2018-02-21 16:09:42', 'ecbf40f1-f8c2-4f6e-8c77-b4bcd33d991a'),
 ('319', 'Asset', '1', '0', '2018-02-21 17:09:25', '2018-02-21 17:09:25', '1301bfa5-a425-46a7-bfd2-643f56e80e3f'),
 ('320', 'Asset', '1', '0', '2018-02-21 17:15:40', '2018-03-05 16:17:21', 'c4cfd7ed-cc41-4ff7-9b39-9be56314f10d'),
 ('323', 'Asset', '1', '0', '2018-02-22 09:18:14', '2018-03-05 16:17:23', 'f653630c-ec9c-474c-930c-75f2b5a09cd1'),
 ('324', 'Asset', '1', '0', '2018-02-22 09:47:32', '2018-02-22 09:47:32', '887ac660-d960-4cc4-b323-9a26fadbbc72'),
 ('325', 'Asset', '1', '0', '2018-02-22 09:51:14', '2018-03-05 16:17:21', '4b8dedf2-28d0-4459-bd48-6c9e6464d6d1'),
 ('326', 'User', '1', '0', '2018-02-22 11:53:34', '2018-04-23 13:45:28', 'bd4b92a5-8492-4890-bc30-bff2beda3b51'),
 ('327', 'Asset', '1', '0', '2018-02-22 13:52:54', '2018-03-05 16:17:16', 'af97a1ec-0907-4ae9-9b1b-5db596efd447'),
 ('336', 'Asset', '1', '0', '2018-02-22 14:12:56', '2018-02-22 14:12:56', 'd46f1325-2392-44d7-9116-05da5330e25d'),
 ('338', 'Asset', '1', '0', '2018-02-22 14:13:48', '2018-03-05 16:17:24', '7bacc02d-5594-422b-af94-a3fad0790998'),
 ('339', 'Asset', '1', '0', '2018-02-22 14:13:55', '2018-03-05 16:17:24', 'b5518806-8c65-48fd-b56e-1ee5d9a4e38c'),
 ('341', 'Asset', '1', '0', '2018-02-23 09:46:45', '2018-03-05 16:17:24', 'a0c9d998-9202-41ee-904f-9ee5c811f072'),
 ('343', 'Asset', '1', '0', '2018-02-23 10:26:07', '2018-03-05 16:17:18', '47ecf0a1-9632-4d2e-9af5-3ac3b3e52dec'),
 ('344', 'Asset', '1', '0', '2018-02-23 10:27:15', '2018-03-05 16:17:19', 'd9dd9f60-9176-4b41-99a4-049f532b270f'),
 ('346', 'Asset', '1', '0', '2018-02-23 10:38:49', '2018-03-05 16:17:18', '15dc795a-2177-4579-83ed-3adfcadb7008'),
 ('347', 'Asset', '1', '0', '2018-02-23 10:39:03', '2018-03-05 16:17:18', 'bd26a436-4ea1-4211-b7d4-58fe096f222e'),
 ('349', 'Asset', '1', '0', '2018-02-23 16:15:22', '2018-03-05 16:17:15', 'b395aa25-5151-40ac-8ad4-7ad114704edc'),
 ('350', 'Asset', '1', '0', '2018-02-23 16:15:35', '2018-03-05 16:17:17', '1e533d9d-d56e-4f45-9685-a8c6ea19fc54'),
 ('351', 'Asset', '1', '0', '2018-02-23 16:16:12', '2018-03-05 16:17:24', '1d73c4c1-89fa-4194-ac48-ec1474aece17'),
 ('352', 'Asset', '1', '0', '2018-02-23 16:16:15', '2018-03-05 16:17:19', '652e3315-f468-4c4b-8df4-e8450f4c6a93'),
 ('353', 'Asset', '1', '0', '2018-02-23 16:16:17', '2018-03-05 16:17:15', '26251667-38aa-4231-97c5-a8af9a225a0f'),
 ('354', 'Asset', '1', '0', '2018-02-23 16:16:18', '2018-03-05 16:17:24', 'cd6ae85c-32e0-419c-9689-6121d5a19543'),
 ('356', 'Asset', '1', '0', '2018-02-23 16:44:58', '2018-03-05 16:17:18', '6bb77347-c6e3-483a-a81d-e3f04bd04f85'),
 ('357', 'Asset', '1', '0', '2018-02-23 16:45:05', '2018-03-05 16:17:17', 'c111039f-64d8-4b28-bedf-e9e35b1abb7b'),
 ('358', 'Asset', '1', '0', '2018-02-23 16:45:09', '2018-03-05 16:17:18', '65594612-c7d9-4b96-ae59-412e6d6d958f'),
 ('360', 'Asset', '1', '0', '2018-02-26 11:11:44', '2018-02-26 11:11:44', '7909b8d3-79dc-4802-9299-bbaeefd26e4f'),
 ('361', 'Asset', '1', '0', '2018-02-26 11:11:46', '2018-02-26 11:11:46', '4f4457ea-d7f9-49d2-932f-3d0ae95c9cb0'),
 ('370', 'Asset', '1', '0', '2018-02-26 16:39:39', '2018-03-05 16:17:19', '898e56ad-fcbb-4dc5-be48-90df019528e6'),
 ('371', 'Asset', '1', '0', '2018-02-27 13:19:40', '2018-03-05 16:17:21', 'bcd5c3ba-9419-4977-97fc-037bfc4d5d6c'),
 ('372', 'Asset', '1', '0', '2018-02-27 15:50:23', '2018-03-05 16:17:20', '77a5bef1-2c06-48e6-8bfb-0246f6a9656e'),
 ('373', 'Asset', '1', '0', '2018-02-27 15:50:27', '2018-03-05 16:17:16', 'ec991752-f1e0-40f4-83a1-df05539d4152'),
 ('374', 'Asset', '1', '0', '2018-02-27 15:50:30', '2018-03-05 16:17:17', '27d8f927-1bee-412d-960f-8bb0a07607c1'),
 ('375', 'Asset', '1', '0', '2018-02-27 15:51:34', '2018-03-05 16:17:16', '420b62b2-efeb-4bd1-bad3-a09849d0c7a9'),
 ('378', 'Asset', '1', '0', '2018-02-27 15:51:47', '2018-03-05 16:17:14', '466ea181-c5aa-4da1-b13f-7b7dffd10ce7'),
 ('379', 'Asset', '1', '0', '2018-02-27 16:03:47', '2018-03-05 16:17:20', '287a9488-ecfe-4b62-b8f2-afa1ae86b9c2'),
 ('380', 'Asset', '1', '0', '2018-02-27 16:04:39', '2018-03-05 16:17:18', 'bbfce182-461b-45f1-98a5-34ba0542cea0'),
 ('381', 'Asset', '1', '0', '2018-02-27 16:05:14', '2018-03-05 16:17:18', '5000cfbc-428e-42f7-8974-af55943ffb2e'),
 ('382', 'Asset', '1', '0', '2018-02-27 16:05:25', '2018-03-05 16:17:21', '5b3b3e9c-0cae-4fab-86ee-eca9903e8dd1'),
 ('384', 'Asset', '1', '0', '2018-02-27 16:12:17', '2018-03-05 16:17:17', 'e403f8b7-2f48-4f58-93b4-2c17b37aac3a'),
 ('385', 'Asset', '1', '0', '2018-02-27 16:12:17', '2018-03-05 16:17:22', '1ea83817-2e24-425e-9aae-59d9992a59cc'),
 ('387', 'Asset', '1', '0', '2018-02-27 16:12:54', '2018-03-05 16:17:17', '87347767-9ff4-40a1-a084-3d13d38056f6'),
 ('388', 'Asset', '1', '0', '2018-02-27 16:12:54', '2018-03-05 16:17:15', '05490347-281f-4140-893b-27186b103507'),
 ('389', 'Asset', '1', '0', '2018-02-27 16:12:54', '2018-03-05 16:17:15', '7822d59b-b0b6-437d-b3b4-a4cc1ce36be9'),
 ('390', 'Asset', '1', '0', '2018-02-27 16:13:23', '2018-03-05 16:17:17', 'b1932711-98ee-471a-9d4c-0bfeb1e38287'),
 ('391', 'Asset', '1', '0', '2018-02-27 16:13:24', '2018-03-05 16:17:21', '1d4a5151-ad4d-4a2f-b30f-e38d23163bd0'),
 ('393', 'Asset', '1', '0', '2018-02-27 16:18:34', '2018-03-05 16:17:19', '7bdafb7d-2310-4ccf-8513-fe5dbce4c886'),
 ('394', 'Asset', '1', '0', '2018-02-27 16:18:34', '2018-03-05 16:17:17', '243804eb-fb13-422a-a90e-3de69920bbd6'),
 ('396', 'Asset', '1', '0', '2018-02-27 16:19:29', '2018-03-05 16:17:17', 'a60d04d4-8598-4543-b811-d1f71cfebf2e'),
 ('397', 'Asset', '1', '0', '2018-02-27 16:19:29', '2018-03-05 16:17:19', 'fb3325e2-9b1d-41ae-9f7c-c0856a27bc75'),
 ('398', 'Asset', '1', '0', '2018-02-27 16:19:29', '2018-03-05 16:17:17', '7f74ae27-5be1-4df6-b0ae-0b89833c35da'),
 ('400', 'Asset', '1', '0', '2018-02-27 16:19:48', '2018-03-05 16:17:19', 'ea2537f5-d375-4eab-87ed-b40cede84031'),
 ('409', 'Asset', '1', '0', '2018-03-01 10:48:02', '2018-03-05 16:17:24', 'dbb307b8-84f3-4b5b-8d08-6a173aa81092'),
 ('412', 'Asset', '1', '0', '2018-03-01 10:50:27', '2018-03-05 16:17:23', '8db7006e-b7f9-48d9-a59b-7b28d7bf814f'),
 ('414', 'Asset', '1', '0', '2018-03-05 16:01:23', '2018-03-05 16:17:16', 'd174d8ab-2e8b-4a43-beca-07b6c5b6c567'),
 ('415', 'Asset', '1', '0', '2018-03-05 16:02:29', '2018-03-05 16:02:29', '5eef16cb-50c9-4f40-9ebd-a667685f796f'),
 ('416', 'Asset', '1', '0', '2018-03-05 16:05:37', '2018-03-05 16:05:37', 'f617ccf6-771b-4928-8a4e-fb8ff968f585'),
 ('417', 'Asset', '1', '0', '2018-03-05 16:07:01', '2018-03-05 16:17:23', '27eafe6e-4cbb-4124-abf1-e26723c8bc82'),
 ('418', 'Asset', '1', '0', '2018-03-05 16:07:01', '2018-03-05 16:17:23', '027ea816-ad2b-4822-9db2-830b35229d68'),
 ('419', 'Asset', '1', '0', '2018-03-05 16:07:01', '2018-03-05 16:17:22', '65cc88ee-0d31-4349-b081-c680fa87a997'),
 ('420', 'Asset', '1', '0', '2018-03-05 16:07:13', '2018-03-05 16:17:20', 'f702dba7-25fd-4f38-80d5-b7c1308d364f'),
 ('421', 'Asset', '1', '0', '2018-03-05 16:07:13', '2018-03-05 16:17:20', '702a2895-4700-4119-9360-98f418973342'),
 ('422', 'Asset', '1', '0', '2018-03-05 16:07:13', '2018-03-05 16:17:16', '1bcb06ab-a31c-4441-bc45-8b7804347036'),
 ('423', 'Asset', '1', '0', '2018-03-05 16:07:15', '2018-03-05 16:17:20', 'b12ddda5-9b7c-497c-9b90-389909da190e'),
 ('424', 'Asset', '1', '0', '2018-03-05 16:07:15', '2018-03-05 16:17:15', '0bbb3721-0208-4d2f-b269-5184cb12f5f2'),
 ('425', 'Asset', '1', '0', '2018-03-05 16:07:30', '2018-03-05 16:17:23', '712bcd28-f25e-4283-b43c-96cbd807473b'),
 ('427', 'Asset', '1', '0', '2018-03-05 16:17:24', '2018-03-05 16:17:24', 'f7e91a98-7f24-4834-a872-e58e6905cae5'),
 ('428', 'Asset', '1', '0', '2018-03-05 16:36:01', '2018-03-05 16:36:01', '2a8609ee-d8f7-4e8c-8cbb-d637d931568c'),
 ('429', 'Asset', '1', '0', '2018-03-05 16:45:19', '2018-03-05 16:45:19', '0758a080-bb65-495d-8e51-dfdc3313be64'),
 ('430', 'Asset', '1', '0', '2018-03-05 16:47:12', '2018-03-05 16:47:12', 'ca351472-658e-4b4e-9ca2-224cdc389f7d'),
 ('433', 'Asset', '1', '0', '2018-03-12 13:01:59', '2018-03-12 13:05:10', '99218d84-dc61-4401-8ccc-8c626c275f04'),
 ('434', 'Asset', '1', '0', '2018-03-12 13:02:24', '2018-03-12 13:02:24', '1f037dff-57d3-4d88-bd01-fe13fe6b1d13'),
 ('435', 'Asset', '1', '0', '2018-03-12 13:02:24', '2018-03-12 13:02:24', 'e39a2104-3023-4293-b325-19e4200ea35d'),
 ('436', 'Asset', '1', '0', '2018-03-12 13:02:24', '2018-03-12 13:02:24', '25b9bdb4-aec9-456f-b310-c0d73234f571'),
 ('437', 'Asset', '1', '0', '2018-03-12 13:02:24', '2018-03-12 13:02:24', 'cc3d428b-a1fb-4f8c-98d7-bf06a57a9533'),
 ('438', 'Asset', '1', '0', '2018-03-12 13:02:24', '2018-03-12 13:02:24', 'fb6a45b8-0ca1-4eb9-9ba6-7a1868ec7050'),
 ('439', 'Asset', '1', '0', '2018-03-12 13:02:24', '2018-03-12 13:02:24', '8b1dcb78-689b-4647-85cb-9c8b1d49d12d'),
 ('440', 'Asset', '1', '0', '2018-03-12 13:02:24', '2018-03-12 13:02:24', '34a289eb-8603-41ac-bd23-b60716248833'),
 ('441', 'Asset', '1', '0', '2018-03-12 13:02:24', '2018-03-12 13:02:24', '4ab7f756-1b59-4193-b2b3-e449c146ecd8'),
 ('442', 'Asset', '1', '0', '2018-03-12 13:02:24', '2018-03-12 13:02:24', '2d65621e-2ace-4f7e-816a-82b6e5a3b37a'),
 ('443', 'Asset', '1', '0', '2018-03-12 13:02:26', '2018-03-12 13:02:26', '26ca250f-66d7-4776-9481-5afd8324682c'),
 ('444', 'Asset', '1', '0', '2018-03-12 13:02:26', '2018-03-12 13:02:26', 'c43b47d5-53b7-424c-b484-2141333e1230'),
 ('445', 'Asset', '1', '0', '2018-03-12 13:03:31', '2018-03-12 13:03:31', 'c7c0e348-16d4-4558-bf09-228ce335e069'),
 ('446', 'Asset', '1', '0', '2018-03-12 13:05:10', '2018-03-12 13:05:10', 'a515e3b6-59b2-4620-8876-461f1288717f');
INSERT INTO `craft_elements` (`id`, `type`, `enabled`, `archived`, `dateCreated`, `dateUpdated`, `uid`) VALUES
 ('448', 'Asset', '1', '0', '2018-03-12 13:06:04', '2018-03-12 13:06:39', '095d6ea3-c43f-49f3-99a2-44d9f170dd80'),
 ('449', 'Asset', '1', '0', '2018-03-12 13:06:04', '2018-03-12 13:06:39', 'aadc5156-fa6a-40ab-b5c2-3ea57cf7a3e1'),
 ('450', 'Asset', '1', '0', '2018-03-12 13:06:04', '2018-03-12 13:06:39', 'b102d77e-6767-49bb-a26a-e3f4c22d2a33'),
 ('451', 'Asset', '1', '0', '2018-03-12 13:06:04', '2018-03-12 13:06:39', '5a614cec-a523-4798-80ac-2c57e70a3516'),
 ('452', 'Asset', '1', '0', '2018-03-12 13:06:04', '2018-03-12 13:06:39', '4443abb5-5da2-45a0-8f1b-3cd6f2e26153'),
 ('453', 'Asset', '1', '0', '2018-03-12 13:06:04', '2018-03-12 13:06:39', 'd39116d8-4261-4676-8d61-bb167771e648'),
 ('454', 'Asset', '1', '0', '2018-03-12 13:06:04', '2018-03-12 13:06:39', '755381e8-f8ee-4a98-a11b-c6735c87ccc5'),
 ('455', 'Asset', '1', '0', '2018-03-12 13:06:04', '2018-03-12 13:06:39', '88b0467e-c8fc-4a75-a368-331edf054ab2'),
 ('456', 'Asset', '1', '0', '2018-03-12 13:06:05', '2018-03-12 13:06:39', '30cd7f89-1d12-443f-bd46-eeb2d56b783f'),
 ('457', 'Asset', '1', '0', '2018-03-12 13:06:05', '2018-03-12 13:06:39', '2b7cf33a-e821-40b2-bfcc-c28a061838ce'),
 ('458', 'Asset', '1', '0', '2018-03-12 13:06:05', '2018-03-12 13:06:39', '9f22cb17-3c14-492e-84b4-8247bdfe0b2e'),
 ('459', 'Asset', '1', '0', '2018-03-12 13:06:38', '2018-03-12 13:06:38', '069fd7e9-2c2c-4623-8bbf-8d768e066a61'),
 ('461', 'Asset', '1', '0', '2018-03-12 13:07:53', '2018-03-12 13:07:53', 'a744d9d8-b8d1-4a9a-93d6-54883a57e85b'),
 ('462', 'Asset', '1', '0', '2018-03-12 13:07:53', '2018-03-12 13:07:53', 'f605be18-8496-466c-bb10-0f15ac1f7c48'),
 ('463', 'Asset', '1', '0', '2018-03-12 13:07:53', '2018-03-12 13:07:53', 'b15283a7-c336-4768-9d18-a87ac19d5a90'),
 ('464', 'Asset', '1', '0', '2018-03-12 13:07:53', '2018-03-12 13:07:53', 'd413bea4-f779-4bce-9edd-1de8870d0247'),
 ('465', 'Asset', '1', '0', '2018-03-12 13:07:53', '2018-03-12 13:07:53', '108a8198-6fd4-4075-a2f9-a07507ee6fc3'),
 ('466', 'Asset', '1', '0', '2018-03-12 13:07:54', '2018-03-12 13:07:54', 'b992dfa1-279d-4c7e-a385-05c1c22dfe93'),
 ('467', 'Asset', '1', '0', '2018-03-12 13:07:54', '2018-03-12 13:07:54', '49579423-fb50-47ca-9287-7bb6054fd200'),
 ('468', 'Asset', '1', '0', '2018-03-12 13:07:54', '2018-03-12 13:07:54', '432ca2f2-adde-4817-b242-0a0e5e184f9a'),
 ('469', 'Asset', '1', '0', '2018-03-12 13:07:54', '2018-03-12 13:07:54', 'a306fa2d-1c10-4c57-b959-04d2fa23b808'),
 ('470', 'Asset', '1', '0', '2018-03-12 13:07:54', '2018-03-12 13:07:54', '48a703e0-a338-447d-95b4-c7469542fb0e'),
 ('471', 'Asset', '1', '0', '2018-03-12 13:07:54', '2018-03-12 13:07:54', 'cceb7a3c-050b-4ae8-83b7-047d16129744'),
 ('472', 'Asset', '1', '0', '2018-03-12 13:25:25', '2018-03-12 13:27:18', '098c0a06-af0c-4457-87b2-d1d680d7a51b'),
 ('473', 'Asset', '1', '0', '2018-03-12 13:25:32', '2018-03-12 13:27:18', '99252ec5-f3de-47f6-8501-1dbe1873beae'),
 ('474', 'Asset', '1', '0', '2018-03-12 13:25:32', '2018-03-12 13:27:18', '786a7b26-4b85-4854-a4c8-8dce7fd7edb4'),
 ('475', 'Asset', '1', '0', '2018-03-12 13:25:45', '2018-03-12 13:27:18', '03b3dba0-903b-470c-98dd-87ea0f0c0508'),
 ('476', 'Asset', '1', '0', '2018-03-12 13:25:45', '2018-03-12 13:27:18', '4430e0d8-20b8-4b97-9d74-f446d5f8315c'),
 ('477', 'Asset', '1', '0', '2018-03-12 13:25:45', '2018-03-12 13:27:18', 'a9b6a92b-2baa-4978-aa7c-6fe07fa4cab2'),
 ('478', 'Asset', '1', '0', '2018-03-12 13:25:46', '2018-03-12 13:27:18', 'f686c235-8aa6-4695-8e05-fcc472153e4f'),
 ('479', 'Asset', '1', '0', '2018-03-12 13:25:46', '2018-03-12 13:27:18', 'd68ce8eb-c50f-455b-9b61-2bfa0325bef6'),
 ('480', 'Asset', '1', '0', '2018-03-12 13:25:46', '2018-03-12 13:27:18', '49473c4c-3873-40a1-8da5-f03584c2862f'),
 ('481', 'Asset', '1', '0', '2018-03-12 13:25:46', '2018-03-12 13:25:46', '87c52f8c-a1b7-4e95-b448-2c05b688dcc4'),
 ('482', 'Asset', '1', '0', '2018-03-12 13:25:46', '2018-03-12 13:27:19', 'd33333c4-8cbc-4888-9efe-074934d26fe5'),
 ('483', 'Asset', '1', '0', '2018-03-12 13:25:46', '2018-03-12 13:27:19', '0e52c887-2697-45b2-ab4f-b21d477465ce'),
 ('484', 'Asset', '1', '0', '2018-03-12 13:25:46', '2018-03-12 13:27:19', '1a7d0fd1-c9fc-4f7f-ac39-db60916ade24'),
 ('485', 'Asset', '1', '0', '2018-03-12 13:25:46', '2018-03-12 13:27:19', 'fc507463-e561-4a68-b16d-9bb5ba92d0a9'),
 ('486', 'Asset', '1', '0', '2018-03-12 13:26:44', '2018-03-12 13:26:44', '11d9bf11-0b18-4af7-8ad7-1cc43ea24afb'),
 ('487', 'Asset', '1', '0', '2018-03-12 13:26:54', '2018-03-12 13:27:19', '27e29847-f1e9-4e19-94f3-648bcdf3a3e3'),
 ('488', 'Asset', '1', '0', '2018-03-12 13:26:58', '2018-03-12 13:27:19', 'f2a4db28-02ae-4925-a36f-42834ca0480a'),
 ('489', 'Asset', '1', '0', '2018-03-12 13:27:12', '2018-03-12 13:27:19', '7a00dd05-9212-46b1-81ed-fffd57454c80'),
 ('490', 'Asset', '1', '0', '2018-03-12 13:27:18', '2018-03-12 13:27:18', '31316bd5-c610-4edb-ae1a-49c654fb0fc4'),
 ('491', 'Entry', '1', '0', '2018-03-12 13:27:18', '2018-04-11 09:36:05', '97236f2d-05bd-4f63-ae8a-95d6c0ebfa36'),
 ('492', 'Asset', '1', '0', '2018-03-12 15:22:46', '2018-03-12 15:22:48', '51dc6213-778f-45bd-8a8e-88c22b68588e'),
 ('493', 'Asset', '1', '0', '2018-03-12 15:22:46', '2018-03-12 15:22:49', 'd1eac7e5-cfa8-465b-89d5-1d8a6cff2955'),
 ('497', 'Asset', '1', '0', '2018-03-20 16:15:19', '2018-03-20 16:15:40', 'f0b94c7c-0678-44b0-87d9-59a9dc5a642a'),
 ('498', 'Entry', '1', '0', '2018-03-20 16:15:40', '2018-04-10 10:23:30', '21fc410e-58f0-477d-a568-e90ef85e0bdc'),
 ('500', 'Asset', '1', '0', '2018-03-20 16:26:32', '2018-03-20 16:27:02', '4ccf8b8c-71a2-4182-ac26-deb99c47ed20'),
 ('501', 'Asset', '1', '0', '2018-03-20 16:26:38', '2018-03-20 16:27:02', '12d1b0ef-6d4c-4ad5-8c8f-8647ec76ccb7'),
 ('502', 'Asset', '1', '0', '2018-03-20 16:26:41', '2018-03-20 16:27:02', '9ce4db5f-d837-4f83-be75-4370b03e2d84'),
 ('503', 'Asset', '1', '0', '2018-03-20 16:26:41', '2018-03-20 16:27:02', 'a7d0fb62-877f-4181-9e97-15a5b2236233'),
 ('504', 'Asset', '1', '0', '2018-03-20 16:26:41', '2018-03-20 16:27:02', '56eb0b6a-ebf7-417f-8c32-8fb2b7e6f770'),
 ('505', 'Asset', '1', '0', '2018-03-20 16:26:41', '2018-03-20 16:27:02', '226cbff7-ac32-4595-972e-c3a6c3771222'),
 ('506', 'Asset', '1', '0', '2018-03-20 16:26:42', '2018-03-20 16:27:02', '31bf6ca0-2d99-4fac-aaa3-6d195193cee4'),
 ('507', 'Asset', '1', '0', '2018-03-20 16:27:02', '2018-03-20 16:27:02', 'e41688b7-97ea-4c96-8d19-51effc9c923e'),
 ('509', 'Category', '1', '0', '2018-04-04 14:22:09', '2018-04-04 14:22:09', 'e9f11490-f4d0-45b5-90be-e51843bdcf8a'),
 ('510', 'Category', '1', '0', '2018-04-04 14:22:20', '2018-04-04 14:22:20', '0449d562-9637-41d9-9354-5681f15aeb87'),
 ('511', 'Category', '1', '0', '2018-04-04 14:22:31', '2018-04-04 14:22:31', '9f2031bb-2a3c-484a-8c18-ce6f654cd523'),
 ('512', 'Category', '1', '0', '2018-04-04 14:22:45', '2018-04-04 14:22:45', 'ada68d61-abbc-4ff4-a4f4-6273037d3ed0'),
 ('513', 'Category', '1', '0', '2018-04-04 14:22:58', '2018-04-04 14:22:58', 'b55b6faf-8582-4a3e-8408-e243fafca9c5'),
 ('514', 'Category', '1', '0', '2018-04-04 14:23:09', '2018-04-04 14:23:09', '6c68aa22-d504-4a4f-956b-7e8b0f001057'),
 ('515', 'Category', '1', '0', '2018-04-04 14:23:21', '2018-04-04 14:23:21', 'b4e73fa7-23f3-4cae-ac67-eac1bf74bc08'),
 ('516', 'Category', '1', '0', '2018-04-04 14:23:30', '2018-04-04 14:23:30', 'f8aea38c-65b6-46a4-b4a6-9d1c990af472'),
 ('517', 'Asset', '1', '0', '2018-04-04 14:52:19', '2018-04-04 14:52:19', 'a5f6a784-560c-47d8-878d-3441efda63a4'),
 ('519', 'Asset', '1', '0', '2018-04-04 14:54:17', '2018-04-04 14:54:17', '10dbfde0-5766-4ce1-b8bc-641d6fe76171'),
 ('522', 'MatrixBlock', '1', '0', '2018-04-10 08:52:37', '2018-04-10 10:23:30', 'f52ca16b-4aa6-49e9-9458-975a7c60237f'),
 ('523', 'MatrixBlock', '1', '0', '2018-04-10 08:52:37', '2018-04-10 10:23:30', 'c4456f20-598c-45ed-8977-2fb000ab6e8e'),
 ('524', 'Entry', '1', '0', '2018-04-10 09:08:45', '2018-04-10 10:37:12', '3dda3267-23d2-4dc2-bf12-ed1615dfab4d'),
 ('530', 'Entry', '1', '0', '2018-04-10 09:50:11', '2018-07-11 09:50:59', '7726e352-7481-4322-8c6f-2e88539c6fcf'),
 ('531', 'MatrixBlock', '1', '0', '2018-04-10 10:11:29', '2018-04-10 10:11:29', 'cd751686-d7ba-4316-a801-55677005eac4'),
 ('532', 'MatrixBlock', '1', '0', '2018-04-10 10:11:29', '2018-04-10 10:11:29', 'c16d4469-4f6d-4597-81f3-7837d6c5cc11'),
 ('533', 'MatrixBlock', '1', '0', '2018-04-10 10:11:29', '2018-04-10 10:11:29', 'cbd11ffa-68ef-485e-ada0-6a8dcbe2b9c1'),
 ('534', 'MatrixBlock', '1', '0', '2018-04-10 10:31:57', '2018-07-11 09:50:59', 'd7094ac9-a911-438b-9c8f-bc6ab6e7b926'),
 ('538', 'MatrixBlock', '1', '0', '2018-04-10 10:37:12', '2018-04-10 10:37:12', '895642d0-a8fa-4a07-8688-dd2ebe962019'),
 ('539', 'Asset', '1', '0', '2018-04-10 10:56:34', '2018-04-10 10:58:29', '1b6cfbf4-589d-42ef-94ff-98cd7aea6e85'),
 ('540', 'Asset', '1', '0', '2018-04-10 10:56:34', '2018-04-10 10:58:30', 'bbcd47d5-1623-429b-9870-9716661cd9dc'),
 ('541', 'Asset', '1', '0', '2018-04-10 10:56:34', '2018-04-10 10:58:30', '728c2268-dc09-43ba-892d-d919cefea678'),
 ('542', 'Asset', '1', '0', '2018-04-10 10:56:35', '2018-04-10 10:58:30', 'f0aa9862-d13b-4b75-805d-945e1f293fa6'),
 ('543', 'Asset', '1', '0', '2018-04-10 10:56:35', '2018-04-10 10:58:30', '691aab3c-7343-4f88-b26b-ddb321fb7117'),
 ('544', 'Asset', '1', '0', '2018-04-10 10:56:35', '2018-04-10 10:58:30', 'dc3e3e33-1749-4b44-b2de-bb25d88c08dc'),
 ('545', 'Asset', '1', '0', '2018-04-10 10:56:35', '2018-04-10 10:58:30', '2b8d5545-c75f-41ff-86f0-6b2465f4b39c'),
 ('546', 'Asset', '1', '0', '2018-04-10 10:56:35', '2018-04-10 10:58:30', '0f636ffa-0bfe-494b-a833-1a9016ac7923'),
 ('547', 'Asset', '1', '0', '2018-04-10 10:56:35', '2018-04-10 10:58:30', '1abcbbd7-bfad-45cd-95f4-7fa96f02aa77'),
 ('548', 'Asset', '1', '0', '2018-04-10 10:56:35', '2018-04-10 10:58:30', '261d9cf4-72cd-40ae-9303-312d90c12914'),
 ('549', 'Asset', '1', '0', '2018-04-10 10:56:35', '2018-04-10 10:58:30', 'e4d69a8d-a865-4038-a5ed-7535ff176006'),
 ('550', 'Asset', '1', '0', '2018-04-10 10:58:08', '2018-04-10 10:58:08', '4bd835f5-6890-4ee0-8f6b-701b8dc7c9ce'),
 ('551', 'Asset', '1', '0', '2018-04-10 10:58:14', '2018-04-10 10:58:30', '5ae33abb-0be7-4332-a6cc-29e143eaff9b'),
 ('552', 'Asset', '1', '0', '2018-04-10 10:58:19', '2018-04-10 10:58:30', '5b22e8e3-669d-4d85-803a-14eb45c2edb2'),
 ('553', 'Asset', '1', '0', '2018-04-10 10:58:19', '2018-04-10 10:58:30', 'e1a2c613-42f6-4f81-9bde-cc6347a43007'),
 ('554', 'Asset', '1', '0', '2018-04-10 10:58:19', '2018-04-10 10:58:30', 'eefdb03b-f937-4ef5-9b7b-878953a872b2'),
 ('555', 'Asset', '1', '0', '2018-04-10 10:58:20', '2018-04-10 10:58:30', '2f5b4eaa-91fb-4b7e-bacd-84f330d2adbc'),
 ('556', 'Asset', '1', '0', '2018-04-10 10:58:20', '2018-04-10 10:58:30', '9e4b2b39-d527-4f93-a7e2-3dedf5d6c0c5'),
 ('557', 'Asset', '1', '0', '2018-04-10 10:58:20', '2018-04-10 10:58:30', '023ee72c-57dc-4d0c-ab58-54245691c1ce'),
 ('558', 'Asset', '1', '0', '2018-04-10 10:58:20', '2018-04-10 10:58:30', '417b5491-6180-49c8-9541-f0dbc3511010'),
 ('559', 'Asset', '1', '0', '2018-04-10 10:58:20', '2018-04-10 10:58:30', '245491aa-28ce-446c-b169-d7afbc266531'),
 ('560', 'Asset', '1', '0', '2018-04-10 10:58:20', '2018-04-10 10:58:30', '263f782f-9a0a-4993-9e9e-e59d490a31b7'),
 ('561', 'Asset', '1', '0', '2018-04-10 10:58:20', '2018-04-10 10:58:30', '74600950-efe6-4539-9946-b54eb8f621da'),
 ('562', 'Asset', '1', '0', '2018-04-10 10:58:29', '2018-04-10 10:58:29', '655b2543-3b0d-46dd-b29d-af7950828a04'),
 ('563', 'Entry', '1', '0', '2018-04-10 10:58:29', '2018-04-10 10:58:29', 'a47bef40-245b-4915-807c-0d3df5fec495'),
 ('564', 'User', '1', '0', '2018-04-10 11:07:06', '2018-04-27 14:04:20', 'f12027d8-cc49-4dca-8cb2-7d9eceec3ea1');
INSERT INTO `craft_elements` (`id`, `type`, `enabled`, `archived`, `dateCreated`, `dateUpdated`, `uid`) VALUES
 ('565', 'Asset', '1', '0', '2018-04-10 11:08:01', '2018-04-10 11:08:01', '2a428b47-2e8d-451c-9140-01807c0d1444'),
 ('566', 'Asset', '1', '0', '2018-04-10 11:18:56', '2018-04-10 11:23:08', '4ac0e2ae-c676-47a4-82c4-b20227756780'),
 ('567', 'Asset', '1', '0', '2018-04-10 11:18:56', '2018-04-10 11:23:08', '6685ff21-3743-4d4a-80f2-9ef0543756f6'),
 ('568', 'Asset', '1', '0', '2018-04-10 11:18:56', '2018-04-10 11:23:08', '36e944fa-213b-4e14-8a2f-62cb57c16c1b'),
 ('569', 'Asset', '1', '0', '2018-04-10 11:18:56', '2018-04-10 11:23:08', 'd3ff88ba-fe8d-49d0-8624-8d89aa069e7b'),
 ('570', 'Asset', '1', '0', '2018-04-10 11:20:08', '2018-04-10 11:23:08', '42ffa581-3abc-436d-b989-2a93c22b3104'),
 ('571', 'Asset', '1', '0', '2018-04-10 11:20:09', '2018-04-10 11:23:08', '7a80f807-d427-4940-870e-62f0cdda22ac'),
 ('572', 'Asset', '1', '0', '2018-04-10 11:20:09', '2018-04-10 11:23:08', '9415679a-7816-4907-9aae-e85dd2e823cb'),
 ('573', 'Asset', '1', '0', '2018-04-10 11:20:09', '2018-04-10 11:23:08', '68bf077c-2278-4e7f-b2a3-72bf34399547'),
 ('574', 'Asset', '1', '0', '2018-04-10 11:20:09', '2018-04-10 11:23:08', '0fd77368-5dae-43ee-a515-a1bb3c97c9a8'),
 ('575', 'Asset', '1', '0', '2018-04-10 11:20:09', '2018-04-10 11:23:08', 'e6bd61c8-11ad-47ed-acdd-568acefebecc'),
 ('576', 'Asset', '1', '0', '2018-04-10 11:20:09', '2018-04-10 11:23:08', 'bd0e9567-dcaf-4108-8fd9-ce463c434922'),
 ('577', 'Asset', '1', '0', '2018-04-10 11:20:09', '2018-04-10 11:23:08', '667f773d-8a99-4c45-8ed9-838c2ff66ece'),
 ('578', 'Asset', '1', '0', '2018-04-10 11:20:13', '2018-04-10 11:23:08', 'ff890b47-4d41-4dbc-96a9-80b9136d0e03'),
 ('579', 'Asset', '1', '0', '2018-04-10 11:20:14', '2018-04-10 11:23:08', '1c68eb1d-5392-4be7-8756-412355a0d353'),
 ('580', 'Asset', '1', '0', '2018-04-10 11:20:14', '2018-04-10 11:23:08', '045629d6-f0a1-4db0-8664-5b41e9d6bae4'),
 ('581', 'Asset', '1', '0', '2018-04-10 11:20:14', '2018-04-10 11:23:08', '57192e9f-6578-4c67-97d2-7c4a47bfdd29'),
 ('582', 'Asset', '1', '0', '2018-04-10 11:21:20', '2018-04-10 11:21:20', 'e6ffe7f0-c3bf-42dd-940e-cdb9b3bdd8bd'),
 ('583', 'Asset', '1', '0', '2018-04-10 11:21:24', '2018-04-10 11:23:08', 'd4d9f560-0b0c-4b8f-8081-3776262c5770'),
 ('584', 'Asset', '1', '0', '2018-04-10 11:22:46', '2018-04-10 11:22:46', 'e61af7c2-1300-4aa1-89ab-d346709760dc'),
 ('585', 'Asset', '1', '0', '2018-04-10 11:23:00', '2018-04-10 11:23:08', '7a1434f5-8df4-44fb-8bda-f9f6b479327d'),
 ('586', 'Asset', '1', '0', '2018-04-10 11:23:00', '2018-04-10 11:23:08', 'e76705fa-a783-4c91-be22-0e0e1132676f'),
 ('587', 'Asset', '1', '0', '2018-04-10 11:23:00', '2018-04-10 11:23:09', '1777d733-5916-44f9-9ed2-9e627a19a613'),
 ('588', 'Asset', '1', '0', '2018-04-10 11:23:00', '2018-04-10 11:23:09', 'dc107507-0230-4efd-be76-43299e2151e0'),
 ('589', 'Asset', '1', '0', '2018-04-10 11:23:00', '2018-04-10 11:23:09', '07eb282d-dacc-4598-a45a-4245c7768cb9'),
 ('590', 'Asset', '1', '0', '2018-04-10 11:23:00', '2018-04-10 11:23:09', '288d1bfb-2024-4c9f-95e2-2909e13f9f1a'),
 ('591', 'Asset', '1', '0', '2018-04-10 11:23:00', '2018-04-10 11:23:09', 'b6382ad7-8db3-4c46-8265-49ca6d1923b0'),
 ('592', 'Asset', '1', '0', '2018-04-10 11:23:00', '2018-04-10 11:23:09', '8d8cd42e-7232-435b-a92c-5f9b26601e7e'),
 ('593', 'Asset', '1', '0', '2018-04-10 11:23:08', '2018-04-10 11:23:08', '71f2efda-d3a8-4a43-bbec-95f816a238d1'),
 ('594', 'Entry', '1', '0', '2018-04-10 11:23:08', '2018-04-10 11:23:08', '34274e63-2386-43ba-bd33-3f4f6ef88864'),
 ('595', 'Asset', '1', '0', '2018-04-10 11:41:23', '2018-04-10 11:41:52', 'ab95e015-d250-47c4-9e8a-e590344c9d45'),
 ('596', 'Asset', '1', '0', '2018-04-10 11:41:26', '2018-04-10 11:41:52', '87387e65-5a16-405a-82a0-1b93375d24f0'),
 ('597', 'Asset', '1', '0', '2018-04-10 11:41:40', '2018-04-10 11:41:52', '6e6364fb-a252-41b7-87ad-250b6ae9f8cd'),
 ('598', 'Asset', '1', '0', '2018-04-10 11:41:40', '2018-04-10 11:41:52', '4855fdb8-3db1-4b37-a05c-c3a82f5207d6'),
 ('599', 'Asset', '1', '0', '2018-04-10 11:41:40', '2018-04-10 11:41:52', 'ea87816f-314c-4b7c-b138-f3b01229ab6a'),
 ('600', 'Asset', '1', '0', '2018-04-10 11:41:40', '2018-04-10 11:41:52', 'dd1b1cc1-866b-4116-8ba8-b989d1cb3ce0'),
 ('601', 'Asset', '1', '0', '2018-04-10 11:41:41', '2018-04-10 11:41:52', '6c868743-6e70-4c54-929f-d3f223688856'),
 ('602', 'Asset', '1', '0', '2018-04-10 11:41:41', '2018-04-10 11:41:52', 'db9c66fe-1b0e-4a44-86cc-e6e3ab02e9a8'),
 ('603', 'Asset', '1', '0', '2018-04-10 11:41:52', '2018-04-10 11:41:52', '3c598f99-0e2f-4c91-a333-36ead25f4a19'),
 ('604', 'Entry', '1', '0', '2018-04-10 11:41:52', '2018-04-10 11:43:28', '705449d3-14fc-45c6-a8c1-e6f84f1b81a8'),
 ('605', 'Asset', '1', '0', '2018-04-10 11:42:50', '2018-04-10 11:42:50', '720db601-b0ec-4423-9ec3-63dab5885df9'),
 ('606', 'Asset', '1', '0', '2018-04-10 11:43:23', '2018-04-10 11:43:28', '7ba49928-48a9-4db1-b133-40d7f29d7f8a'),
 ('607', 'Asset', '1', '0', '2018-04-10 11:43:23', '2018-04-10 11:43:28', '79f576d7-d7c4-44f7-a748-e1bad36044be'),
 ('608', 'Asset', '1', '0', '2018-04-10 11:43:23', '2018-04-10 11:43:28', '1b5d64cb-3916-4119-8dfc-dd7dd3be8129'),
 ('609', 'Asset', '1', '0', '2018-04-10 11:43:23', '2018-04-10 11:43:28', '52a37f3b-b849-4093-90f5-62e13ea01a09'),
 ('610', 'Asset', '1', '0', '2018-04-10 11:43:23', '2018-04-10 11:43:28', '20288cd0-2355-4d30-a6b4-57479ecbe7f6'),
 ('611', 'Asset', '1', '0', '2018-04-10 11:43:23', '2018-04-10 11:43:28', '946f8376-9011-42ca-95f6-df03df4dbfb9'),
 ('612', 'Asset', '1', '0', '2018-04-17 13:50:24', '2018-04-17 13:50:24', '4cb35146-980e-474c-b122-fd3a8ecc7b69'),
 ('613', 'Asset', '1', '0', '2018-04-17 15:04:48', '2018-04-17 15:04:48', '84e6e950-1da7-4de6-81d4-76ea8776183b'),
 ('614', 'User', '1', '0', '2018-04-27 07:56:54', '2018-04-27 07:56:54', 'e94890de-2207-4456-939f-9ffa699203e7'),
 ('615', 'Entry', '1', '0', '2018-07-11 10:25:16', '2018-07-11 11:33:10', 'ef1f8b89-6708-4d7b-9826-6f114706082b'),
 ('616', 'Entry', '1', '0', '2018-07-11 12:59:30', '2018-07-11 13:02:27', '0ae404b1-dbfe-4fff-81b6-a9d5a5e120e8'),
 ('617', 'Entry', '1', '0', '2018-07-11 13:03:33', '2018-07-11 13:03:33', '278e33ee-7d98-4939-9ce6-2b25ff1f1d9a'),
 ('618', 'Entry', '1', '0', '2018-07-11 13:04:45', '2018-07-11 13:04:45', '50cfae72-ab9e-4db4-87d9-49a32c4b64cf'),
 ('619', 'Entry', '1', '0', '2018-07-11 13:05:32', '2018-07-11 13:05:32', '7f0de31f-bba0-4e9d-9438-398608a31b47'),
 ('620', 'Entry', '1', '0', '2018-07-11 13:06:20', '2018-07-11 13:06:20', 'b8962d32-8d6b-45a4-b151-a48487ba5cc5'),
 ('621', 'Entry', '1', '0', '2018-07-11 13:07:47', '2018-07-11 13:07:47', '0897f5d7-3108-417b-915b-504711236162'),
 ('622', 'Entry', '1', '0', '2018-07-11 13:08:32', '2018-07-11 13:08:32', 'd157b4cb-b7af-4bfa-a590-2ccd13bc5374'),
 ('623', 'Entry', '1', '0', '2018-07-11 13:09:39', '2018-07-11 13:09:39', 'c180e3f7-5cc4-428f-8873-18a55ad8d6f4'),
 ('624', 'Entry', '1', '0', '2018-07-11 13:10:19', '2018-07-11 13:10:23', 'ac27f99d-5a52-4bb4-a1e0-aab75a2a2fe0'),
 ('625', 'Entry', '1', '0', '2018-07-11 13:12:21', '2018-07-11 13:12:21', 'ed9afea0-0e13-45be-98b7-e6724d3d9435'),
 ('626', 'Entry', '1', '0', '2018-07-11 13:13:30', '2018-07-11 13:13:30', '9b9a0865-9f4f-4b7f-a6d3-e5a6dd7b7488'),
 ('627', 'Entry', '1', '0', '2018-07-11 13:14:00', '2018-07-11 13:14:00', 'eb2e521f-ed43-4f60-9984-0f1946e60602'),
 ('628', 'Entry', '1', '0', '2018-07-11 13:14:32', '2018-07-11 13:14:32', 'd9388e1c-040f-4929-8b40-00350338c35f'),
 ('629', 'Entry', '1', '0', '2018-07-11 13:15:25', '2018-07-11 13:15:25', 'a4247a4e-a7ff-4de8-8dc0-82dde7a6ee5a'),
 ('630', 'Entry', '1', '0', '2018-07-11 13:15:54', '2018-07-11 13:15:54', 'bfbc845d-ef49-41f0-af75-1de659083ea3'),
 ('631', 'Entry', '1', '0', '2018-07-11 13:17:20', '2018-07-11 13:17:20', '22a86b44-f251-428d-99b7-ec524732b822'),
 ('632', 'Entry', '1', '0', '2018-07-11 13:17:48', '2018-07-11 13:17:48', '2de9405d-7bf3-46d9-ae69-74e76526772f'),
 ('633', 'Entry', '1', '0', '2018-07-11 13:19:16', '2018-07-11 13:19:16', '3d089a38-f187-4a00-9f0a-fde6379cc02a'),
 ('634', 'Entry', '1', '0', '2018-07-11 13:19:49', '2018-07-11 13:19:49', '33d226de-424c-46bd-b558-9aee6f703113'),
 ('635', 'Entry', '1', '0', '2018-07-11 13:20:21', '2018-07-11 13:22:18', 'df1565b4-0ec8-48ed-9e9e-f74c95d40f44'),
 ('636', 'Entry', '1', '0', '2018-07-11 13:32:29', '2018-07-11 13:32:29', '11dcd60e-9f38-4e06-aadb-49af51292e43'),
 ('637', 'Entry', '1', '0', '2018-07-11 13:33:02', '2018-07-11 13:33:02', '5b7d7ef1-dfd2-411e-ad3e-2827a00296b3'),
 ('638', 'Entry', '1', '0', '2018-07-11 13:33:55', '2018-07-11 13:33:55', 'b1d9ebb4-6f13-43ad-98cd-fe726c45c834'),
 ('639', 'Entry', '1', '0', '2018-07-11 13:34:31', '2018-07-11 13:34:51', 'b455de5a-8a97-4cc4-b17d-60fc19e38b8b'),
 ('640', 'Entry', '1', '0', '2018-07-11 13:35:37', '2018-07-11 13:35:37', 'cfd6d37e-131b-4fbf-b94c-b2c610037dde');



DROP TABLE IF EXISTS `craft_elements_i18n`;


--
-- Schema for table `craft_elements_i18n`
--
CREATE TABLE `craft_elements_i18n` (
  `id` int(11) NOT NULL AUTO_INCREMENT,
  `elementId` int(11) NOT NULL,
  `locale` char(12) COLLATE utf8_unicode_ci NOT NULL,
  `slug` varchar(255) COLLATE utf8_unicode_ci DEFAULT NULL,
  `uri` varchar(255) COLLATE utf8_unicode_ci DEFAULT NULL,
  `enabled` tinyint(1) unsigned NOT NULL DEFAULT '1',
  `dateCreated` datetime NOT NULL,
  `dateUpdated` datetime NOT NULL,
  `uid` char(36) COLLATE utf8_unicode_ci NOT NULL DEFAULT '0',
  PRIMARY KEY (`id`),
  UNIQUE KEY `craft_elements_i18n_elementId_locale_unq_idx` (`elementId`,`locale`),
  UNIQUE KEY `craft_elements_i18n_uri_locale_unq_idx` (`uri`,`locale`),
  KEY `craft_elements_i18n_slug_locale_idx` (`slug`,`locale`),
  KEY `craft_elements_i18n_enabled_idx` (`enabled`),
  KEY `craft_elements_i18n_locale_fk` (`locale`)
) ENGINE=InnoDB AUTO_INCREMENT=641 DEFAULT CHARSET=utf8 COLLATE=utf8_unicode_ci;

--
-- Data for table `craft_elements_i18n`
--

INSERT INTO `craft_elements_i18n` (`id`, `elementId`, `locale`, `slug`, `uri`, `enabled`, `dateCreated`, `dateUpdated`, `uid`) VALUES
 ('1', '1', 'en_gb', '', NULL, '1', '2018-01-18 10:53:34', '2018-04-27 10:31:21', '662abeb7-7ba9-45d9-9bd7-5ca676d76175'),
 ('2', '2', 'en_gb', 'homepage', '__home__', '1', '2018-01-18 10:53:40', '2018-07-11 08:59:12', 'b38127e6-bc7a-4c3f-a3b3-ac2590b362a4'),
 ('4', '4', 'en_gb', 'example-project-1', 'projects/example-project-1', '1', '2018-01-26 15:51:25', '2018-05-02 08:51:23', '728803fa-f9bf-418b-bfb5-32c9af5b78d0'),
 ('6', '6', 'en_gb', 'proj1', NULL, '1', '2018-01-30 11:17:18', '2018-03-05 16:17:22', '24d27978-318b-4f23-8082-29e90addffdc'),
 ('9', '9', 'en_gb', 'untitled-2', NULL, '1', '2018-01-30 12:32:33', '2018-03-05 16:17:21', '65fd7674-7232-4ed4-9333-9e6c4528c015'),
 ('10', '10', 'en_gb', 'untitled-3', NULL, '1', '2018-01-30 12:32:33', '2018-03-05 16:17:21', '7ac5f44b-87f0-4601-bf81-19701f7e3adb'),
 ('18', '18', 'en_gb', 'thumb', NULL, '1', '2018-01-30 13:31:15', '2018-03-05 16:17:22', 'a12f5631-c5e1-4484-a951-5e8d0b8a5bf8'),
 ('19', '19', 'en_gb', 'thumb2', NULL, '1', '2018-01-30 13:31:15', '2018-03-05 16:17:22', '055e8daf-f036-480d-8e61-72664c447778'),
 ('20', '20', 'en_gb', 'untitled-1', NULL, '1', '2018-01-30 13:31:15', '2018-03-05 16:17:21', '4c68feb3-5da4-4cd3-a117-2f23ae68b458'),
 ('29', '29', 'en_gb', 'thumbt', NULL, '1', '2018-01-30 13:33:23', '2018-03-05 16:17:22', '0e544d7c-5f9b-4d56-a0cd-c61ec1bf34be'),
 ('30', '30', 'en_gb', 'untitled-1f', NULL, '1', '2018-01-30 13:33:23', '2018-03-05 16:17:21', 'cb166026-74c0-4ea6-8689-1d3df299cf49'),
 ('31', '31', 'en_gb', '', NULL, '1', '2018-01-30 13:33:33', '2018-04-11 09:36:23', 'a5fcc37f-d8c6-42b1-b172-818f31b6070a'),
 ('32', '32', 'en_gb', '', NULL, '1', '2018-01-30 14:41:31', '2018-04-11 09:36:23', 'fad9fa40-62ec-4c30-b7c3-441c30178758'),
 ('36', '36', 'en_gb', '', NULL, '1', '2018-01-30 16:40:58', '2018-04-11 09:36:23', '1064170e-d07c-48ac-b64f-6ce907059ec6'),
 ('38', '38', 'en_gb', 'night', NULL, '1', '2018-01-30 16:43:39', '2018-03-05 16:17:21', '563a25ea-0fa6-4bb3-a991-5993b636f0f3'),
 ('110', '110', 'en_gb', '', NULL, '1', '2018-02-05 09:54:44', '2018-04-11 09:36:23', '7cb2551b-0007-40fc-9d9e-f67cd7f3e2df'),
 ('250', '250', 'en_gb', 'example-slide-1', NULL, '1', '2018-02-14 11:02:52', '2018-03-05 16:17:22', '13207482-00ff-40b2-9205-98f5dc18d536'),
 ('311', '311', 'en_gb', 'example', NULL, '1', '2018-02-21 16:09:42', '2018-02-21 16:09:42', '6652dc85-fa41-4230-8b55-f24cc833964d'),
 ('319', '319', 'en_gb', 'defaultuserphoto', NULL, '1', '2018-02-21 17:09:25', '2018-02-21 17:09:25', '2bd51341-8517-449c-b131-e879b7a3a024'),
 ('320', '320', 'en_gb', 'defaultuserphoto', NULL, '1', '2018-02-21 17:15:40', '2018-03-05 16:17:21', 'cc2f0f15-f3be-4cee-bb5a-c898ce88ad28'),
 ('323', '323', 'en_gb', 'proj1', NULL, '1', '2018-02-22 09:18:14', '2018-03-05 16:17:23', '55c35d2a-e4a9-4ae4-bcb9-9da20442d420'),
 ('324', '324', 'en_gb', 'proj1', NULL, '1', '2018-02-22 09:47:32', '2018-02-22 09:47:32', 'b3a87ee7-47f5-4451-aa5e-0b6fb1db9710'),
 ('325', '325', 'en_gb', 'proj1', NULL, '1', '2018-02-22 09:51:14', '2018-03-05 16:17:21', '70d8b786-4432-4a66-a11e-6f05c267f03b'),
 ('326', '326', 'en_gb', '', NULL, '1', '2018-02-22 11:53:34', '2018-04-23 13:45:28', 'd7cec23b-bbbe-4469-9152-26cf4554a3d5'),
 ('327', '327', 'en_gb', '46c2373-default-skin', NULL, '1', '2018-02-22 13:52:54', '2018-03-05 16:17:16', '3c05b1f7-b7d4-4f87-b0db-6da664d55aa8'),
 ('336', '336', 'en_gb', 'ezgif-com-optimize', NULL, '1', '2018-02-22 14:12:56', '2018-02-22 14:12:56', 'dbe01d15-1ff6-4746-8420-3f34fef9a9f7'),
 ('338', '338', 'en_gb', '99956ba-justin-gallaher', NULL, '1', '2018-02-22 14:13:48', '2018-03-05 16:17:24', '5a153a12-f7f1-4aa6-a069-5b4c879959d1'),
 ('339', '339', 'en_gb', 'robert-bar', NULL, '1', '2018-02-22 14:13:55', '2018-03-05 16:17:24', 'f6e97ed9-9f0f-4768-bb20-8c8bed32e927'),
 ('341', '341', 'en_gb', 'example', NULL, '1', '2018-02-23 09:46:45', '2018-03-05 16:17:24', '61248f69-40e5-48a2-bd32-12254e42ede9'),
 ('343', '343', 'en_gb', '8cba771-justin-gallaher', NULL, '1', '2018-02-23 10:26:07', '2018-03-05 16:17:18', '820ef89e-09f3-40bb-8345-10b5c50f1ea7'),
 ('344', '344', 'en_gb', 'defaultuserphoto', NULL, '1', '2018-02-23 10:27:15', '2018-03-05 16:17:19', '73a6bb76-0f3b-46a7-ab5e-c921e9ea8790'),
 ('346', '346', 'en_gb', '2d126b5-justin-gallaher', NULL, '1', '2018-02-23 10:38:49', '2018-03-05 16:17:18', 'c5d4f582-78bb-4b32-99d9-24a463eddcba'),
 ('347', '347', 'en_gb', 'justin-gallaher', NULL, '1', '2018-02-23 10:39:03', '2018-03-05 16:17:18', '7a5aece6-49d4-4829-bb20-4a9a119e6d08'),
 ('349', '349', 'en_gb', '3f299da-justin-gallaher', NULL, '1', '2018-02-23 16:15:22', '2018-03-05 16:17:15', '30f1004d-31bc-46aa-8d44-aea5f018d8c7'),
 ('350', '350', 'en_gb', '94fd296-justin-gallaher', NULL, '1', '2018-02-23 16:15:35', '2018-03-05 16:17:17', '44ce63c9-75c1-4861-825b-c14cc0842c04'),
 ('351', '351', 'en_gb', '0364039-justin-gallaher', NULL, '1', '2018-02-23 16:16:12', '2018-03-05 16:17:24', '7119fe9b-ec79-43fe-9b53-cc3e20ebf774'),
 ('352', '352', 'en_gb', 'b7300c6-justin-gallaher', NULL, '1', '2018-02-23 16:16:15', '2018-03-05 16:17:19', 'abccd73b-39dd-4396-9e83-41d16d78f490'),
 ('353', '353', 'en_gb', '03d4c3a-justin-gallaher', NULL, '1', '2018-02-23 16:16:17', '2018-03-05 16:17:15', '95f13372-b71d-4d9c-bf19-0387dddc3d76'),
 ('354', '354', 'en_gb', 'justin-gallaher', NULL, '1', '2018-02-23 16:16:18', '2018-03-05 16:17:24', '466b4d3b-f26b-476e-aad4-acc26d590da7'),
 ('356', '356', 'en_gb', 'da85d79-robert-bar', NULL, '1', '2018-02-23 16:44:58', '2018-03-05 16:17:18', 'f8324605-d0f5-420e-928f-c5fe9b72ee79'),
 ('357', '357', 'en_gb', '877031e-robert-bar', NULL, '1', '2018-02-23 16:45:05', '2018-03-05 16:17:17', 'd7276fdd-e4fa-4cbb-84dd-194ef3ad18e2'),
 ('358', '358', 'en_gb', 'robert-bar', NULL, '1', '2018-02-23 16:45:09', '2018-03-05 16:17:18', 'ae3eb6d0-2a11-48df-8491-0f83d1556336'),
 ('360', '360', 'en_gb', '1f68a86-bright-1519639355286', NULL, '1', '2018-02-26 11:11:44', '2018-02-26 11:11:44', 'fa669433-c352-4167-9fe2-eb3b2c6eaf2d'),
 ('361', '361', 'en_gb', 'b8e59c7-bright-1519639355286', NULL, '1', '2018-02-26 11:11:46', '2018-02-26 11:11:46', 'd85c089d-7156-44c8-8c1f-8df1ca80e670'),
 ('370', '370', 'en_gb', 'justin-gallaher', NULL, '1', '2018-02-26 16:39:39', '2018-03-05 16:17:19', '1b19ae63-92a1-48e8-84ba-b72709d3d95f'),
 ('371', '371', 'en_gb', 'testtesttest', NULL, '1', '2018-02-27 13:19:40', '2018-03-05 16:17:21', '7d9b9db7-07ec-4925-81f0-6ebd7f60fd54'),
 ('372', '372', 'en_gb', 'cacc01b-grey-text', NULL, '1', '2018-02-27 15:50:23', '2018-03-05 16:17:20', 'cfd7fd26-8255-4d03-8ef9-5c5c8a89d469'),
 ('373', '373', 'en_gb', '63af28b-house', NULL, '1', '2018-02-27 15:50:27', '2018-03-05 16:17:16', 'a6318c0b-90f1-407b-b390-8f8030bc8e2f'),
 ('374', '374', 'en_gb', '74ac968-grey-text', NULL, '1', '2018-02-27 15:50:30', '2018-03-05 16:17:17', 'a8929a96-1de2-4155-ac36-32bbe79a9ebe'),
 ('375', '375', 'en_gb', '73ae604-grey-text', NULL, '1', '2018-02-27 15:51:34', '2018-03-05 16:17:16', '30c81fe5-1577-422e-b902-c42fad279b79'),
 ('378', '378', 'en_gb', '00dfc91-grey-text', NULL, '1', '2018-02-27 15:51:47', '2018-03-05 16:17:14', '0b4e1b3d-e65d-4dcc-a9e6-cd6ab3d77ce5'),
 ('379', '379', 'en_gb', 'd65e602-house', NULL, '1', '2018-02-27 16:03:47', '2018-03-05 16:17:20', '3e1e9ee8-b21c-4e20-a772-2ec04fae1b85'),
 ('380', '380', 'en_gb', 'a6dd58f-house', NULL, '1', '2018-02-27 16:04:39', '2018-03-05 16:17:18', 'cd0e3da7-cea3-43d6-b27a-51ff8e01be6a'),
 ('381', '381', 'en_gb', '95b2ad6-house', NULL, '1', '2018-02-27 16:05:14', '2018-03-05 16:17:18', 'f82df3e9-7980-42f6-80db-0391115a3833'),
 ('382', '382', 'en_gb', 'e3a6fb8-house', NULL, '1', '2018-02-27 16:05:25', '2018-03-05 16:17:21', '4a9ac444-fc48-44e5-842c-0d8784ed26ea'),
 ('384', '384', 'en_gb', '7fcf396-defaultuserphoto', NULL, '1', '2018-02-27 16:12:17', '2018-03-05 16:17:17', '90441f3a-6902-4c1a-a551-f5690861ac1f'),
 ('385', '385', 'en_gb', 'f391c87-grey-text', NULL, '1', '2018-02-27 16:12:17', '2018-03-05 16:17:22', 'f570e116-7375-4e28-9da3-86ce62b8c95c'),
 ('387', '387', 'en_gb', '88be340-defaultuserphoto', NULL, '1', '2018-02-27 16:12:54', '2018-03-05 16:17:17', '00e39318-04ab-47c3-b6ab-7c6c8d063baf'),
 ('388', '388', 'en_gb', '0be89bd-grey-text', NULL, '1', '2018-02-27 16:12:54', '2018-03-05 16:17:15', 'dcfef00e-6f01-440f-bd13-3598c15fc6fb'),
 ('389', '389', 'en_gb', '3b91adf-key', NULL, '1', '2018-02-27 16:12:54', '2018-03-05 16:17:15', '25d35ffc-a8f7-4d78-8cf7-b12ce023e122'),
 ('390', '390', 'en_gb', '8be0521-defaultuserphoto', NULL, '1', '2018-02-27 16:13:23', '2018-03-05 16:17:17', 'aafb3867-bc4a-41a5-b37f-e5293cd0fa05'),
 ('391', '391', 'en_gb', 'eb8b7d1-grey-text', NULL, '1', '2018-02-27 16:13:24', '2018-03-05 16:17:21', '1e6151f2-2685-4713-beb5-8738bae100c0'),
 ('393', '393', 'en_gb', 'aac62cb-defaultuserphoto', NULL, '1', '2018-02-27 16:18:34', '2018-03-05 16:17:19', 'daceaf74-9a1e-4c07-9a4a-a332bcb750a6'),
 ('394', '394', 'en_gb', '8a3a74e-grey-text', NULL, '1', '2018-02-27 16:18:34', '2018-03-05 16:17:17', 'd13dc78c-6b4f-4ab4-948c-80207792fa81'),
 ('396', '396', 'en_gb', '8397c66-defaultuserphoto', NULL, '1', '2018-02-27 16:19:29', '2018-03-05 16:17:17', '1a0a79a0-fe1e-4f55-882b-85653f4cea36'),
 ('397', '397', 'en_gb', 'add59d3-grey-text', NULL, '1', '2018-02-27 16:19:29', '2018-03-05 16:17:19', 'e549ec5c-b5e8-42ec-93ab-da8226df15e2'),
 ('398', '398', 'en_gb', '893ca75-key', NULL, '1', '2018-02-27 16:19:29', '2018-03-05 16:17:17', 'ccde113c-8d7c-4f88-b733-a29779a5a66c'),
 ('400', '400', 'en_gb', 'b231bba-grey-text', NULL, '1', '2018-02-27 16:19:48', '2018-03-05 16:17:19', 'dd5f4a4c-9b08-4371-8088-89b1bf353dd9'),
 ('409', '409', 'en_gb', 'defaultuserphoto', NULL, '1', '2018-03-01 10:48:02', '2018-03-05 16:17:24', '338d6f02-2190-4704-b73d-f1c568a6e017'),
 ('412', '412', 'en_gb', 'house', NULL, '1', '2018-03-01 10:50:27', '2018-03-05 16:17:23', 'e2d80a30-cd4c-43af-a053-4c5f7cbab1e1'),
 ('414', '414', 'en_gb', '7329bae-justin-gallaher', NULL, '1', '2018-03-05 16:01:23', '2018-03-05 16:17:16', 'fc787d7b-8dc6-4f04-ba4d-7c9d4a274016'),
 ('415', '415', 'en_gb', '57a5f46-bright-1519639355286', NULL, '1', '2018-03-05 16:02:29', '2018-03-05 16:02:29', '8e734747-1f45-4c1b-aeb5-ae6751d66177'),
 ('416', '416', 'en_gb', 'bfab748-bright-1519639355286', NULL, '1', '2018-03-05 16:05:37', '2018-03-05 16:05:37', 'a1de9652-5454-49c0-9b09-b954f77e1adb'),
 ('417', '417', 'en_gb', '8d7caf2-after-entrance-hall', NULL, '1', '2018-03-05 16:07:01', '2018-03-05 16:17:23', '4c3ec82a-c7fa-4b03-8421-783861735bba'),
 ('418', '418', 'en_gb', 'ff6cdb9-after-garden-view', NULL, '1', '2018-03-05 16:07:01', '2018-03-05 16:17:23', '6d7a20bc-1ac8-4303-8fe8-72924a319cd4'),
 ('419', '419', 'en_gb', '0b21171-after-front-elevation', NULL, '1', '2018-03-05 16:07:01', '2018-03-05 16:17:22', '7e8e9784-87d5-40db-a3b4-0073798df25c'),
 ('420', '420', 'en_gb', 'c4ad654-after-kitchen', NULL, '1', '2018-03-05 16:07:13', '2018-03-05 16:17:20', '95ccc023-a276-473f-8fc6-db3139dccb6a'),
 ('421', '421', 'en_gb', 'c86c314-after-pellet-boiler', NULL, '1', '2018-03-05 16:07:13', '2018-03-05 16:17:20', 'eecbd0a0-f175-4ae2-884d-f769a7e405e6'),
 ('422', '422', 'en_gb', '553756e-after-master-bedroom', NULL, '1', '2018-03-05 16:07:13', '2018-03-05 16:17:16', 'e3f8cbce-5ea5-4264-bfcb-8a1834daf659'),
 ('423', '423', 'en_gb', 'cce4608-after-staircase', NULL, '1', '2018-03-05 16:07:15', '2018-03-05 16:17:20', 'f286f55c-c5ea-4d62-af34-682301b83a8a'),
 ('424', '424', 'en_gb', '0408ea8-before-front-elevation', NULL, '1', '2018-03-05 16:07:15', '2018-03-05 16:17:15', '5baa968c-f0b2-42ec-bcb5-e5b521e04679'),
 ('425', '425', 'en_gb', 'after-dining-room', NULL, '1', '2018-03-05 16:07:30', '2018-03-05 16:17:23', 'e63b01ba-d409-43b1-bd6d-d5baa159cdb9'),
 ('427', '427', 'en_gb', 'ezgif-com-optimize', NULL, '1', '2018-03-05 16:17:24', '2018-03-05 16:17:24', 'a18f05a5-48d2-4cf7-acb4-fba377172433'),
 ('428', '428', 'en_gb', '683da37-after-kitchen', NULL, '1', '2018-03-05 16:36:01', '2018-03-05 16:36:01', '4ea327f5-6e26-492b-99bd-07e2c7554d5a'),
 ('429', '429', 'en_gb', 'df5921e-during-2', NULL, '1', '2018-03-05 16:45:20', '2018-03-05 16:45:20', '1bc7d2c7-3dd7-4c82-aa81-d1fcbfb60fd9'),
 ('430', '430', 'en_gb', 'b904b1b-before-front-elevation', NULL, '1', '2018-03-05 16:47:12', '2018-03-05 16:47:12', '7db6656a-15b8-4bbf-b26f-d03873ec37da'),
 ('433', '433', 'en_gb', '531caeb-during-2', NULL, '1', '2018-03-12 13:01:59', '2018-03-12 13:05:10', '6202b187-7981-40f4-9fe4-00d7632fe48a'),
 ('434', '434', 'en_gb', '2c40cbf-after-dining-room', NULL, '1', '2018-03-12 13:02:24', '2018-03-12 13:02:24', 'b9a1b8a3-a4f3-487d-8dbf-98347731df4a'),
 ('435', '435', 'en_gb', '91a7faa-after-entrance-hall', NULL, '1', '2018-03-12 13:02:24', '2018-03-12 13:02:24', 'c51442a0-3be2-47d4-a747-49e75adb2002'),
 ('436', '436', 'en_gb', '556832c-after-front-elevation', NULL, '1', '2018-03-12 13:02:24', '2018-03-12 13:02:24', '9f8c5b66-7dfa-459c-96ed-0862e3ae3230'),
 ('437', '437', 'en_gb', 'bca7954-after-garden-view', NULL, '1', '2018-03-12 13:02:24', '2018-03-12 13:02:24', '4cc6582f-333f-4328-9038-b3c1850a8ca2'),
 ('438', '438', 'en_gb', '9443979-after-kitchen', NULL, '1', '2018-03-12 13:02:24', '2018-03-12 13:02:24', '9ad55f70-26aa-4e53-aa36-3343abffce2e'),
 ('439', '439', 'en_gb', 'af31814-after-master-bedroom', NULL, '1', '2018-03-12 13:02:24', '2018-03-12 13:02:24', '3a2651d8-b745-403b-a22a-46df7ad94797'),
 ('440', '440', 'en_gb', '0afc5dc-after-pellet-boiler', NULL, '1', '2018-03-12 13:02:24', '2018-03-12 13:02:24', '187f234e-4018-4ad4-ab7c-ab8e2da638b5'),
 ('441', '441', 'en_gb', '335fe2c-after-staircase', NULL, '1', '2018-03-12 13:02:24', '2018-03-12 13:02:24', '56b0c973-a19b-44d1-912b-cdbe2e804a61'),
 ('442', '442', 'en_gb', '1bbf187-before-front-elevation', NULL, '1', '2018-03-12 13:02:24', '2018-03-12 13:02:24', 'b82f13cc-5ae1-4c19-ab7d-a4327ecb90af'),
 ('443', '443', 'en_gb', '8fcedfc-during-2', NULL, '1', '2018-03-12 13:02:26', '2018-03-12 13:02:26', '1a48204b-0444-448a-adb1-0ef08b8582c8'),
 ('444', '444', 'en_gb', 'b06b193-before-garden-view', NULL, '1', '2018-03-12 13:02:26', '2018-03-12 13:02:26', 'a03608f2-22e5-4086-965e-0499b3c477c0'),
 ('445', '445', 'en_gb', '6eda5e8-after-pellet-boiler', NULL, '1', '2018-03-12 13:03:31', '2018-03-12 13:03:31', '57074f1c-741f-472f-a11e-3d892b9df31e'),
 ('446', '446', 'en_gb', 'after-front-elevation', NULL, '1', '2018-03-12 13:05:10', '2018-03-12 13:05:10', '11570998-6543-4c9c-b877-fcd424051adb');
INSERT INTO `craft_elements_i18n` (`id`, `elementId`, `locale`, `slug`, `uri`, `enabled`, `dateCreated`, `dateUpdated`, `uid`) VALUES
 ('448', '448', 'en_gb', '04d6f6c-after-dining-room', NULL, '1', '2018-03-12 13:06:04', '2018-03-12 13:06:39', '019bd969-11f1-4fdf-a6be-e5b5b5063e26'),
 ('449', '449', 'en_gb', 'd3056c8-after-entrance-hall', NULL, '1', '2018-03-12 13:06:04', '2018-03-12 13:06:39', '2c9a83f4-92b6-480b-b239-edafb12cd19f'),
 ('450', '450', 'en_gb', '7a39702-after-front-elevation', NULL, '1', '2018-03-12 13:06:04', '2018-03-12 13:06:39', 'f486ff4f-092d-42b7-aa92-a1da893fb3df'),
 ('451', '451', 'en_gb', 'e4fd0cc-after-garden-view', NULL, '1', '2018-03-12 13:06:04', '2018-03-12 13:06:39', 'c17471a5-7930-4526-8536-423b029705e4'),
 ('452', '452', 'en_gb', 'ef10724-after-kitchen', NULL, '1', '2018-03-12 13:06:04', '2018-03-12 13:06:39', '0048a4d0-517f-4b28-906f-3805ba4a65d7'),
 ('453', '453', 'en_gb', 'ce05d15-after-master-bedroom', NULL, '1', '2018-03-12 13:06:04', '2018-03-12 13:06:39', '51559e25-0d2f-4dcc-99e4-044795986568'),
 ('454', '454', 'en_gb', 'd49b838-after-pellet-boiler', NULL, '1', '2018-03-12 13:06:04', '2018-03-12 13:06:39', '98f84d4f-6923-4b8b-862f-6d584b1971d1'),
 ('455', '455', 'en_gb', 'dee246e-after-staircase', NULL, '1', '2018-03-12 13:06:04', '2018-03-12 13:06:39', 'e06532df-7426-4fd6-a2a5-a99926cbf685'),
 ('456', '456', 'en_gb', '61c6a71-before-front-elevation', NULL, '1', '2018-03-12 13:06:05', '2018-03-12 13:06:39', '7bdd03c4-4265-407b-b747-4dc57255a370'),
 ('457', '457', 'en_gb', '5d24668-before-garden-view', NULL, '1', '2018-03-12 13:06:05', '2018-03-12 13:06:39', 'c82466f7-fc24-44c3-aa91-c513ff3e4bef'),
 ('458', '458', 'en_gb', '924d336-during-2', NULL, '1', '2018-03-12 13:06:05', '2018-03-12 13:06:39', 'e68fe38a-4fa5-4cfb-a19f-3f6ca98cc24e'),
 ('459', '459', 'en_gb', 'after-pellet-boiler', NULL, '1', '2018-03-12 13:06:38', '2018-03-12 13:06:38', '0fca2d00-d98f-47ea-badf-d4004fc3a26b'),
 ('461', '461', 'en_gb', '95f7625-after-dining-room', NULL, '1', '2018-03-12 13:07:53', '2018-03-12 13:07:53', 'c66d6aad-e7b6-4d9a-a710-f244eaebc02a'),
 ('462', '462', 'en_gb', 'fb0b6af-after-entrance-hall', NULL, '1', '2018-03-12 13:07:53', '2018-03-12 13:07:53', '417ad395-83c7-4fc6-aa59-db572d2389e7'),
 ('463', '463', 'en_gb', '3db66b7-after-front-elevation', NULL, '1', '2018-03-12 13:07:53', '2018-03-12 13:07:53', 'e72610f5-aa7a-4a00-b437-00b7e88fdee0'),
 ('464', '464', 'en_gb', 'e64e1e2-after-garden-view', NULL, '1', '2018-03-12 13:07:53', '2018-03-12 13:07:53', '68aca6fb-1c02-4d08-943b-8658535dfb08'),
 ('465', '465', 'en_gb', '77930d4-after-kitchen', NULL, '1', '2018-03-12 13:07:53', '2018-03-12 13:07:53', '250f7007-c2d9-40af-b0a0-cf490dffb4f4'),
 ('466', '466', 'en_gb', 'af7d865-after-master-bedroom', NULL, '1', '2018-03-12 13:07:54', '2018-03-12 13:07:54', 'dee0e12b-af03-48c7-946a-fed2f3ed62d9'),
 ('467', '467', 'en_gb', '6d58ef7-after-pellet-boiler', NULL, '1', '2018-03-12 13:07:54', '2018-03-12 13:07:54', 'b7db0291-3785-4540-8a55-8e52285cc23c'),
 ('468', '468', 'en_gb', 'c009cda-after-staircase', NULL, '1', '2018-03-12 13:07:54', '2018-03-12 13:07:54', '28db6521-938e-4044-abf1-2c05d6a13e54'),
 ('469', '469', 'en_gb', 'cbca7e9-before-front-elevation', NULL, '1', '2018-03-12 13:07:54', '2018-03-12 13:07:54', '08999a78-079a-40b3-b15c-9961c1ec6d31'),
 ('470', '470', 'en_gb', '78ea57d-before-garden-view', NULL, '1', '2018-03-12 13:07:54', '2018-03-12 13:07:54', 'e31a38a5-33c6-419d-8fb8-760d51c297c9'),
 ('471', '471', 'en_gb', '345fffc-during-2', NULL, '1', '2018-03-12 13:07:54', '2018-03-12 13:07:54', '08e6962a-5d3f-43df-b7e3-aef5a22ae790'),
 ('472', '472', 'en_gb', 'f0646b5-during-2', NULL, '1', '2018-03-12 13:25:25', '2018-03-12 13:27:18', 'a04820f7-c281-4654-945b-89fe730d8a8b'),
 ('473', '473', 'en_gb', 'c72cf5a-before-front-elevation', NULL, '1', '2018-03-12 13:25:32', '2018-03-12 13:27:18', '75d21060-bc06-431b-8b6b-567e216c869a'),
 ('474', '474', 'en_gb', '8f2403a-before-garden-view', NULL, '1', '2018-03-12 13:25:32', '2018-03-12 13:27:18', 'e02d6c13-0cdb-40db-8b8c-351decfc227e'),
 ('475', '475', 'en_gb', '60a228f-after-dining-room', NULL, '1', '2018-03-12 13:25:45', '2018-03-12 13:27:18', '1baf4f25-a00c-4574-972a-95c862f53954'),
 ('476', '476', 'en_gb', '8c7db55-after-entrance-hall', NULL, '1', '2018-03-12 13:25:45', '2018-03-12 13:27:18', '4fa13d8d-ed79-4c5a-aaa2-39cadd256b0e'),
 ('477', '477', 'en_gb', '650f3cb-after-front-elevation', NULL, '1', '2018-03-12 13:25:45', '2018-03-12 13:27:18', 'ed6e7417-5bdc-478f-936b-48e7738dd6aa'),
 ('478', '478', 'en_gb', '29b501d-after-garden-view', NULL, '1', '2018-03-12 13:25:46', '2018-03-12 13:27:18', '3edd1ca8-9346-4d84-8fbd-2a9d6330f30e'),
 ('479', '479', 'en_gb', '0e63690-after-kitchen', NULL, '1', '2018-03-12 13:25:46', '2018-03-12 13:27:18', '5e263d79-f871-4581-9bac-a6302706451b'),
 ('480', '480', 'en_gb', '3403ab6-after-master-bedroom', NULL, '1', '2018-03-12 13:25:46', '2018-03-12 13:27:18', '10ba6e1e-63f4-47f9-9f04-8059b8d68788'),
 ('481', '481', 'en_gb', '991ffaf-after-pellet-boiler', NULL, '1', '2018-03-12 13:25:46', '2018-03-12 13:25:46', 'e762eb01-d30f-482f-bd6a-eabd50979a77'),
 ('482', '482', 'en_gb', '99b608f-after-staircase', NULL, '1', '2018-03-12 13:25:46', '2018-03-12 13:27:19', '2e791dd6-2103-433d-8152-0d89675c565f'),
 ('483', '483', 'en_gb', '86ac71f-before-front-elevation', NULL, '1', '2018-03-12 13:25:46', '2018-03-12 13:27:19', '59808d0b-9311-42d9-a848-17fb1791f6f8'),
 ('484', '484', 'en_gb', '7f8cc79-before-garden-view', NULL, '1', '2018-03-12 13:25:46', '2018-03-12 13:27:19', '169c994e-babf-4aef-9959-bc53f031a1ba'),
 ('485', '485', 'en_gb', '1461db3-during-2', NULL, '1', '2018-03-12 13:25:46', '2018-03-12 13:27:19', '39caf4ec-217a-4edd-94c9-52449023aa4a'),
 ('486', '486', 'en_gb', '017e50a-after-pellet-boiler', NULL, '1', '2018-03-12 13:26:44', '2018-03-12 13:26:44', 'a0a1c215-d472-46d4-8a9b-52a0db11eb32'),
 ('487', '487', 'en_gb', '4c08ad2-after-front-elevation', NULL, '1', '2018-03-12 13:26:54', '2018-03-12 13:27:19', 'a363d811-fd92-4f28-aa64-0379a457f4cd'),
 ('488', '488', 'en_gb', '2d1f6cf-after-garden-view', NULL, '1', '2018-03-12 13:26:58', '2018-03-12 13:27:19', '0d0a9bf1-ce03-4a43-af4b-86faff2d9b42'),
 ('489', '489', 'en_gb', 'cc5bb00-after-kitchen', NULL, '1', '2018-03-12 13:27:12', '2018-03-12 13:27:19', 'baa141b7-bf69-465f-9c3e-96316a07b670'),
 ('490', '490', 'en_gb', 'after-garden-view', NULL, '1', '2018-03-12 13:27:18', '2018-03-12 13:27:18', 'f6b2c125-daee-459f-983f-db5b561bc6c8'),
 ('491', '491', 'en_gb', 'le-rocher', 'projects/le-rocher', '1', '2018-03-12 13:27:18', '2018-04-11 09:36:05', '5bba897a-2011-4d10-82b6-b4f9719ea3b8'),
 ('492', '492', 'en_gb', '7621090-after-garden-view', NULL, '1', '2018-03-12 15:22:46', '2018-03-12 15:22:48', 'f73a5a27-9006-4981-96fc-daca61ca6a50'),
 ('493', '493', 'en_gb', 'deaea88-after-kitchen', NULL, '1', '2018-03-12 15:22:46', '2018-03-12 15:22:49', '099ce9cd-3404-4c03-8408-180a7f642dc6'),
 ('497', '497', 'en_gb', 'thumb1', NULL, '1', '2018-03-20 16:15:19', '2018-03-20 16:15:40', 'e1a9506b-013f-4f12-9c76-6ff73edcffba'),
 ('498', '498', 'en_gb', 'lorme', 'news/2018/lorme', '1', '2018-03-20 16:15:40', '2018-04-10 10:23:30', 'ebe7126a-9fd5-4d14-8006-600ef6b61440'),
 ('500', '500', 'en_gb', '57dfb40-before-previous-dwelling', NULL, '1', '2018-03-20 16:26:32', '2018-03-20 16:27:02', 'f43faec3-2856-4704-a468-d5f7727e57d5'),
 ('501', '501', 'en_gb', '821fa8d-after-field-view', NULL, '1', '2018-03-20 16:26:38', '2018-03-20 16:27:02', '23562e81-c334-4d51-9731-b99ebe277911'),
 ('502', '502', 'en_gb', 'eca51db-after-roadside-view', NULL, '1', '2018-03-20 16:26:41', '2018-03-20 16:27:02', 'bd56022d-9ea9-42ae-b50b-08cb4974ff29'),
 ('503', '503', 'en_gb', '8cfc04f-after-front-facade', NULL, '1', '2018-03-20 16:26:41', '2018-03-20 16:27:02', '5507ae82-ec3c-4964-96b0-6b02bee18809'),
 ('504', '504', 'en_gb', '4d38847-after-finished-building', NULL, '1', '2018-03-20 16:26:41', '2018-03-20 16:27:02', '1ee5ec62-3b51-45ec-819d-85a094f37511'),
 ('505', '505', 'en_gb', 'd69dee7-before-previous-dwelling', NULL, '1', '2018-03-20 16:26:41', '2018-03-20 16:27:02', '81fbaa01-a2b0-49cf-9cbd-1856a97d904e'),
 ('506', '506', 'en_gb', '3c53f2d-montage-superimposed-model', NULL, '1', '2018-03-20 16:26:42', '2018-03-20 16:27:02', '5bf41cbd-1c93-4cd9-937d-108e45bebd71'),
 ('507', '507', 'en_gb', 'after-field-view', NULL, '1', '2018-03-20 16:27:02', '2018-03-20 16:27:02', '10d198cd-0693-47d4-b0cf-aabf8902771e'),
 ('509', '509', 'en_gb', 'new-build', 'property-category/new-build', '1', '2018-04-04 14:22:10', '2018-04-04 14:22:10', 'a56ab9e5-1c08-47f2-b029-35798db1706d'),
 ('510', '510', 'en_gb', 'refurbishment', 'property-category/refurbishment', '1', '2018-04-04 14:22:20', '2018-04-04 14:22:20', '6305ad2c-bc08-4c55-bad3-f13b611716f4'),
 ('511', '511', 'en_gb', 'extension', 'property-category/extension', '1', '2018-04-04 14:22:31', '2018-04-04 14:22:31', 'd6175171-8ad0-4dc0-825f-ed611b883362'),
 ('512', '512', 'en_gb', 'residential', 'property-category/residential', '1', '2018-04-04 14:22:45', '2018-04-04 14:22:45', '00b685e3-bd7c-4c40-9fcd-86bc2b2c9af6'),
 ('513', '513', 'en_gb', 'commercial', 'property-category/commercial', '1', '2018-04-04 14:22:58', '2018-04-04 14:22:58', '280916a4-527d-4071-81df-af5d00c20d1c'),
 ('514', '514', 'en_gb', 'office', 'property-category/office', '1', '2018-04-04 14:23:09', '2018-04-04 14:23:09', '110c760e-d35a-41a9-8a09-f7555a7fb20a'),
 ('515', '515', 'en_gb', 'private-dwelling', 'property-category/private-dwelling', '1', '2018-04-04 14:23:21', '2018-04-04 14:23:21', '70a4171c-479b-4601-bde1-fe5431b4206e'),
 ('516', '516', 'en_gb', 'social-housing', 'property-category/social-housing', '1', '2018-04-04 14:23:30', '2018-04-04 14:23:30', 'c00a4aff-31c2-45b1-a2b3-4c2f8be4e310'),
 ('517', '517', 'en_gb', '2-mt-vbo-w', NULL, '1', '2018-04-04 14:52:19', '2018-04-04 14:52:19', 'd04821bc-043f-46a5-b440-3275e07d25ef'),
 ('519', '519', 'en_gb', '28515989-545970592448325-3832173685680234943-o', NULL, '1', '2018-04-04 14:54:17', '2018-04-04 14:54:17', '5d52403d-5026-49c4-a983-1c0a6509cc7b'),
 ('522', '522', 'en_gb', '', NULL, '1', '2018-04-10 08:52:37', '2018-04-10 10:23:30', '35f277ea-2042-47d7-abd2-c957129c3eac'),
 ('523', '523', 'en_gb', '', NULL, '1', '2018-04-10 08:52:37', '2018-04-10 10:23:30', '8c89ac58-2fa0-4993-b7ff-a5ac8993a0c8'),
 ('524', '524', 'en_gb', 'education', 'education', '1', '2018-04-10 09:08:45', '2018-04-10 10:37:12', '1e7dd4c3-a73a-4233-8fc3-f48042b2600b'),
 ('530', '530', 'en_gb', 'about', 'about', '1', '2018-04-10 09:50:11', '2018-07-11 09:50:59', 'a82484da-5bf3-4f04-9f9d-e2f72fad254e'),
 ('531', '531', 'en_gb', '', NULL, '1', '2018-04-10 10:11:29', '2018-04-10 10:11:29', '1db2ccc2-2ba2-45fa-8d5d-5ff0fa3dbd6f'),
 ('532', '532', 'en_gb', '', NULL, '1', '2018-04-10 10:11:29', '2018-04-10 10:11:29', '5e9b6357-7cba-4da1-b286-d74c9d2e1aef'),
 ('533', '533', 'en_gb', '', NULL, '1', '2018-04-10 10:11:29', '2018-04-10 10:11:29', '8cf7df66-aa38-4835-860c-b5e1349b68d6'),
 ('534', '534', 'en_gb', '', NULL, '1', '2018-04-10 10:31:57', '2018-07-11 09:50:59', '80a1346c-0202-4b99-b490-bb287f024a5b'),
 ('538', '538', 'en_gb', '', NULL, '1', '2018-04-10 10:37:12', '2018-04-10 10:37:12', '60e6a922-415c-4614-8aa6-765fc1b7f63d'),
 ('539', '539', 'en_gb', '67f459c-picture-532', NULL, '1', '2018-04-10 10:56:34', '2018-04-10 10:58:29', '8163b007-9703-4916-83b0-a9cbf24a6731'),
 ('540', '540', 'en_gb', 'f8cb875-picture-205', NULL, '1', '2018-04-10 10:56:34', '2018-04-10 10:58:30', '78f67fb4-c772-4984-891f-d034241ee725'),
 ('541', '541', 'en_gb', '8059af1-picture-084', NULL, '1', '2018-04-10 10:56:34', '2018-04-10 10:58:30', '987be34f-a0cd-445f-92a2-6c3ffbc2608f'),
 ('542', '542', 'en_gb', '4d9466a-img-3047', NULL, '1', '2018-04-10 10:56:35', '2018-04-10 10:58:30', 'f7aca192-790c-4b87-9080-3ba6fcc06c0f'),
 ('543', '543', 'en_gb', '43f687c-img-3040', NULL, '1', '2018-04-10 10:56:35', '2018-04-10 10:58:30', 'a33dfde9-6ad7-49e6-8a40-65dc83cfe00a'),
 ('544', '544', 'en_gb', '23bd175-img-2868', NULL, '1', '2018-04-10 10:56:35', '2018-04-10 10:58:30', '4ec1f0bc-bee0-4929-9c67-d6b1cdc8e082'),
 ('545', '545', 'en_gb', '03f0a9f-img-2859', NULL, '1', '2018-04-10 10:56:35', '2018-04-10 10:58:30', '52959a6d-a831-4036-bb52-228b8dd24c94'),
 ('546', '546', 'en_gb', 'f784faf-img-2853', NULL, '1', '2018-04-10 10:56:35', '2018-04-10 10:58:30', '02cccad0-5cf0-4b8d-9d2f-66a34df76b13'),
 ('547', '547', 'en_gb', '33fd793-img-2851', NULL, '1', '2018-04-10 10:56:35', '2018-04-10 10:58:30', '7ea688b3-0341-4572-8ed0-09ce06f1ded2'),
 ('548', '548', 'en_gb', '336924b-img-2849', NULL, '1', '2018-04-10 10:56:35', '2018-04-10 10:58:30', '457fb334-269d-4491-a14e-9d782bdc79fc'),
 ('549', '549', 'en_gb', '6b5b8a7-img-2848', NULL, '1', '2018-04-10 10:56:35', '2018-04-10 10:58:30', 'e148397d-ae86-44ea-8304-391ab047edd7'),
 ('550', '550', 'en_gb', 'd277107-img-3047', NULL, '1', '2018-04-10 10:58:08', '2018-04-10 10:58:08', 'c16d9e46-a6f6-4a90-a629-f4913903a4a2'),
 ('551', '551', 'en_gb', '3df1686-picture-532', NULL, '1', '2018-04-10 10:58:14', '2018-04-10 10:58:30', '055938c6-dea7-4e36-ade4-d0461bc0ecd0'),
 ('552', '552', 'en_gb', 'adb3978-picture-205', NULL, '1', '2018-04-10 10:58:19', '2018-04-10 10:58:30', 'b289e05e-d1e0-45c3-a808-9f94a4599ecc'),
 ('553', '553', 'en_gb', '481b600-picture-084', NULL, '1', '2018-04-10 10:58:19', '2018-04-10 10:58:30', 'abc551ea-caaa-491e-a20c-689c7a5fd484'),
 ('554', '554', 'en_gb', '246377f-img-3047', NULL, '1', '2018-04-10 10:58:19', '2018-04-10 10:58:30', '5ca26c53-2bd9-42e6-9ee7-071ea0cb7df8'),
 ('555', '555', 'en_gb', '1e71a30-img-3040', NULL, '1', '2018-04-10 10:58:20', '2018-04-10 10:58:30', '67463a9e-44aa-4fa2-92b6-2e65db2ddd57'),
 ('556', '556', 'en_gb', 'd9a4bab-img-2868', NULL, '1', '2018-04-10 10:58:20', '2018-04-10 10:58:30', 'c59d6d0f-decd-48d2-b71c-08426a7717ae'),
 ('557', '557', 'en_gb', '23fbe4b-img-2859', NULL, '1', '2018-04-10 10:58:20', '2018-04-10 10:58:30', '422de2ff-245d-4a09-802a-07adc38f902f'),
 ('558', '558', 'en_gb', 'dad4f05-img-2853', NULL, '1', '2018-04-10 10:58:20', '2018-04-10 10:58:30', '4175bb07-20fd-46ce-8877-8b70ff5391a5'),
 ('559', '559', 'en_gb', 'c6c1d82-img-2851', NULL, '1', '2018-04-10 10:58:20', '2018-04-10 10:58:30', '95f94611-0fc9-4832-bdba-3c32cbf0e812'),
 ('560', '560', 'en_gb', '685e3cd-img-2849', NULL, '1', '2018-04-10 10:58:20', '2018-04-10 10:58:30', '85b9b64b-daff-4d2d-96c7-45854faef1ea'),
 ('561', '561', 'en_gb', 'a1e045a-img-2848', NULL, '1', '2018-04-10 10:58:20', '2018-04-10 10:58:30', '2c227d26-78a1-4b8c-ba71-08f4aeaac09b'),
 ('562', '562', 'en_gb', 'picture-532', NULL, '1', '2018-04-10 10:58:29', '2018-04-10 10:58:29', '9eff6c55-2e65-41e0-96c7-e60804574fdb'),
 ('563', '563', 'en_gb', '1-les-fougeres', 'projects/1-les-fougeres', '1', '2018-04-10 10:58:29', '2018-04-10 10:58:29', '0c5aafcb-00c6-42db-bfcb-b3f5246fef6c'),
 ('564', '564', 'en_gb', '', NULL, '1', '2018-04-10 11:07:06', '2018-04-27 14:04:20', 'b149ab64-7cea-4308-94c2-e6d59f0a5a57');
INSERT INTO `craft_elements_i18n` (`id`, `elementId`, `locale`, `slug`, `uri`, `enabled`, `dateCreated`, `dateUpdated`, `uid`) VALUES
 ('565', '565', 'en_gb', 'd03970f-chantelle-arnold', NULL, '1', '2018-04-10 11:08:01', '2018-04-10 11:08:01', '7941f287-ddf8-422d-81ae-5667839ec16c'),
 ('566', '566', 'en_gb', '1a5fbf7-before-staircase', NULL, '1', '2018-04-10 11:18:56', '2018-04-10 11:23:08', '165eb53a-39e9-4b4d-998f-d829582ec0b9'),
 ('567', '567', 'en_gb', '7310206-before-lounge', NULL, '1', '2018-04-10 11:18:56', '2018-04-10 11:23:08', '378ede7c-0c6e-450d-b039-87e0e6d6640f'),
 ('568', '568', 'en_gb', 'ce5790e-before-front-elevation', NULL, '1', '2018-04-10 11:18:56', '2018-04-10 11:23:08', '2a9aa714-a2f6-4683-9dbb-46e64101a956'),
 ('569', '569', 'en_gb', '5dbaccf-before-entrance', NULL, '1', '2018-04-10 11:18:56', '2018-04-10 11:23:08', '7686357b-2a3d-4ab1-a2a9-bb0d13b4e520'),
 ('570', '570', 'en_gb', 'a57063a-after-staircase', NULL, '1', '2018-04-10 11:20:08', '2018-04-10 11:23:08', '2a3dce3d-a05e-4356-8f6d-a1cfe458671d'),
 ('571', '571', 'en_gb', 'e2b27ab-after-modernised-hallway', NULL, '1', '2018-04-10 11:20:09', '2018-04-10 11:23:08', '67af619f-080f-4f65-b5fd-a45ba0b637a4'),
 ('572', '572', 'en_gb', 'd36e3e3-after-roadside-elevation', NULL, '1', '2018-04-10 11:20:09', '2018-04-10 11:23:08', 'b674fe58-5b8a-4243-8b2b-e876b3f8f601'),
 ('573', '573', 'en_gb', '1d1c4e9-after-kitchen', NULL, '1', '2018-04-10 11:20:09', '2018-04-10 11:23:08', 'c80631c0-526d-41fa-8b7d-262f7011b94d'),
 ('574', '574', 'en_gb', '3ca6645-after-front-elevation', NULL, '1', '2018-04-10 11:20:09', '2018-04-10 11:23:08', '1ce8fc45-3a60-41cb-895d-e89f65e52a2e'),
 ('575', '575', 'en_gb', '4154768-after-entrance', NULL, '1', '2018-04-10 11:20:09', '2018-04-10 11:23:08', 'fcb6c162-f835-40c9-a208-dd813f389e34'),
 ('576', '576', 'en_gb', 'ee21618-after-dining-with-sliding-doors', NULL, '1', '2018-04-10 11:20:09', '2018-04-10 11:23:08', '074212fd-1a29-4a68-9eca-012c7ec88565'),
 ('577', '577', 'en_gb', '7877013-after-frameless-glass-balustrade', NULL, '1', '2018-04-10 11:20:09', '2018-04-10 11:23:08', '76f5ecd0-1f40-4791-b5e2-0f259f7dacb8'),
 ('578', '578', 'en_gb', 'd953e52-before-staircase', NULL, '1', '2018-04-10 11:20:13', '2018-04-10 11:23:08', 'e8ca272f-3c44-4a0a-977c-3977f3911dae'),
 ('579', '579', 'en_gb', 'a313960-before-lounge', NULL, '1', '2018-04-10 11:20:14', '2018-04-10 11:23:08', '4ff1b6c3-cbf2-4849-94fd-66817bcdab91'),
 ('580', '580', 'en_gb', '4173386-before-front-elevation', NULL, '1', '2018-04-10 11:20:14', '2018-04-10 11:23:08', '4c1ee9cf-7e6b-4363-ba15-84c3d861f373'),
 ('581', '581', 'en_gb', 'e2293c4-before-entrance', NULL, '1', '2018-04-10 11:20:14', '2018-04-10 11:23:08', '9ef08de3-2ceb-4b9c-a9c1-522dc2456fd6'),
 ('582', '582', 'en_gb', '91c318d-before-staircase', NULL, '1', '2018-04-10 11:21:20', '2018-04-10 11:21:20', '49c40687-ba9b-4d1c-a703-1889af5d2981'),
 ('583', '583', 'en_gb', 'b73b879-after-staircase', NULL, '1', '2018-04-10 11:21:24', '2018-04-10 11:23:08', 'e2b6f128-6d15-428a-a86c-102a9e63f8dc'),
 ('584', '584', 'en_gb', 'b67a158-before-lounge', NULL, '1', '2018-04-10 11:22:46', '2018-04-10 11:22:46', '3acd583a-7d42-4aaf-bbaf-20660f33a714'),
 ('585', '585', 'en_gb', '7487b50-after-staircase', NULL, '1', '2018-04-10 11:23:00', '2018-04-10 11:23:08', '4a1360a9-4124-40e5-b0f7-872e80603826'),
 ('586', '586', 'en_gb', '91d71db-after-modernised-hallway', NULL, '1', '2018-04-10 11:23:00', '2018-04-10 11:23:08', '9d6a31ef-2fe8-481b-a206-0f72a31c81b0'),
 ('587', '587', 'en_gb', 'b2f6542-after-roadside-elevation', NULL, '1', '2018-04-10 11:23:00', '2018-04-10 11:23:09', '02fc5fb7-66ad-4495-91df-ecc51ca2b342'),
 ('588', '588', 'en_gb', '2983bad-after-kitchen', NULL, '1', '2018-04-10 11:23:00', '2018-04-10 11:23:09', '82c12928-6f51-48d3-a9e3-33cab0f43ccb'),
 ('589', '589', 'en_gb', '100e16b-after-front-elevation', NULL, '1', '2018-04-10 11:23:00', '2018-04-10 11:23:09', '009bf82a-fcc9-41cd-b6d1-5d406990a8d5'),
 ('590', '590', 'en_gb', '6f651a6-after-entrance', NULL, '1', '2018-04-10 11:23:00', '2018-04-10 11:23:09', '0b196072-cf62-4cb5-9dfd-e3c3d61fb332'),
 ('591', '591', 'en_gb', '2ef3984-after-dining-with-sliding-doors', NULL, '1', '2018-04-10 11:23:00', '2018-04-10 11:23:09', '0bf3fd42-bc62-4908-a2a4-9507fafb10e5'),
 ('592', '592', 'en_gb', 'cae428e-after-frameless-glass-balustrade', NULL, '1', '2018-04-10 11:23:00', '2018-04-10 11:23:09', 'b0e2a052-6a54-44f4-9eda-dbeac456dec2'),
 ('593', '593', 'en_gb', 'after-roadside-elevation', NULL, '1', '2018-04-10 11:23:08', '2018-04-10 11:23:08', '7f921dce-fd12-40e3-9554-01bd2e81b917'),
 ('594', '594', 'en_gb', '5-jardin-des-cures', 'projects/5-jardin-des-cures', '1', '2018-04-10 11:23:08', '2018-04-10 11:23:08', 'e3e26300-e5a9-47a0-84b9-14eb91692ada'),
 ('595', '595', 'en_gb', '7569088-before-previous-dwelling', NULL, '1', '2018-04-10 11:41:23', '2018-04-10 11:41:52', '9ad684b0-64e8-47a2-97fd-d5b9df391fcd'),
 ('596', '596', 'en_gb', '99e024b-montage-superimposed-model', NULL, '1', '2018-04-10 11:41:26', '2018-04-10 11:41:52', 'e74f82ba-4a23-4b9b-a961-710661350611'),
 ('597', '597', 'en_gb', '6e5ad57-montage-superimposed-model', NULL, '1', '2018-04-10 11:41:40', '2018-04-10 11:41:52', '0e8a3604-8e10-4e3c-acf7-768e1a4bd10b'),
 ('598', '598', 'en_gb', 'd6041af-before-previous-dwelling', NULL, '1', '2018-04-10 11:41:40', '2018-04-10 11:41:52', '0dc6cfd8-fd7e-43be-8401-12afd9730cf5'),
 ('599', '599', 'en_gb', 'db1c432-after-roadside-view', NULL, '1', '2018-04-10 11:41:40', '2018-04-10 11:41:52', '0544c985-7381-44ed-88d1-d8a017e6b3dc'),
 ('600', '600', 'en_gb', '45cfce8-after-front-facade', NULL, '1', '2018-04-10 11:41:40', '2018-04-10 11:41:52', 'a89dc1c3-1cd7-4244-84f2-c802853101f7'),
 ('601', '601', 'en_gb', '914ac0f-after-finished-building', NULL, '1', '2018-04-10 11:41:41', '2018-04-10 11:41:52', '67cb72db-42b9-446a-9189-64200f10e040'),
 ('602', '602', 'en_gb', 'a949442-after-field-view', NULL, '1', '2018-04-10 11:41:41', '2018-04-10 11:41:52', '5cbdc8e8-c7c7-42ed-93b1-1559e917f5e1'),
 ('603', '603', 'en_gb', 'after-finished-building', NULL, '1', '2018-04-10 11:41:52', '2018-04-10 11:41:52', '5ff64787-b45e-4f4f-be42-384afa705ce7'),
 ('604', '604', 'en_gb', 'anchor-house-formally-ancona', 'projects/anchor-house-formally-ancona', '1', '2018-04-10 11:41:52', '2018-04-10 11:43:28', 'ee6e1988-013a-476b-9b87-abe7e56e4640'),
 ('605', '605', 'en_gb', '9877386-justin-gallaher-2', NULL, '1', '2018-04-10 11:42:50', '2018-04-10 11:42:50', 'a3e55303-2730-4d8f-b051-f9529ee3d237'),
 ('606', '606', 'en_gb', '11fc873-montage-superimposed-model', NULL, '1', '2018-04-10 11:43:23', '2018-04-10 11:43:28', '23f03383-6f8f-4705-904e-ef4eb41bbf16'),
 ('607', '607', 'en_gb', 'e3132bb-before-previous-dwelling', NULL, '1', '2018-04-10 11:43:23', '2018-04-10 11:43:28', '650f1e4b-29f5-4e28-98c0-68b51e23d8c3'),
 ('608', '608', 'en_gb', 'cdc8aee-after-roadside-view', NULL, '1', '2018-04-10 11:43:23', '2018-04-10 11:43:28', '90cef0ed-6dee-404a-a3c1-33c0ce4095e3'),
 ('609', '609', 'en_gb', '43ed732-after-front-facade', NULL, '1', '2018-04-10 11:43:23', '2018-04-10 11:43:28', '0f6862ea-ec61-41aa-b0a8-2ba4333af476'),
 ('610', '610', 'en_gb', '8bdef19-after-finished-building', NULL, '1', '2018-04-10 11:43:23', '2018-04-10 11:43:28', '5a34082f-ed0a-4491-8f93-7d80a384dbd4'),
 ('611', '611', 'en_gb', '5cb6b72-after-field-view', NULL, '1', '2018-04-10 11:43:23', '2018-04-10 11:43:28', '22bd417f-c0a7-47b0-aa43-5c39bbe278ce'),
 ('612', '612', 'en_gb', '1393078-2-mt-vbo-w', NULL, '1', '2018-04-17 13:50:24', '2018-04-17 13:50:24', '2d71aab2-fa44-4c38-a8b6-a39ffbbd8157'),
 ('613', '613', 'en_gb', 'de7e61b-image-2', NULL, '1', '2018-04-17 15:04:48', '2018-04-17 15:04:48', 'cb431042-3cf2-46c6-858f-9a863f947edc'),
 ('614', '614', 'en_gb', '', NULL, '1', '2018-04-27 07:56:54', '2018-04-27 07:56:54', '19594bf0-761f-4837-a610-412f2ba7d036'),
 ('615', '615', 'en_gb', 'contact', 'contact', '1', '2018-07-11 10:25:16', '2018-07-11 11:33:10', 'd2c64b8f-8fa3-45b9-bbda-a8ca6eddaa27'),
 ('616', '616', 'en_gb', 'andrew-harvey-architects', 'companies/andrew-harvey-architects', '1', '2018-07-11 12:59:30', '2018-07-11 13:02:27', '43fff100-f44f-45f0-b2f3-00cde120c90a'),
 ('617', '617', 'en_gb', 'architecture-barnes-collie-fischer', 'companies/architecture-barnes-collie-fischer', '1', '2018-07-11 13:03:33', '2018-07-11 13:03:33', '2ffc45e1-e5b9-4d4d-bf57-64ced810b498'),
 ('618', '618', 'en_gb', 'architecture-d3-ltd', 'companies/architecture-d3-ltd', '1', '2018-07-11 13:04:45', '2018-07-11 13:04:45', 'a0da34e5-b12b-4c06-82df-de955c916a9a'),
 ('619', '619', 'en_gb', 'arkitecture-ltd', 'companies/arkitecture-ltd', '1', '2018-07-11 13:05:32', '2018-07-11 13:05:32', '45e15f5e-8b37-40af-a147-807e5edf8390'),
 ('620', '620', 'en_gb', 'am-architects', 'companies/am-architects', '1', '2018-07-11 13:06:20', '2018-07-11 13:06:20', 'c20add96-632c-4329-81ab-b9046c8c8e89'),
 ('621', '621', 'en_gb', 'axis-mason-limited', 'companies/axis-mason-limited', '1', '2018-07-11 13:07:47', '2018-07-11 13:07:47', '70249177-b06e-4893-a8bf-f4b76d574860'),
 ('622', '622', 'en_gb', 'bdk-architects', 'companies/bdk-architects', '1', '2018-07-11 13:08:32', '2018-07-11 13:08:32', '598db50a-0386-4298-ad49-82bfe11143c4'),
 ('623', '623', 'en_gb', 'dyson-and-buesnel-architects', 'companies/dyson-and-buesnel-architects', '1', '2018-07-11 13:09:39', '2018-07-11 13:09:39', '691124ae-50d9-404a-b3a5-c36d443c167b'),
 ('624', '624', 'en_gb', 'gallaher-architects', 'companies/gallaher-architects', '1', '2018-07-11 13:10:19', '2018-07-11 13:10:23', 'b2d20e55-7af1-4fa9-8a1b-f562232f6ee7'),
 ('625', '625', 'en_gb', 'godel-architects', 'companies/godel-architects', '1', '2018-07-11 13:12:21', '2018-07-11 13:12:21', '7a574ead-d7a2-4693-8803-3502fd5108a1'),
 ('626', '626', 'en_gb', 'james-naish-architect', 'companies/james-naish-architect', '1', '2018-07-11 13:13:30', '2018-07-11 13:13:30', '1e2d6c0f-3a51-41de-bf86-c9aab70bf2a3'),
 ('627', '627', 'en_gb', 'jane-faulkner-architect-riba-jfa', 'companies/jane-faulkner-architect-riba-jfa', '1', '2018-07-11 13:14:00', '2018-07-11 13:14:00', 'dd9fc850-b0d7-4a18-9f3d-a9c1f85f285f'),
 ('628', '628', 'en_gb', 'marc-medland-architect', 'companies/marc-medland-architect', '1', '2018-07-11 13:14:32', '2018-07-11 13:14:32', 'c95595b8-ba5e-4aae-9175-e4345fc77c51'),
 ('629', '629', 'en_gb', 'michael-bravery-chartered-architect', 'companies/michael-bravery-chartered-architect', '1', '2018-07-11 13:15:25', '2018-07-11 13:15:25', '6a38f86f-11f9-448f-b565-34a4d18771f6'),
 ('630', '630', 'en_gb', 'morris-architects-ltd', 'companies/morris-architects-ltd', '1', '2018-07-11 13:15:54', '2018-07-11 13:15:54', '6427e4e7-5aa9-43bb-98be-3f8beddcaf5d'),
 ('631', '631', 'en_gb', 'nigel-biggar-partners', 'companies/nigel-biggar-partners', '1', '2018-07-11 13:17:20', '2018-07-11 13:17:20', 'eb4ee2e4-fd50-4052-88f1-db9fa6e190fa'),
 ('632', '632', 'en_gb', 'origin-architecture-studio', 'companies/origin-architecture-studio', '1', '2018-07-11 13:17:48', '2018-07-11 13:17:48', '02fa2fc8-5ea9-42eb-868e-e448ac46392a'),
 ('633', '633', 'en_gb', 'page-architects-ltd', 'companies/page-architects-ltd', '1', '2018-07-11 13:19:16', '2018-07-11 13:19:16', '02c39cd1-9d64-4deb-89e2-80bb2e9ff53e'),
 ('634', '634', 'en_gb', 'richard-le-sueur-architects', 'companies/richard-le-sueur-architects', '1', '2018-07-11 13:19:49', '2018-07-11 13:19:49', '562a4b92-0e10-4e37-9f70-be7643c24386'),
 ('635', '635', 'en_gb', 'riva-architects-ltd', 'companies/riva-architects-ltd', '1', '2018-07-11 13:20:21', '2018-07-11 13:22:18', '6326f05d-c8ea-482b-87a8-5203c38f00cf'),
 ('636', '636', 'en_gb', 'sara-hart-architect-limited', 'companies/sara-hart-architect-limited', '1', '2018-07-11 13:32:29', '2018-07-11 13:32:29', '73cb3003-9d7e-4a64-ac9f-abea0805659e'),
 ('637', '637', 'en_gb', 'tsassociates-ltd-tim-skudder', 'companies/tsassociates-ltd-tim-skudder', '1', '2018-07-11 13:33:02', '2018-07-11 13:33:02', '8d2c85db-29b3-488c-8625-58daa83fcff6'),
 ('638', '638', 'en_gb', 'vesta-architecture', 'companies/vesta-architecture', '1', '2018-07-11 13:33:55', '2018-07-11 13:33:55', 'edb3e701-2edf-4ff3-8eae-9e966830b46b'),
 ('639', '639', 'en_gb', 'waddington-architects', 'companies/waddington-architects', '1', '2018-07-11 13:34:31', '2018-07-11 13:34:51', '2bbf58f1-22c0-429f-95d6-7fb0e00aa166'),
 ('640', '640', 'en_gb', 'wildbore-hands-ltd', 'companies/wildbore-hands-ltd', '1', '2018-07-11 13:35:37', '2018-07-11 13:35:37', 'f5cfd807-9570-4c1a-8732-169c0c14a264');



DROP TABLE IF EXISTS `craft_emailmessages`;


--
-- Schema for table `craft_emailmessages`
--
CREATE TABLE `craft_emailmessages` (
  `id` int(11) NOT NULL AUTO_INCREMENT,
  `key` char(150) COLLATE utf8_unicode_ci NOT NULL,
  `locale` char(12) COLLATE utf8_unicode_ci NOT NULL,
  `subject` varchar(1000) COLLATE utf8_unicode_ci NOT NULL,
  `body` text COLLATE utf8_unicode_ci NOT NULL,
  `dateCreated` datetime NOT NULL,
  `dateUpdated` datetime NOT NULL,
  `uid` char(36) COLLATE utf8_unicode_ci NOT NULL DEFAULT '0',
  PRIMARY KEY (`id`),
  UNIQUE KEY `craft_emailmessages_key_locale_unq_idx` (`key`,`locale`),
  KEY `craft_emailmessages_locale_fk` (`locale`)
) ENGINE=InnoDB DEFAULT CHARSET=utf8 COLLATE=utf8_unicode_ci;

DROP TABLE IF EXISTS `craft_entries`;


--
-- Schema for table `craft_entries`
--
CREATE TABLE `craft_entries` (
  `id` int(11) NOT NULL,
  `sectionId` int(11) NOT NULL,
  `typeId` int(11) DEFAULT NULL,
  `authorId` int(11) DEFAULT NULL,
  `postDate` datetime DEFAULT NULL,
  `expiryDate` datetime DEFAULT NULL,
  `dateCreated` datetime NOT NULL,
  `dateUpdated` datetime NOT NULL,
  `uid` char(36) COLLATE utf8_unicode_ci NOT NULL DEFAULT '0',
  PRIMARY KEY (`id`),
  KEY `craft_entries_sectionId_idx` (`sectionId`),
  KEY `craft_entries_typeId_idx` (`typeId`),
  KEY `craft_entries_postDate_idx` (`postDate`),
  KEY `craft_entries_expiryDate_idx` (`expiryDate`),
  KEY `craft_entries_authorId_fk` (`authorId`)
) ENGINE=InnoDB DEFAULT CHARSET=utf8 COLLATE=utf8_unicode_ci;

--
-- Data for table `craft_entries`
--

INSERT INTO `craft_entries` (`id`, `sectionId`, `typeId`, `authorId`, `postDate`, `expiryDate`, `dateCreated`, `dateUpdated`, `uid`) VALUES
 ('2', '1', NULL, NULL, '2018-01-18 10:53:40', NULL, '2018-01-18 10:53:40', '2018-07-11 08:59:12', 'c5b9e93c-9d03-42ab-903e-eeeec866f802'),
 ('4', '3', '3', '1', '2018-01-26 00:00:00', NULL, '2018-01-26 15:51:25', '2018-05-02 08:51:23', '7570ddf4-d6d6-4825-b7ac-3f3aaad6a5f9'),
 ('491', '3', '3', '326', '2018-03-12 00:00:00', NULL, '2018-03-12 13:27:19', '2018-04-11 09:36:05', 'f0a9c8f4-936d-4a86-988c-60824beb2178'),
 ('498', '2', '2', '1', '2018-03-20 16:15:00', NULL, '2018-03-20 16:15:40', '2018-04-10 10:23:30', '61e13e4b-e4db-47e1-b94e-c0fce84f819c'),
 ('524', '4', '4', NULL, '2018-04-10 10:30:37', NULL, '2018-04-10 09:08:45', '2018-04-10 10:37:12', '70b1ea6c-8811-4468-9bf0-33411bd82887'),
 ('530', '6', '6', NULL, '2018-04-10 10:30:26', NULL, '2018-04-10 09:50:11', '2018-07-11 09:50:59', 'd4247b73-3236-4756-b0b6-906055f43204'),
 ('563', '3', '3', '326', '2018-04-10 00:00:00', NULL, '2018-04-10 10:58:30', '2018-04-10 10:58:30', '9951b73c-2a5a-465a-9c41-a9505cd1d1b3'),
 ('594', '3', '3', '326', '2018-04-10 00:00:00', NULL, '2018-04-10 11:23:09', '2018-04-10 11:23:09', 'a63b6241-c532-4d68-8046-2ab81ec9bbd1'),
 ('604', '3', '3', '326', '2018-04-10 00:00:00', NULL, '2018-04-10 11:41:52', '2018-04-10 11:43:28', '5a88931c-0495-4f0a-a55c-344f6d7d2d5e'),
 ('615', '7', NULL, NULL, '2018-07-11 10:25:16', NULL, '2018-07-11 10:25:16', '2018-07-11 11:33:10', 'de3ecf1c-551c-424b-95e5-3c51513350ab'),
 ('616', '8', '8', '1', '2018-07-11 12:59:00', NULL, '2018-07-11 12:59:30', '2018-07-11 13:02:27', '753d62e2-c434-4596-bc8b-e7036fccce1c'),
 ('617', '8', '8', '1', '2018-07-11 13:03:33', NULL, '2018-07-11 13:03:33', '2018-07-11 13:03:33', '74a436eb-a373-40a6-9875-71b7f76dccb9'),
 ('618', '8', '8', '1', '2018-07-11 13:04:45', NULL, '2018-07-11 13:04:45', '2018-07-11 13:04:45', 'c08f59e5-3019-4a6d-babd-5d0b5c32649e'),
 ('619', '8', '8', '1', '2018-07-11 13:05:32', NULL, '2018-07-11 13:05:32', '2018-07-11 13:05:32', 'a6561a14-4925-424b-a239-40f86a1c8b34'),
 ('620', '8', '8', '1', '2018-07-11 13:06:20', NULL, '2018-07-11 13:06:20', '2018-07-11 13:06:20', 'e008d529-3ac7-4e97-8f20-90b35ca46a2d'),
 ('621', '8', '8', '1', '2018-07-11 13:07:47', NULL, '2018-07-11 13:07:47', '2018-07-11 13:07:47', 'b7a6d496-bf87-402f-8f02-64c957a4b9a0'),
 ('622', '8', '8', '1', '2018-07-11 13:08:32', NULL, '2018-07-11 13:08:32', '2018-07-11 13:08:32', '76fdad5e-ff01-4d97-bd0a-eda19030bfc8'),
 ('623', '8', '8', '1', '2018-07-11 13:09:39', NULL, '2018-07-11 13:09:39', '2018-07-11 13:09:39', '0450b61e-0a0f-4ae0-8c87-db0ba6aebb10'),
 ('624', '8', '8', '1', '2018-07-11 13:10:00', NULL, '2018-07-11 13:10:19', '2018-07-11 13:10:23', '7bae3b7f-8c72-4c99-b1bd-69ab4e50dd52'),
 ('625', '8', '8', '1', '2018-07-11 13:12:21', NULL, '2018-07-11 13:12:21', '2018-07-11 13:12:21', '8f0f3425-3c8f-40f2-9d62-bab364cbb281'),
 ('626', '8', '8', '1', '2018-07-11 13:13:30', NULL, '2018-07-11 13:13:30', '2018-07-11 13:13:30', 'ed42d4d1-da85-4ade-9210-fed511bb9b91'),
 ('627', '8', '8', '1', '2018-07-11 13:14:00', NULL, '2018-07-11 13:14:00', '2018-07-11 13:14:00', '313c74f6-f7a1-4e61-af60-bf0692b929f5'),
 ('628', '8', '8', '1', '2018-07-11 13:14:32', NULL, '2018-07-11 13:14:32', '2018-07-11 13:14:32', '178afc3c-b187-4b3e-aff0-012561577db6'),
 ('629', '8', '8', '1', '2018-07-11 13:15:25', NULL, '2018-07-11 13:15:25', '2018-07-11 13:15:25', '0a614007-acf2-4d38-9890-25464c185a40'),
 ('630', '8', '8', '1', '2018-07-11 13:15:54', NULL, '2018-07-11 13:15:54', '2018-07-11 13:15:54', 'f5907675-f203-4d32-b134-0107a9c632b7'),
 ('631', '8', '8', '1', '2018-07-11 13:17:20', NULL, '2018-07-11 13:17:20', '2018-07-11 13:17:20', '43a12aeb-1033-4de8-b89c-2bed806635f5'),
 ('632', '8', '8', '1', '2018-07-11 13:17:48', NULL, '2018-07-11 13:17:48', '2018-07-11 13:17:48', '4fe09b88-ba5b-4f9d-b8d6-c1ce6bb3fbf3'),
 ('633', '8', '8', '1', '2018-07-11 13:19:16', NULL, '2018-07-11 13:19:16', '2018-07-11 13:19:16', 'b56a8c92-5ebc-40c7-9426-467d1f1b72fd'),
 ('634', '8', '8', '1', '2018-07-11 13:19:49', NULL, '2018-07-11 13:19:49', '2018-07-11 13:19:49', 'ce60026b-a44f-480d-b4f9-54445b5f4a68'),
 ('635', '8', '8', '1', '2018-07-11 13:20:00', NULL, '2018-07-11 13:20:21', '2018-07-11 13:22:18', '50eaaf0f-05f8-440a-9798-d4f479ed528a'),
 ('636', '8', '8', '1', '2018-07-11 13:32:29', NULL, '2018-07-11 13:32:29', '2018-07-11 13:32:29', '21f21957-4f60-4a7b-880d-ab89d1defe74'),
 ('637', '8', '8', '1', '2018-07-11 13:33:02', NULL, '2018-07-11 13:33:02', '2018-07-11 13:33:02', 'cc143a5d-1678-45b4-963a-566e8d0ab813'),
 ('638', '8', '8', '1', '2018-07-11 13:33:55', NULL, '2018-07-11 13:33:55', '2018-07-11 13:33:55', 'df03e145-8a5c-4495-b223-8e7f902d5509'),
 ('639', '8', '8', '1', '2018-07-11 13:34:00', NULL, '2018-07-11 13:34:31', '2018-07-11 13:34:51', 'd6d0f3a4-47f3-4e5e-add9-9f523e361637'),
 ('640', '8', '8', '1', '2018-07-11 13:35:36', NULL, '2018-07-11 13:35:37', '2018-07-11 13:35:37', '17489e2c-dc29-424b-bb4a-69d1721b7285');



DROP TABLE IF EXISTS `craft_entrycount`;


--
-- Schema for table `craft_entrycount`
--
CREATE TABLE `craft_entrycount` (
  `id` int(11) NOT NULL AUTO_INCREMENT,
  `entryId` int(11) NOT NULL,
  `count` int(10) DEFAULT '0',
  `dateCreated` datetime NOT NULL,
  `dateUpdated` datetime NOT NULL,
  `uid` char(36) COLLATE utf8_unicode_ci NOT NULL DEFAULT '0',
  PRIMARY KEY (`id`),
  KEY `craft_entrycount_entryId_idx` (`entryId`)
) ENGINE=InnoDB AUTO_INCREMENT=8 DEFAULT CHARSET=utf8 COLLATE=utf8_unicode_ci;

--
-- Data for table `craft_entrycount`
--

INSERT INTO `craft_entrycount` (`id`, `entryId`, `count`, `dateCreated`, `dateUpdated`, `uid`) VALUES
 ('3', '4', '43', '2018-04-04 15:15:02', '2018-06-27 16:15:33', 'cfac7c4a-8f37-4bcb-a333-05a1777f8b4a'),
 ('4', '491', '68', '2018-04-04 15:47:12', '2018-06-21 13:20:38', '19d1ff68-0baf-4c94-9802-8850c2b90dd2'),
 ('5', '563', '24', '2018-04-10 10:58:30', '2018-06-21 13:42:36', '1ecd4fd4-5d28-4129-b1b7-4eebebcf82f1'),
 ('6', '594', '24', '2018-04-10 11:23:10', '2018-07-11 14:55:16', '1434d598-da07-4012-9f57-413af2fc830e'),
 ('7', '604', '29', '2018-04-10 11:41:53', '2018-06-29 17:19:25', 'a32d2246-6655-4a47-9281-9db17db99416');



DROP TABLE IF EXISTS `craft_entrydrafts`;


--
-- Schema for table `craft_entrydrafts`
--
CREATE TABLE `craft_entrydrafts` (
  `id` int(11) NOT NULL AUTO_INCREMENT,
  `entryId` int(11) NOT NULL,
  `sectionId` int(11) NOT NULL,
  `creatorId` int(11) NOT NULL,
  `locale` char(12) COLLATE utf8_unicode_ci NOT NULL,
  `name` varchar(255) COLLATE utf8_unicode_ci NOT NULL,
  `notes` tinytext COLLATE utf8_unicode_ci,
  `data` mediumtext COLLATE utf8_unicode_ci NOT NULL,
  `dateCreated` datetime NOT NULL,
  `dateUpdated` datetime NOT NULL,
  `uid` char(36) COLLATE utf8_unicode_ci NOT NULL DEFAULT '0',
  PRIMARY KEY (`id`),
  KEY `craft_entrydrafts_entryId_locale_idx` (`entryId`,`locale`),
  KEY `craft_entrydrafts_sectionId_fk` (`sectionId`),
  KEY `craft_entrydrafts_creatorId_fk` (`creatorId`),
  KEY `craft_entrydrafts_locale_fk` (`locale`)
) ENGINE=InnoDB DEFAULT CHARSET=utf8 COLLATE=utf8_unicode_ci;

DROP TABLE IF EXISTS `craft_entrytypes`;


--
-- Schema for table `craft_entrytypes`
--
CREATE TABLE `craft_entrytypes` (
  `id` int(11) NOT NULL AUTO_INCREMENT,
  `sectionId` int(11) NOT NULL,
  `fieldLayoutId` int(11) DEFAULT NULL,
  `name` varchar(255) COLLATE utf8_unicode_ci NOT NULL,
  `handle` varchar(255) COLLATE utf8_unicode_ci NOT NULL,
  `hasTitleField` tinyint(1) unsigned NOT NULL DEFAULT '1',
  `titleLabel` varchar(255) COLLATE utf8_unicode_ci DEFAULT 'Title',
  `titleFormat` varchar(255) COLLATE utf8_unicode_ci DEFAULT NULL,
  `sortOrder` smallint(6) unsigned DEFAULT NULL,
  `dateCreated` datetime NOT NULL,
  `dateUpdated` datetime NOT NULL,
  `uid` char(36) COLLATE utf8_unicode_ci NOT NULL DEFAULT '0',
  PRIMARY KEY (`id`),
  UNIQUE KEY `craft_entrytypes_name_sectionId_unq_idx` (`name`,`sectionId`),
  UNIQUE KEY `craft_entrytypes_handle_sectionId_unq_idx` (`handle`,`sectionId`),
  KEY `craft_entrytypes_sectionId_fk` (`sectionId`),
  KEY `craft_entrytypes_fieldLayoutId_fk` (`fieldLayoutId`)
) ENGINE=InnoDB AUTO_INCREMENT=9 DEFAULT CHARSET=utf8 COLLATE=utf8_unicode_ci;

--
-- Data for table `craft_entrytypes`
--

INSERT INTO `craft_entrytypes` (`id`, `sectionId`, `fieldLayoutId`, `name`, `handle`, `hasTitleField`, `titleLabel`, `titleFormat`, `sortOrder`, `dateCreated`, `dateUpdated`, `uid`) VALUES
 ('1', '1', '112', 'Homepage', 'homepage', '1', 'Title', NULL, '1', '2018-01-18 10:53:40', '2018-04-04 15:31:21', '9b511af6-0744-46a0-915f-92d29ba4d4a5'),
 ('2', '2', '115', 'News', 'news', '1', 'Title', NULL, '1', '2018-01-18 10:53:41', '2018-04-10 08:50:22', 'f64e2f37-d837-48b2-b5bc-26734ce36102'),
 ('3', '3', '111', 'Projects', 'projects', '1', 'Title', NULL, '1', '2018-01-26 15:50:35', '2018-04-04 14:20:46', 'a0c0a188-8181-4d45-8127-ebbfa34b3392'),
 ('4', '4', '151', 'Education', 'education', '0', NULL, '{section.name|raw}', '1', '2018-04-10 09:08:45', '2018-04-10 10:28:07', '5ea103ed-a23a-4b58-a9da-5e7da482a272'),
 ('6', '6', '150', 'About', 'about', '0', NULL, '{section.name|raw}', '1', '2018-04-10 09:50:11', '2018-04-10 10:27:58', '1e017a74-29fd-4bf4-9757-d626613f6b19'),
 ('7', '7', '164', 'Contact', 'contact', '0', NULL, '{section.name|raw}', '1', '2018-07-11 10:25:16', '2018-07-11 10:25:51', 'd227eef8-3776-4895-8103-07ea49623c13'),
 ('8', '8', '166', 'Companies', 'companies', '1', 'Title', NULL, '1', '2018-07-11 12:55:57', '2018-07-11 13:01:36', '13c2d795-c36c-4f43-98b8-5f47299cda61');



DROP TABLE IF EXISTS `craft_entryversions`;


--
-- Schema for table `craft_entryversions`
--
CREATE TABLE `craft_entryversions` (
  `id` int(11) NOT NULL AUTO_INCREMENT,
  `entryId` int(11) NOT NULL,
  `sectionId` int(11) NOT NULL,
  `creatorId` int(11) DEFAULT NULL,
  `locale` char(12) COLLATE utf8_unicode_ci NOT NULL,
  `num` smallint(6) unsigned NOT NULL,
  `notes` tinytext COLLATE utf8_unicode_ci,
  `data` mediumtext COLLATE utf8_unicode_ci NOT NULL,
  `dateCreated` datetime NOT NULL,
  `dateUpdated` datetime NOT NULL,
  `uid` char(36) COLLATE utf8_unicode_ci NOT NULL DEFAULT '0',
  PRIMARY KEY (`id`),
  KEY `craft_entryversions_entryId_locale_idx` (`entryId`,`locale`),
  KEY `craft_entryversions_sectionId_fk` (`sectionId`),
  KEY `craft_entryversions_creatorId_fk` (`creatorId`),
  KEY `craft_entryversions_locale_fk` (`locale`)
) ENGINE=InnoDB AUTO_INCREMENT=157 DEFAULT CHARSET=utf8 COLLATE=utf8_unicode_ci;

--
-- Data for table `craft_entryversions`
--

INSERT INTO `craft_entryversions` (`id`, `entryId`, `sectionId`, `creatorId`, `locale`, `num`, `notes`, `data`, `dateCreated`, `dateUpdated`, `uid`) VALUES
 ('1', '2', '1', '1', 'en_gb', '1', NULL, '{\"typeId\":\"1\",\"authorId\":null,\"title\":\"Homepage\",\"slug\":\"homepage\",\"postDate\":1516272820,\"expiryDate\":null,\"enabled\":1,\"parentId\":null,\"fields\":[]}', '2018-01-18 10:53:40', '2018-01-18 10:53:40', '38f41b32-0190-4349-a9a3-e56edafa99eb'),
 ('2', '2', '1', '1', 'en_gb', '2', NULL, '{\"typeId\":null,\"authorId\":null,\"title\":\"Welcome to Localhost!\",\"slug\":\"homepage\",\"postDate\":1516272820,\"expiryDate\":null,\"enabled\":\"1\",\"parentId\":null,\"fields\":{\"1\":\"<p>It\\u2019s true, this site doesn\\u2019t have a whole lot of content yet, but don\\u2019t worry. Our web developers have just installed the CMS, and they\\u2019re setting things up for the content editors this very moment. Soon Localhost will be an oasis of fresh perspectives, sharp analyses, and astute opinions that will keep you coming back again and again.<\\/p>\"}}', '2018-01-18 10:53:40', '2018-01-18 10:53:40', '444775ee-bb92-41c3-bc01-fa28501e0b4f'),
 ('4', '4', '3', '1', 'en_gb', '1', '', '{\"typeId\":null,\"authorId\":\"1\",\"title\":\"Example project 1\",\"slug\":\"example-project-1\",\"postDate\":1516981885,\"expiryDate\":null,\"enabled\":1,\"parentId\":null,\"fields\":[]}', '2018-01-26 15:51:25', '2018-01-26 15:51:25', '010199bc-b924-47de-bd0c-61b89882748c'),
 ('5', '4', '3', '1', 'en_gb', '2', '', '{\"typeId\":\"3\",\"authorId\":\"1\",\"title\":\"Example project 1\",\"slug\":\"example-project-1\",\"postDate\":1516981860,\"expiryDate\":null,\"enabled\":1,\"parentId\":null,\"fields\":{\"3\":[\"6\"]}}', '2018-01-30 11:17:22', '2018-01-30 11:17:22', '53ab73a0-c54e-43c8-8de6-f5f97f8ac488'),
 ('6', '4', '3', '1', 'en_gb', '3', '', '{\"typeId\":\"3\",\"authorId\":\"1\",\"title\":\"Example project 1\",\"slug\":\"example-project-1\",\"postDate\":1516981860,\"expiryDate\":null,\"enabled\":1,\"parentId\":null,\"fields\":{\"3\":[\"6\"],\"4\":{\"new1\":{\"type\":\"creditBlock\",\"enabled\":\"1\",\"fields\":{\"credits\":[{\"col1\":\"COMPANY\",\"col2\":\"Godel Architects\"},{\"col1\":\"PROJECT\",\"col2\":\"Example project 1\"},{\"col1\":\"LOCATION\",\"col2\":\"St Peter, Jersey\"},{\"col1\":\"WEBSITE\",\"col2\":\"www.godelarchitects.com\"}],\"images\":[\"9\",\"10\"]}}}}}', '2018-01-30 12:32:38', '2018-01-30 12:32:38', 'a59e07a8-84b4-49e3-94a1-1070299f7c40'),
 ('7', '4', '3', '1', 'en_gb', '4', '', '{\"typeId\":\"3\",\"authorId\":\"1\",\"title\":\"Example project 1\",\"slug\":\"example-project-1\",\"postDate\":1516981860,\"expiryDate\":null,\"enabled\":1,\"parentId\":null,\"fields\":{\"3\":[\"6\"],\"4\":{\"11\":{\"type\":\"creditBlock\",\"enabled\":\"1\",\"fields\":{\"credits\":[{\"col1\":\"COMPANY\",\"col2\":\"Godel Architects\"},{\"col1\":\"PROJECT\",\"col2\":\"Example project 1\"},{\"col1\":\"LOCATION\",\"col2\":\"St Peter, Jersey\"},{\"col1\":\"WEBSITE\",\"col2\":\"www.godelarchitects.com\"}],\"images\":[\"9\",\"10\"]}},\"new1\":{\"type\":\"imageGrid\",\"enabled\":\"1\",\"fields\":{\"images\":[\"6\",\"18\",\"19\",\"29\",\"20\",\"30\",\"9\",\"10\"]}}}}}', '2018-01-30 13:33:34', '2018-01-30 13:33:34', '5d73da45-378e-4054-888f-34df2da1c072'),
 ('8', '4', '3', '1', 'en_gb', '5', '', '{\"typeId\":\"3\",\"authorId\":\"1\",\"title\":\"Example project 1\",\"slug\":\"example-project-1\",\"postDate\":1516981860,\"expiryDate\":null,\"enabled\":1,\"parentId\":null,\"fields\":{\"3\":[\"6\"],\"4\":{\"11\":{\"type\":\"creditBlock\",\"enabled\":\"1\",\"fields\":{\"credits\":[{\"col1\":\"COMPANY\",\"col2\":\"Godel Architects\"},{\"col1\":\"PROJECT\",\"col2\":\"Example project 1\"},{\"col1\":\"LOCATION\",\"col2\":\"St Peter, Jersey\"},{\"col1\":\"WEBSITE\",\"col2\":\"www.godelarchitects.com\"}],\"images\":[\"9\",\"10\"]}},\"31\":{\"type\":\"imageGrid\",\"enabled\":\"1\",\"fields\":{\"images\":[\"6\",\"18\",\"19\",\"29\",\"20\",\"30\",\"9\",\"10\"]}},\"new1\":{\"type\":\"videoBlock\",\"enabled\":\"1\",\"fields\":{\"youtubeUrl\":\"https:\\/\\/www.youtube.com\\/watch?v=xcJtL7QggTI\",\"vimeoUrl\":\"\"}}}}}', '2018-01-30 14:41:31', '2018-01-30 14:41:31', 'f5e2acb8-bafb-4144-95ef-c085624b2bf8'),
 ('9', '4', '3', '1', 'en_gb', '6', '', '{\"typeId\":\"3\",\"authorId\":\"1\",\"title\":\"Example project 1\",\"slug\":\"example-project-1\",\"postDate\":1516981860,\"expiryDate\":null,\"enabled\":1,\"parentId\":null,\"fields\":{\"3\":[\"35\"],\"4\":{\"11\":{\"type\":\"creditBlock\",\"enabled\":\"1\",\"fields\":{\"credits\":[{\"col1\":\"COMPANY\",\"col2\":\"Godel Architects\"},{\"col1\":\"PROJECT\",\"col2\":\"Example project 1\"},{\"col1\":\"LOCATION\",\"col2\":\"St Peter, Jersey\"},{\"col1\":\"WEBSITE\",\"col2\":\"www.godelarchitects.com\"}],\"images\":[\"9\",\"10\"]}},\"31\":{\"type\":\"imageGrid\",\"enabled\":\"1\",\"fields\":{\"images\":[\"6\",\"18\",\"19\",\"29\",\"20\",\"30\",\"9\",\"10\"]}},\"32\":{\"type\":\"videoBlock\",\"enabled\":\"1\",\"fields\":{\"youtubeUrl\":\"https:\\/\\/www.youtube.com\\/watch?v=xcJtL7QggTI\",\"vimeoUrl\":\"\",\"videoPoster\":[\"29\"]}}}}}', '2018-01-30 15:05:12', '2018-01-30 15:05:12', 'c0371c0f-6c5d-484f-94a4-cbb8fdec8a73'),
 ('10', '4', '3', '1', 'en_gb', '7', '', '{\"typeId\":\"3\",\"authorId\":\"1\",\"title\":\"Example project 1\",\"slug\":\"example-project-1\",\"postDate\":1516981860,\"expiryDate\":null,\"enabled\":1,\"parentId\":null,\"fields\":{\"3\":[\"35\"],\"4\":{\"11\":{\"type\":\"creditBlock\",\"enabled\":\"1\",\"fields\":{\"credits\":[{\"col1\":\"COMPANY\",\"col2\":\"Godel Architects\"},{\"col1\":\"PROJECT\",\"col2\":\"Example project 1\"},{\"col1\":\"LOCATION\",\"col2\":\"St Peter, Jersey\"},{\"col1\":\"WEBSITE\",\"col2\":\"www.godelarchitects.com\"}],\"images\":[\"9\",\"10\"]}},\"31\":{\"type\":\"imageGrid\",\"enabled\":\"1\",\"fields\":{\"images\":[\"6\",\"18\",\"19\",\"29\",\"20\",\"30\",\"9\",\"10\"]}},\"32\":{\"type\":\"videoBlock\",\"enabled\":\"1\",\"fields\":{\"youtubeUrl\":\"https:\\/\\/www.youtube.com\\/watch?v=xcJtL7QggTI\\/\",\"vimeoUrl\":\"\",\"videoPoster\":[\"29\"]}}}}}', '2018-01-30 16:19:25', '2018-01-30 16:19:25', '58191b18-e9e9-419f-9a86-cb465fcc1371'),
 ('11', '4', '3', '1', 'en_gb', '8', '', '{\"typeId\":\"3\",\"authorId\":\"1\",\"title\":\"Example project 1\",\"slug\":\"example-project-1\",\"postDate\":1516981860,\"expiryDate\":null,\"enabled\":1,\"parentId\":null,\"fields\":{\"3\":[\"35\"],\"4\":{\"11\":{\"type\":\"creditBlock\",\"enabled\":\"1\",\"fields\":{\"credits\":[{\"col1\":\"COMPANY\",\"col2\":\"Godel Architects\"},{\"col1\":\"PROJECT\",\"col2\":\"Example project 1\"},{\"col1\":\"LOCATION\",\"col2\":\"St Peter, Jersey\"},{\"col1\":\"WEBSITE\",\"col2\":\"www.godelarchitects.com\"}],\"images\":[\"9\",\"10\"]}},\"31\":{\"type\":\"imageGrid\",\"enabled\":\"1\",\"fields\":{\"images\":[\"6\",\"18\",\"19\",\"29\",\"20\",\"30\",\"9\",\"10\"]}},\"32\":{\"type\":\"videoBlock\",\"enabled\":\"1\",\"fields\":{\"youtubeUrl\":\"https:\\/\\/www.youtube.com\\/watch?v=xcJtL7QggTI\\/\",\"vimeoUrl\":\"\",\"videoPoster\":[\"29\"],\"credits\":[{\"col1\":\"video by\",\"col2\":\"iPOP Digital\"},{\"col1\":\"PHOTOGRAPHY BY\",\"col2\":\"Andy Le Gresley\"},{\"col1\":\"Art Direction\",\"col2\":\"Jon Moore\"},{\"col1\":\"WEBSITE\",\"col2\":\"www.ipopdigital.com\"}]}}}}}', '2018-01-30 16:36:34', '2018-01-30 16:36:34', 'b933fadc-4e2e-402c-b9da-dc410c0494d3'),
 ('12', '4', '3', '1', 'en_gb', '9', '', '{\"typeId\":\"3\",\"authorId\":\"1\",\"title\":\"Example project 1\",\"slug\":\"example-project-1\",\"postDate\":1516981860,\"expiryDate\":null,\"enabled\":1,\"parentId\":null,\"fields\":{\"3\":[\"35\"],\"4\":{\"11\":{\"type\":\"creditBlock\",\"enabled\":\"1\",\"fields\":{\"credits\":[{\"col1\":\"COMPANY\",\"col2\":\"Godel Architects\"},{\"col1\":\"PROJECT\",\"col2\":\"Example project 1\"},{\"col1\":\"LOCATION\",\"col2\":\"St Peter, Jersey\"},{\"col1\":\"WEBSITE\",\"col2\":\"www.godelarchitects.com\"}],\"images\":[\"9\",\"10\"]}},\"31\":{\"type\":\"imageGrid\",\"enabled\":\"1\",\"fields\":{\"images\":[\"6\",\"18\",\"19\",\"29\",\"20\",\"30\",\"9\",\"10\"]}},\"32\":{\"type\":\"videoBlock\",\"enabled\":\"1\",\"fields\":{\"youtubeUrl\":\"https:\\/\\/www.youtube.com\\/watch?v=xcJtL7QggTI\\/\",\"vimeoUrl\":\"\",\"videoPoster\":[\"29\"],\"credits\":[{\"col1\":\"video by\",\"col2\":\"iPOP Digital\"},{\"col1\":\"PHOTOGRAPHY BY\",\"col2\":\"Andy Le Gresley\"},{\"col1\":\"Art Direction\",\"col2\":\"Jon Moore\"},{\"col1\":\"WEBSITE\",\"col2\":\"www.ipopdigital.com\"}]}},\"new1\":{\"type\":\"quoteBlock\",\"enabled\":\"1\",\"fields\":{\"quote\":\"\\u201cLorem ipsum dolor sit amet, consectetuer adipiscing elit, sed diam nonummy nibh euismod tincidunt ut laoreet dolore magna aliquam erat volutpat.\\u201d\",\"quoter\":\"\",\"image\":\"\"}}}}}', '2018-01-30 16:40:59', '2018-01-30 16:40:59', 'b9b3d35c-c07c-42a4-b773-ff29210bcb58'),
 ('13', '4', '3', '1', 'en_gb', '10', '', '{\"typeId\":\"3\",\"authorId\":\"1\",\"title\":\"Example project 1\",\"slug\":\"example-project-1\",\"postDate\":1516981860,\"expiryDate\":null,\"enabled\":1,\"parentId\":null,\"fields\":{\"3\":[\"35\"],\"4\":{\"11\":{\"type\":\"creditBlock\",\"enabled\":\"1\",\"fields\":{\"credits\":[{\"col1\":\"COMPANY\",\"col2\":\"Godel Architects\"},{\"col1\":\"PROJECT\",\"col2\":\"Example project 1\"},{\"col1\":\"LOCATION\",\"col2\":\"St Peter, Jersey\"},{\"col1\":\"WEBSITE\",\"col2\":\"www.godelarchitects.com\"}],\"images\":[\"9\",\"10\"]}},\"31\":{\"type\":\"imageGrid\",\"enabled\":\"1\",\"fields\":{\"images\":[\"6\",\"18\",\"19\",\"29\",\"20\",\"30\",\"9\",\"10\"]}},\"32\":{\"type\":\"videoBlock\",\"enabled\":\"1\",\"fields\":{\"youtubeUrl\":\"https:\\/\\/www.youtube.com\\/watch?v=xcJtL7QggTI\\/\",\"vimeoUrl\":\"\",\"videoPoster\":[\"29\"],\"credits\":[{\"col1\":\"video by\",\"col2\":\"iPOP Digital\"},{\"col1\":\"PHOTOGRAPHY BY\",\"col2\":\"Andy Le Gresley\"},{\"col1\":\"Art Direction\",\"col2\":\"Jon Moore\"},{\"col1\":\"WEBSITE\",\"col2\":\"www.ipopdigital.com\"}]}},\"36\":{\"type\":\"quoteBlock\",\"enabled\":\"1\",\"fields\":{\"quote\":\"\\u201cLorem ipsum dolor sit amet, consectetuer adipiscing elit, sed diam nonummy nibh euismod tincidunt ut laoreet dolore magna aliquam erat volutpat.\\u201d\",\"quoter\":\"\",\"image\":[\"38\"]}}}}}', '2018-01-30 16:43:42', '2018-01-30 16:43:42', '5e25a484-6fdf-4005-90ff-470a2ec15602'),
 ('14', '4', '3', '1', 'en_gb', '11', '', '{\"typeId\":\"3\",\"authorId\":\"1\",\"title\":\"Example project 1\",\"slug\":\"example-project-1\",\"postDate\":1516981860,\"expiryDate\":null,\"enabled\":1,\"parentId\":null,\"fields\":{\"3\":[\"35\"],\"4\":{\"11\":{\"type\":\"creditBlock\",\"enabled\":\"1\",\"fields\":{\"credits\":[{\"col1\":\"COMPANY\",\"col2\":\"Godel Architects\"},{\"col1\":\"PROJECT\",\"col2\":\"Example project 1\"},{\"col1\":\"LOCATION\",\"col2\":\"St Peter, Jersey\"},{\"col1\":\"WEBSITE\",\"col2\":\"www.godelarchitects.com\"}],\"images\":[\"9\",\"10\"]}},\"31\":{\"type\":\"imageGrid\",\"enabled\":\"1\",\"fields\":{\"images\":[\"6\",\"18\",\"19\",\"29\",\"20\",\"30\",\"9\",\"10\"]}},\"32\":{\"type\":\"videoBlock\",\"enabled\":\"1\",\"fields\":{\"youtubeUrl\":\"https:\\/\\/www.youtube.com\\/watch?v=xcJtL7QggTI\\/\",\"vimeoUrl\":\"\",\"videoPoster\":[\"29\"],\"credits\":[{\"col1\":\"video by\",\"col2\":\"iPOP Digital\"},{\"col1\":\"PHOTOGRAPHY BY\",\"col2\":\"Andy Le Gresley\"},{\"col1\":\"Art Direction\",\"col2\":\"Jon Moore\"},{\"col1\":\"WEBSITE\",\"col2\":\"www.ipopdigital.com\"}]}},\"36\":{\"type\":\"quoteBlock\",\"enabled\":\"1\",\"fields\":{\"quote\":\"\\u201cLorem ipsum dolor sit amet, consectetuer adipiscing elit, sed diam nonummy nibh euismod tincidunt ut laoreet dolore magna aliquam erat volutpat.\\u201d\",\"quoter\":\"JON MOORE,\",\"quoterPosition\":\"the chamber of commerce\",\"image\":[\"38\"]}}}}}', '2018-01-31 09:38:39', '2018-01-31 09:38:39', 'cfbde875-5876-492b-92fe-c7be61d08e42'),
 ('15', '4', '3', '1', 'en_gb', '12', '', '{\"typeId\":\"3\",\"authorId\":\"1\",\"title\":\"Example project 1\",\"slug\":\"example-project-1\",\"postDate\":1516981860,\"expiryDate\":null,\"enabled\":1,\"parentId\":null,\"fields\":{\"33\":\"\",\"29\":\"Godel Architects\",\"3\":[\"35\"],\"31\":\"St Peter, Jersey\",\"30\":\"Example project 1\",\"4\":{\"11\":{\"type\":\"creditBlock\",\"enabled\":\"1\",\"fields\":{\"credits\":[{\"col1\":\"COMPANY\",\"col2\":\"Godel Architects\"},{\"col1\":\"PROJECT\",\"col2\":\"Example project 1\"},{\"col1\":\"LOCATION\",\"col2\":\"St Peter, Jersey\"},{\"col1\":\"WEBSITE\",\"col2\":\"www.godelarchitects.com\"}],\"images\":[\"9\",\"10\"]}},\"31\":{\"type\":\"imageGrid\",\"enabled\":\"1\",\"fields\":{\"images\":[\"6\",\"18\",\"19\",\"29\",\"20\",\"30\",\"9\",\"10\"]}},\"32\":{\"type\":\"videoBlock\",\"enabled\":\"1\",\"fields\":{\"youtubeUrl\":\"https:\\/\\/www.youtube.com\\/watch?v=xcJtL7QggTI\\/\",\"vimeoUrl\":\"\",\"videoPoster\":[\"29\"],\"credits\":[{\"col1\":\"video by\",\"col2\":\"iPOP Digital\"},{\"col1\":\"PHOTOGRAPHY BY\",\"col2\":\"Andy Le Gresley\"},{\"col1\":\"Art Direction\",\"col2\":\"Jon Moore\"},{\"col1\":\"WEBSITE\",\"col2\":\"www.ipopdigital.com\"}]}},\"36\":{\"type\":\"quoteBlock\",\"enabled\":\"1\",\"fields\":{\"quote\":\"\\u201cLorem ipsum dolor sit amet, consectetuer adipiscing elit, sed diam nonummy nibh euismod tincidunt ut laoreet dolore magna aliquam erat volutpat.\\u201d\",\"quoter\":\"JON MOORE,\",\"quoterPosition\":\"the chamber of commerce\",\"image\":[\"38\"]}}},\"32\":\"www.godelarchitects.com\"}}', '2018-02-01 13:06:11', '2018-02-01 13:06:11', '3064e716-ed1b-4315-b818-16145613cfea'),
 ('16', '4', '3', '1', 'en_gb', '13', '', '{\"typeId\":\"3\",\"authorId\":\"1\",\"title\":\"Example project 1\",\"slug\":\"example-project-1\",\"postDate\":1516981860,\"expiryDate\":null,\"enabled\":1,\"parentId\":null,\"fields\":{\"33\":\"John smitg\",\"29\":\"Godel Architects\",\"3\":[\"35\"],\"31\":\"St Peter, Jersey\",\"30\":\"Example project 1\",\"4\":{\"11\":{\"type\":\"creditBlock\",\"enabled\":\"1\",\"fields\":{\"credits\":[{\"col1\":\"COMPANY\",\"col2\":\"Godel Architects\"},{\"col1\":\"PROJECT\",\"col2\":\"Example project 1\"},{\"col1\":\"LOCATION\",\"col2\":\"St Peter, Jersey\"},{\"col1\":\"WEBSITE\",\"col2\":\"www.godelarchitects.com\"}],\"images\":[\"9\",\"10\"]}},\"31\":{\"type\":\"imageGrid\",\"enabled\":\"1\",\"fields\":{\"images\":[\"6\",\"18\",\"19\",\"29\",\"20\",\"30\",\"9\",\"10\"]}},\"32\":{\"type\":\"videoBlock\",\"enabled\":\"1\",\"fields\":{\"youtubeUrl\":\"https:\\/\\/www.youtube.com\\/watch?v=xcJtL7QggTI\\/\",\"vimeoUrl\":\"\",\"videoPoster\":[\"29\"],\"credits\":[{\"col1\":\"video by\",\"col2\":\"iPOP Digital\"},{\"col1\":\"PHOTOGRAPHY BY\",\"col2\":\"Andy Le Gresley\"},{\"col1\":\"Art Direction\",\"col2\":\"Jon Moore\"},{\"col1\":\"WEBSITE\",\"col2\":\"www.ipopdigital.com\"}]}},\"36\":{\"type\":\"quoteBlock\",\"enabled\":\"1\",\"fields\":{\"quote\":\"\\u201cLorem ipsum dolor sit amet, consectetuer adipiscing elit, sed diam nonummy nibh euismod tincidunt ut laoreet dolore magna aliquam erat volutpat.\\u201d\",\"quoter\":\"JON MOORE,\",\"quoterPosition\":\"the chamber of commerce\",\"image\":[\"38\"]}}},\"32\":\"www.godelarchitects.com\"}}', '2018-02-01 13:06:24', '2018-02-01 13:06:24', 'b08148cc-7de2-4f0b-92b4-2c7a2131d98c'),
 ('25', '4', '3', '1', 'en_gb', '14', '', '{\"typeId\":\"3\",\"authorId\":\"1\",\"title\":\"Example project 1\",\"slug\":\"example-project-1\",\"postDate\":1516981860,\"expiryDate\":null,\"enabled\":1,\"parentId\":null,\"fields\":{\"34\":\"Lorem ipsum dolor sit amet, consectetuer adipiscing elit, sed diam nonummy nibh euismod tincidunt ut laoreet dolore magna aliquam erat volutpat. Ut wisi enim ad minim\",\"33\":\"John smitg\",\"29\":\"Godel Architects\",\"3\":[\"35\"],\"31\":\"St Peter, Jersey\",\"4\":{\"11\":{\"type\":\"creditBlock\",\"enabled\":\"1\",\"fields\":{\"credits\":[{\"col1\":\"COMPANY\",\"col2\":\"Godel Architects\"},{\"col1\":\"PROJECT\",\"col2\":\"Example project 1\"},{\"col1\":\"LOCATION\",\"col2\":\"St Peter, Jersey\"},{\"col1\":\"WEBSITE\",\"col2\":\"www.godelarchitects.com\"}],\"images\":[\"9\",\"10\"]}},\"31\":{\"type\":\"imageGrid\",\"enabled\":\"1\",\"fields\":{\"images\":[\"6\",\"18\",\"19\",\"29\",\"20\",\"30\",\"9\",\"10\"]}},\"32\":{\"type\":\"videoBlock\",\"enabled\":\"1\",\"fields\":{\"youtubeUrl\":\"https:\\/\\/www.youtube.com\\/watch?v=xcJtL7QggTI\\/\",\"vimeoUrl\":\"\",\"videoPoster\":[\"29\"],\"credits\":[{\"col1\":\"video by\",\"col2\":\"iPOP Digital\"},{\"col1\":\"PHOTOGRAPHY BY\",\"col2\":\"Andy Le Gresley\"},{\"col1\":\"Art Direction\",\"col2\":\"Jon Moore\"},{\"col1\":\"WEBSITE\",\"col2\":\"www.ipopdigital.com\"}]}},\"36\":{\"type\":\"quoteBlock\",\"enabled\":\"1\",\"fields\":{\"quote\":\"\\u201cLorem ipsum dolor sit amet, consectetuer adipiscing elit, sed diam nonummy nibh euismod tincidunt ut laoreet dolore magna aliquam erat volutpat.\\u201d\",\"quoter\":\"JON MOORE,\",\"quoterPosition\":\"the chamber of commerce\",\"image\":[\"38\"]}}},\"32\":\"www.godelarchitects.com\"}}', '2018-02-01 15:34:03', '2018-02-01 15:34:03', 'bc67bb00-c182-4190-9100-e6e281d5af97'),
 ('26', '4', '3', '1', 'en_gb', '15', '', '{\"typeId\":\"3\",\"authorId\":\"1\",\"title\":\"Example project 1\",\"slug\":\"example-project-1\",\"postDate\":1516981860,\"expiryDate\":null,\"enabled\":1,\"parentId\":null,\"fields\":{\"34\":\"Lorem ipsum dolor sit amet, consectetuer adipiscing elit, sed diam nonummy nibh euismod tincidunt ut laoreet dolore magna aliquam erat volutpat. Ut wisi enim ad minim\",\"33\":\"John smitg\",\"29\":\"Godel Architects\",\"3\":[\"35\"],\"31\":\"St Peter, Jersey\",\"4\":{\"11\":{\"type\":\"creditBlock\",\"enabled\":\"1\",\"fields\":{\"images\":[\"9\",\"10\"]}},\"31\":{\"type\":\"imageGrid\",\"enabled\":\"1\",\"fields\":{\"images\":[\"6\",\"18\",\"19\",\"29\",\"20\",\"30\",\"9\",\"10\"]}},\"32\":{\"type\":\"videoBlock\",\"enabled\":\"1\",\"fields\":{\"youtubeUrl\":\"https:\\/\\/www.youtube.com\\/watch?v=xcJtL7QggTI\\/\",\"vimeoUrl\":\"\",\"videoPoster\":[\"29\"],\"credits\":[{\"col1\":\"video by\",\"col2\":\"iPOP Digital\"},{\"col1\":\"PHOTOGRAPHY BY\",\"col2\":\"Andy Le Gresley\"},{\"col1\":\"Art Direction\",\"col2\":\"Jon Moore\"},{\"col1\":\"WEBSITE\",\"col2\":\"www.ipopdigital.com\"}]}},\"36\":{\"type\":\"quoteBlock\",\"enabled\":\"1\",\"fields\":{\"quote\":\"\\u201cLorem ipsum dolor sit amet, consectetuer adipiscing elit, sed diam nonummy nibh euismod tincidunt ut laoreet dolore magna aliquam erat volutpat.\\u201d\",\"quoter\":\"JON MOORE,\",\"quoterPosition\":\"the chamber of commerce\",\"image\":[\"38\"]}},\"new1\":{\"type\":\"fullWidthSlider\",\"enabled\":\"1\",\"fields\":{\"images\":[\"76\",\"6\",\"96\",\"92\",\"9\"]}}},\"32\":\"www.godelarchitects.com\"}}', '2018-02-05 09:54:44', '2018-02-05 09:54:44', '68ad5fa0-6983-453f-b281-6faa035799fe'),
 ('38', '4', '3', '1', 'en_gb', '16', '', '{\"typeId\":\"3\",\"authorId\":\"1\",\"title\":\"Example project 1\",\"slug\":\"example-project-1\",\"postDate\":1516981860,\"expiryDate\":null,\"enabled\":1,\"parentId\":null,\"fields\":{\"34\":\"Lorem ipsum dolor sit amet, consectetuer adipiscing elit, sed diam nonummy nibh euismod tincidunt ut laoreet dolore magna aliquam erat volutpat. Ut wisi enim ad minim\",\"33\":\"John smitg\",\"29\":\"Godel Architects\",\"3\":[\"35\"],\"31\":\"St Peter, Jersey\",\"4\":{\"11\":{\"type\":\"creditBlock\",\"enabled\":\"1\",\"fields\":{\"images\":[\"9\",\"10\"]}},\"31\":{\"type\":\"imageGrid\",\"enabled\":\"1\",\"fields\":{\"images\":[\"6\",\"18\",\"19\",\"29\",\"20\",\"30\",\"9\",\"10\"]}},\"32\":{\"type\":\"videoBlock\",\"enabled\":\"1\",\"fields\":{\"youtubeUrl\":\"https:\\/\\/www.youtube.com\\/watch?v=xcJtL7QggTI\\/\",\"vimeoUrl\":\"\",\"videoPoster\":[\"29\"],\"credits\":[{\"col1\":\"video by\",\"col2\":\"iPOP Digital\"},{\"col1\":\"PHOTOGRAPHY BY\",\"col2\":\"Andy Le Gresley\"},{\"col1\":\"Art Direction\",\"col2\":\"Jon Moore\"},{\"col1\":\"WEBSITE\",\"col2\":\"www.ipopdigital.com\"}]}},\"36\":{\"type\":\"quoteBlock\",\"enabled\":\"1\",\"fields\":{\"quote\":\"Lorem ipsum dolor sit amet, consectetuer adipiscing elit, sed diam nonummy nibh euismod tincidunt ut laoreet dolore magna aliquam erat volutpat.\",\"quoter\":\"JON MOORE,\",\"quoterPosition\":\"the chamber of commerce\",\"image\":[\"38\"]}},\"110\":{\"type\":\"fullWidthSlider\",\"enabled\":\"1\",\"fields\":{\"images\":[\"6\",\"9\"]}}},\"36\":\"\",\"32\":\"www.godelarchitects.com\"}}', '2018-02-14 09:47:06', '2018-02-14 09:47:06', 'cd1fd52c-7091-4eaf-a197-398b4bd42672'),
 ('52', '4', '3', '1', 'en_gb', '17', '', '{\"typeId\":\"3\",\"authorId\":\"1\",\"title\":\"Example project 1\",\"slug\":\"example-project-1\",\"postDate\":1516981860,\"expiryDate\":null,\"enabled\":1,\"parentId\":null,\"fields\":{\"34\":\"Lorem ipsum dolor sit amet, consectetuer adipiscing elit, sed diam nonummy nibh euismod tincidunt ut laoreet dolore magna aliquam erat volutpat. Ut wisi enim ad minim\",\"33\":\"John smitg\",\"29\":\"Godel Architects\",\"31\":\"St Peter, Jersey\",\"4\":{\"31\":{\"type\":\"imageGrid\",\"enabled\":\"1\",\"fields\":{\"images\":[\"6\",\"18\",\"19\",\"29\",\"20\",\"30\",\"9\",\"10\"]}},\"32\":{\"type\":\"videoBlock\",\"enabled\":\"1\",\"fields\":{\"youtubeUrl\":\"https:\\/\\/www.youtube.com\\/watch?v=xcJtL7QggTI\\/\",\"vimeoUrl\":\"\",\"videoPoster\":[\"29\"],\"credits\":[{\"col1\":\"video by\",\"col2\":\"iPOP Digital\"},{\"col1\":\"PHOTOGRAPHY BY\",\"col2\":\"Andy Le Gresley\"},{\"col1\":\"Art Direction\",\"col2\":\"Jon Moore\"},{\"col1\":\"WEBSITE\",\"col2\":\"www.ipopdigital.com\"}]}},\"36\":{\"type\":\"quoteBlock\",\"enabled\":\"1\",\"fields\":{\"quote\":\"Lorem ipsum dolor sit amet, consectetuer adipiscing elit, sed diam nonummy nibh euismod tincidunt ut laoreet dolore magna aliquam erat volutpat.\",\"quoter\":\"JON MOORE,\",\"quoterPosition\":\"the chamber of commerce\",\"image\":[\"38\"]}},\"110\":{\"type\":\"fullWidthSlider\",\"enabled\":\"1\",\"fields\":{\"images\":[\"6\",\"9\"]}}},\"36\":\"\",\"32\":\"www.godelarchitects.com\"}}', '2018-02-22 10:10:18', '2018-02-22 10:10:18', '5bb0bfde-41db-496e-99bd-003d8f44d084'),
 ('53', '4', '3', '1', 'en_gb', '18', '', '{\"typeId\":\"3\",\"authorId\":\"1\",\"title\":\"Example project 1\",\"slug\":\"example-project-1\",\"postDate\":1516981860,\"expiryDate\":null,\"enabled\":1,\"parentId\":null,\"fields\":{\"34\":\"Lorem ipsum dolor sit amet, consectetuer adipiscing elit, sed diam nonummy nibh euismod tincidunt ut laoreet dolore magna aliquam erat volutpat. Ut wisi enim ad minim\",\"33\":\"John smitg\",\"29\":\"Godel Architects\",\"39\":[\"325\"],\"31\":\"St Peter, Jersey\",\"4\":{\"31\":{\"type\":\"imageGrid\",\"enabled\":\"1\",\"fields\":{\"images\":[\"6\",\"18\",\"19\",\"29\",\"20\",\"30\",\"9\",\"10\"]}},\"32\":{\"type\":\"videoBlock\",\"enabled\":\"1\",\"fields\":{\"youtubeUrl\":\"https:\\/\\/www.youtube.com\\/watch?v=xcJtL7QggTI\\/\",\"vimeoUrl\":\"\",\"videoPoster\":[\"29\"],\"credits\":[{\"col1\":\"video by\",\"col2\":\"iPOP Digital\"},{\"col1\":\"PHOTOGRAPHY BY\",\"col2\":\"Andy Le Gresley\"},{\"col1\":\"Art Direction\",\"col2\":\"Jon Moore\"},{\"col1\":\"WEBSITE\",\"col2\":\"www.ipopdigital.com\"}]}},\"36\":{\"type\":\"quoteBlock\",\"enabled\":\"1\",\"fields\":{\"quote\":\"Lorem ipsum dolor sit amet, consectetuer adipiscing elit, sed diam nonummy nibh euismod tincidunt ut laoreet dolore magna aliquam erat volutpat.\",\"quoter\":\"JON MOORE,\",\"quoterPosition\":\"the chamber of commerce\",\"image\":[\"38\"]}},\"110\":{\"type\":\"fullWidthSlider\",\"enabled\":\"1\",\"fields\":{\"images\":[\"6\",\"9\"]}}},\"36\":\"\",\"32\":\"www.godelarchitects.com\"}}', '2018-02-22 10:11:20', '2018-02-22 10:11:20', '2b76bb96-a1fa-4bf7-9ddf-ba031e6271f0'),
 ('54', '4', '3', '1', 'en_gb', '19', '', '{\"typeId\":\"3\",\"authorId\":\"1\",\"title\":\"Example project 1\",\"slug\":\"example-project-1\",\"postDate\":1516981860,\"expiryDate\":null,\"enabled\":1,\"parentId\":null,\"fields\":{\"34\":\"Lorem ipsum dolor sit amet, consectetuer adipiscing elit, sed diam nonummy nibh euismod tincidunt ut laoreet dolore magna aliquam erat volutpat. Ut wisi enim ad minim\",\"33\":\"John smitg\",\"29\":\"Godel Architects\",\"39\":[\"325\"],\"31\":\"St Peter, Jersey\",\"4\":{\"31\":{\"type\":\"imageGrid\",\"enabled\":\"1\",\"fields\":{\"images\":[\"6\",\"18\",\"19\",\"29\",\"20\",\"30\",\"9\",\"10\"]}},\"32\":{\"type\":\"videoBlock\",\"enabled\":\"1\",\"fields\":{\"youtubeUrl\":\"https:\\/\\/www.youtube.com\\/watch?v=xcJtL7QggTI\\/\",\"vimeoUrl\":\"\",\"videoPoster\":[\"29\"],\"credits\":[{\"col1\":\"video by\",\"col2\":\"iPOP Digital\"},{\"col1\":\"PHOTOGRAPHY BY\",\"col2\":\"Andy Le Gresley\"},{\"col1\":\"Art Direction\",\"col2\":\"Jon Moore\"},{\"col1\":\"WEBSITE\",\"col2\":\"www.ipopdigital.com\"}]}},\"36\":{\"type\":\"quoteBlock\",\"enabled\":\"1\",\"fields\":{\"quote\":\"Lorem ipsum dolor sit amet, consectetuer adipiscing elit, sed diam nonummy nibh euismod tincidunt ut laoreet dolore magna aliquam erat volutpat.\",\"quoter\":\"JON MOORE,\",\"quoterPosition\":\"the chamber of commerce\",\"image\":[\"38\"]}},\"110\":{\"type\":\"fullWidthSlider\",\"enabled\":\"1\",\"fields\":{\"images\":[\"6\",\"9\"]}}},\"36\":[\"325\",\"18\",\"19\",\"29\"],\"32\":\"www.godelarchitects.com\"}}', '2018-02-22 10:30:11', '2018-02-22 10:30:11', 'db77828c-fe66-46f7-93f7-14ab2904de28'),
 ('83', '491', '3', '326', 'en_gb', '1', NULL, '{\"typeId\":null,\"authorId\":\"326\",\"title\":\"Le Rocher\",\"slug\":\"le-rocher\",\"postDate\":1520812800,\"expiryDate\":null,\"enabled\":1,\"parentId\":null,\"fields\":{\"34\":\"This project involved refurbishing the existing cottage and replacing substandard extensions into a new contemporary family home.\",\"29\":\"Gallaher Architects\",\"47\":[\"487\",\"488\",\"489\"],\"39\":[\"490\"],\"40\":[\"475\",\"476\",\"477\",\"478\",\"479\",\"480\",\"482\",\"483\",\"484\",\"485\"],\"31\":\"La Rue du Mont Pellier, Trinity\",\"43\":\"The client was also very keen to have a sustainable house and has installed a pellet boiler, to embrace biodiversity credentials.\",\"46\":[\"486\"],\"44\":\"Justin Gallaher\",\"45\":\"Gallaher Architects\",\"36\":[\"472\",\"473\",\"474\"],\"32\":\"architects.je\",\"42\":\"\"}}', '2018-03-12 13:27:19', '2018-03-12 13:27:19', '7fe39e04-2ad3-4746-976e-442a276dfcc1'),
 ('84', '4', '3', '1', 'en_gb', '20', NULL, '{\"typeId\":\"3\",\"authorId\":\"1\",\"title\":\"Example project 1\",\"slug\":\"example-project-1\",\"postDate\":1516924800,\"expiryDate\":null,\"enabled\":1,\"parentId\":null,\"fields\":{\"34\":\"Lorem ipsum dolor sit amet, consectetuer adipiscing elit, sed diam nonummy nibh euismod tincidunt ut laoreet dolore magna aliquam erat volutpat. Ut wisi enim ad minim\",\"29\":\"Godel Architects\",\"39\":[\"325\"],\"31\":\"St Peter, Jersey\",\"43\":\"\",\"44\":\"\",\"45\":\"\",\"32\":\"www.godelarchitects.co\",\"42\":\"\"}}', '2018-03-12 14:55:51', '2018-03-12 14:55:51', '83027180-c4e2-4b41-8f60-db2b68b4fec6'),
 ('85', '491', '3', '326', 'en_gb', '2', NULL, '{\"typeId\":\"3\",\"authorId\":\"326\",\"title\":\"Le Rocher\",\"slug\":\"le-rocher\",\"postDate\":1520812800,\"expiryDate\":null,\"enabled\":1,\"parentId\":null,\"fields\":{\"34\":\"This project involved refurbishing the existing cottage and replacing substandard extensions into a new contemporary family home.\",\"29\":\"Gallaher Architects\",\"39\":[\"490\"],\"31\":\"La Rue du Mont Pellier, Trinity\",\"43\":\"The client was also very keen to have a sustainable house and has installed a pellet boiler, to embrace biodiversity credentials.\",\"44\":\"Justin Gallaher\",\"45\":\"Gallaher Architects\",\"36\":\"\",\"32\":\"architects.je\",\"42\":\"\"}}', '2018-03-12 15:22:29', '2018-03-12 15:22:29', 'f97bde8d-c422-429f-b974-74b6269d0817'),
 ('86', '491', '3', '326', 'en_gb', '3', NULL, '{\"typeId\":\"3\",\"authorId\":\"326\",\"title\":\"Le Rocher\",\"slug\":\"le-rocher\",\"postDate\":1520812800,\"expiryDate\":null,\"enabled\":1,\"parentId\":null,\"fields\":{\"34\":\"This project involved refurbishing the existing cottage and replacing substandard extensions into a new contemporary family home.\",\"29\":\"Gallaher Architects\",\"39\":[\"490\"],\"31\":\"La Rue du Mont Pellier, Trinity\",\"43\":\"The client was also very keen to have a sustainable house and has installed a pellet boiler, to embrace biodiversity credentials.\",\"44\":\"Justin Gallaher\",\"45\":\"Gallaher Architects\",\"36\":[\"492\",\"493\"],\"32\":\"architects.je\",\"42\":\"\"}}', '2018-03-12 15:22:49', '2018-03-12 15:22:49', '1c19c775-84ed-4840-a324-4c88d74fcd25'),
 ('87', '491', '3', '326', 'en_gb', '4', NULL, '{\"typeId\":\"3\",\"authorId\":\"326\",\"title\":\"Le Rocher\",\"slug\":\"le-rocher\",\"postDate\":1520812800,\"expiryDate\":null,\"enabled\":1,\"parentId\":null,\"fields\":{\"34\":\"This project involved refurbishing the existing cottage and replacing substandard extensions into a new contemporary family home.\",\"29\":\"Gallaher Architects\",\"39\":[\"490\"],\"31\":\"La Rue du Mont Pellier, Trinity\",\"43\":\"The client was also very keen to have a sustainable house and has installed a pellet boiler, to embrace biodiversity credentials.\",\"44\":\"Justin Gallaher\",\"45\":\"Gallaher Architects\",\"36\":[\"493\"],\"32\":\"architects.je\",\"42\":\"\"}}', '2018-03-12 15:27:58', '2018-03-12 15:27:58', 'abbb311e-edfb-4162-89fa-fac8e5b6fa98'),
 ('88', '491', '3', '326', 'en_gb', '5', NULL, '{\"typeId\":\"3\",\"authorId\":\"326\",\"title\":\"Le Rocher\",\"slug\":\"le-rocher\",\"postDate\":1520812800,\"expiryDate\":null,\"enabled\":1,\"parentId\":null,\"fields\":{\"34\":\"This project involved refurbishing the existing cottage and replacing substandard extensions into a new contemporary family home.\",\"29\":\"Gallaher Architects\",\"47\":[\"487\",\"488\",\"489\"],\"39\":[\"490\"],\"40\":[\"475\",\"476\",\"477\",\"478\",\"479\",\"480\",\"482\",\"483\",\"484\",\"485\"],\"31\":\"La Rue du Mont Pellier, Trinity\",\"43\":\"The client was also very keen to have a sustainable house and has installed a pellet boiler, to embrace biodiversity credentials.\",\"46\":[\"486\"],\"44\":\"Justin Gallaher\",\"45\":\"Gallaher Architects\",\"49\":\"second quote\",\"52\":\"\",\"50\":\"luke phil\",\"51\":\"chambers\",\"36\":[\"493\"],\"32\":\"architects.je\",\"42\":\"\"}}', '2018-03-13 15:18:27', '2018-03-13 15:18:27', '4c65d346-243c-45f6-b8a5-5b402fc159e4'),
 ('89', '491', '3', '326', 'en_gb', '6', NULL, '{\"typeId\":\"3\",\"authorId\":\"326\",\"title\":\"Le Rocher\",\"slug\":\"le-rocher\",\"postDate\":1520812800,\"expiryDate\":null,\"enabled\":1,\"parentId\":null,\"fields\":{\"34\":\"This project involved refurbishing the existing cottage and replacing substandard extensions into a new contemporary family home.\",\"29\":\"Gallaher Architects\",\"47\":[\"487\",\"488\",\"489\"],\"39\":[\"490\"],\"40\":[\"475\",\"476\",\"477\",\"478\",\"479\",\"480\",\"482\",\"483\",\"484\",\"485\"],\"31\":\"La Rue du Mont Pellier, Trinity\",\"43\":\"The client was also very keen to have a sustainable house and has installed a pellet boiler, to embrace biodiversity credentials.\",\"46\":[\"486\"],\"44\":\"Justin Gallaher\",\"45\":\"Gallaher Architects\",\"49\":\"second quote\",\"52\":[\"495\"],\"50\":\"luke phil\",\"51\":\"chambers\",\"36\":[\"493\"],\"32\":\"architects.je\",\"42\":\"\"}}', '2018-03-13 15:31:03', '2018-03-13 15:31:03', '09db4d75-b941-42a3-9cdc-59d29cca979f'),
 ('90', '498', '2', '1', 'en_gb', '1', '', '{\"typeId\":null,\"authorId\":\"1\",\"title\":\"Lorme\",\"slug\":\"lorme\",\"postDate\":1521562540,\"expiryDate\":null,\"enabled\":1,\"parentId\":null,\"fields\":{\"1\":\"<p>Lorem ipsum dolor sit amet, consectetur adipiscing elit. Ut a mi lorem. Ut condimentum feugiat urna a finibus. Suspendisse ullamcorper nulla id neque laoreet, eu sollicitudin justo ornare. Nullam suscipit tincidunt sodales. Quisque sed arcu ut velit ultricies facilisis. Ut felis elit, placerat vitae massa nec, dictum rhoncus massa. Fusce cursus lacus ac tellus malesuada auctor. Morbi at nunc porta, condimentum mauris id, semper arcu. Sed sit amet dui sed ante tristique tincidunt ut vel velit. Quisque eleifend imperdiet lectus. Ut nulla leo, convallis ac sagittis vitae, eleifend quis nibh.<\\/p><p>Lorem ipsum dolor sit amet, consectetur adipiscing elit. Ut a mi lorem. Ut condimentum feugiat urna a finibus. Suspendisse ullamcorper nulla id neque laoreet, eu sollicitudin justo ornare. Nullam suscipit tincidunt sodales. Quisque sed arcu ut velit ultricies facilisis. Ut felis elit, placerat vitae massa nec, dictum rhoncus massa. Fusce cursus lacus ac tellus malesuada auctor. Morbi at nunc porta, condimentum mauris id, semper arcu. Sed sit amet dui sed ante tristique tincidunt ut vel velit. Quisque eleifend imperdiet lectus. Ut nulla leo, convallis ac sagittis vitae, eleifend quis nibh.<\\/p>\",\"39\":[\"497\"],\"41\":\"Lorem ipsum dolor sit amet, consectetur adipiscing elit. Ut a mi lorem.\",\"2\":\"\"}}', '2018-03-20 16:15:40', '2018-03-20 16:15:40', 'd1ca2fad-96ab-4ca9-aa0f-1d5451cf8f48'),
 ('94', '2', '1', '1', 'en_gb', '3', '', '{\"typeId\":null,\"authorId\":null,\"title\":\"AJA\",\"slug\":\"homepage\",\"postDate\":1516272820,\"expiryDate\":null,\"enabled\":1,\"parentId\":null,\"fields\":{\"54\":\"Lorem ipsum dolor sit amet, consectetuer adipiscing elit, sed diam nonummy nibh euismod tincidunt ut.\",\"55\":\"Lorem ipsum dolor sit amet, consectetuer adipiscing elit, sed diam nonummy nibh euismod tincidunt ut laoreet dolore magna aliquam erat volutpat. Ut wisi enim ad minim\",\"56\":\"Lorem ipsum dolor sit amet, consectetuer adipiscing elit, sed diam nonummy nibh euismod tincidunt ut laoreet dolore magna aliquam erat volutpat. Ut wisi enim ad minim\",\"57\":\"<p>Lorem ipsum dolor sit amet, consectetuer adipiscing elit, sed diam nonummy nibh euismod tincidunt ut laoreet dolore magna aliquam erat volutpat. Ut wisi enim ad minim veniam, quis nostrud exerci tation ullamcorper suscipit lobortis nisl ut.&nbsp;Consectetuer adipiscing elit, sed diam nonummy nibh euismod tincidunt ut laoreet dolore magna aliquam erat volutpat. Ut wisi enim ad minim veniam, quis nostrud.<\\/p><p><\\/p>\"}}', '2018-04-04 15:32:46', '2018-04-04 15:32:46', '573162c7-0db2-4886-9344-b37514df8100'),
 ('98', '498', '2', '1', 'en_gb', '2', '', '{\"typeId\":\"2\",\"authorId\":\"1\",\"title\":\"Lorme\",\"slug\":\"lorme\",\"postDate\":1521562500,\"expiryDate\":null,\"enabled\":1,\"parentId\":null,\"fields\":{\"39\":[\"497\"],\"58\":{\"new1\":{\"type\":\"leadingParagraph\",\"enabled\":\"1\",\"fields\":{\"body\":\"<p>Lorem ipsum dolor sit amet, consectetur adipiscing elit. Ut a mi lorem. lorem ipsum dolor sit amet, consectetur adipiscing elit. Ut a mi lorem.<\\/p>\"}},\"new2\":{\"type\":\"normalParagraph\",\"enabled\":\"1\",\"fields\":{\"body\":\"<p>Lorem ipsum dolor sit amet, consectetur adipiscing elit. Ut a mi lorem. Ut condimentum feugiat urna a finibus. Suspendisse ullamcorper nulla id neque laoreet, eu sollicitudin justo ornare. Nullam suscipit tincidunt sodales. Quisque sed arcu ut velit ultricies facilisis. Ut felis elit, placerat vitae massa nec, dictum rhoncus massa. Fusce cursus lacus ac tellus malesuada auctor. Morbi at nunc porta, condimentum mauris id, semper arcu. Sed sit amet dui sed ante tristique tincidunt ut vel velit. Quisque eleifend imperdiet lectus. Ut nulla leo, convallis ac sagittis vitae, eleifend quis nibh.<\\/p>\\r\\n<p>Lorem ipsum dolor sit amet, consectetur adipiscing elit. Ut a mi lorem. Ut condimentum feugiat urna a finibus. Suspendisse ullamcorper nulla id neque laoreet, eu sollicitudin justo ornare. Nullam suscipit tincidunt sodales. Quisque sed arcu ut velit ultricies facilisis. Ut felis elit, placerat vitae massa nec, dictum rhoncus massa. Fusce cursus lacus ac tellus malesuada auctor. Morbi at nunc porta, condimentum mauris id, semper arcu. Sed sit amet dui sed ante tristique tincidunt ut vel velit. Quisque eleifend imperdiet lectus. Ut nulla leo, convallis ac sagittis vitae, eleifend quis nibh.<\\/p>\"}}},\"2\":\"\"}}', '2018-04-10 08:52:37', '2018-04-10 08:52:37', '4a19d3f4-9c50-4766-9c41-3f643afab344'),
 ('99', '498', '2', '1', 'en_gb', '3', '', '{\"typeId\":\"2\",\"authorId\":\"1\",\"title\":\"Lorme\",\"slug\":\"lorme\",\"postDate\":1521562500,\"expiryDate\":null,\"enabled\":1,\"parentId\":null,\"fields\":{\"39\":[\"497\"],\"58\":{\"522\":{\"type\":\"leadingParagraph\",\"enabled\":\"1\",\"fields\":{\"body\":\"<p>Lorem ipsum dolor sit amet, consectetur adipiscing elit. Ut a mi lorem. lorem ipsum dolor sit amet, consectetur adipiscing elit. Ut a mi lorem.<\\/p>\"}},\"523\":{\"type\":\"normalParagraph\",\"enabled\":\"1\",\"fields\":{\"body\":\"<p>Lorem ipsum dolor sit amet, consectetur adipiscing elit. Ut a mi lorem. Ut condimentum feugiat urna a finibus. Suspendisse ullamcorper nulla id neque laoreet, eu sollicitudin justo ornare. Nullam suscipit tincidunt sodales. Quisque sed arcu ut velit ultricies facilisis. Ut felis elit, placerat vitae massa nec, dictum rhoncus massa. Fusce cursus lacus ac tellus malesuada auctor. Morbi at nunc porta, condimentum mauris id, semper arcu. Sed sit amet dui sed ante tristique tincidunt ut vel velit. Quisque eleifend imperdiet lectus. Ut nulla leo, convallis ac sagittis vitae, eleifend quis nibh.<\\/p>\\r\\n<p>Lorem ipsum dolor sit amet, consectetur adipiscing elit. Ut a mi lorem. Ut condimentum feugiat urna a finibus. Suspendisse ullamcorper nulla id neque laoreet, eu sollicitudin justo ornare. Nullam suscipit tincidunt sodales. Quisque sed arcu ut velit ultricies facilisis. Ut felis elit, placerat vitae massa nec, dictum rhoncus massa. Fusce cursus lacus ac tellus malesuada auctor. Morbi at nunc porta, condimentum mauris id, semper arcu. Sed sit amet dui sed ante tristique tincidunt ut vel velit. Quisque eleifend imperdiet lectus. Ut nulla leo, convallis ac sagittis vitae, eleifend quis nibh.<\\/p>\"}}},\"2\":\"\"}}', '2018-04-10 08:54:16', '2018-04-10 08:54:16', '0db673da-541d-4338-82e9-2989a8238efa'),
 ('100', '524', '4', '1', 'en_gb', '1', NULL, '{\"typeId\":\"4\",\"authorId\":null,\"title\":\"Education\",\"slug\":\"education\",\"postDate\":1523351325,\"expiryDate\":null,\"enabled\":1,\"parentId\":null,\"fields\":[]}', '2018-04-10 09:08:45', '2018-04-10 09:08:45', '1e65336d-5ab1-4f8e-934f-2757392a04e4'),
 ('101', '524', '4', '1', 'en_gb', '2', '', '{\"typeId\":null,\"authorId\":null,\"title\":\"Education\",\"slug\":\"education\",\"postDate\":1523351325,\"expiryDate\":null,\"enabled\":1,\"parentId\":null,\"fields\":{\"39\":\"\",\"58\":{\"new1\":{\"type\":\"leadingParagraph\",\"enabled\":\"1\",\"fields\":{\"body\":\"Lorem ipsum dolor sit amet, consectetur adipiscing elit. Nam et neque vitae turpis sagittis elementum non et elit. Donec quam neque, pretium vel massa eu, accumsan rutrum ante. Sed vel vestibulum arcu.\"}},\"new2\":{\"type\":\"normalParagraph\",\"enabled\":\"1\",\"fields\":{\"body\":\"<p>Lorem ipsum dolor sit amet, consectetur adipiscing elit. Nam et neque vitae turpis sagittis elementum non et elit. Donec quam neque, pretium vel massa eu, accumsan rutrum ante. Sed vel vestibulum arcu.<\\/p><p>Lorem ipsum dolor sit amet, consectetur adipiscing elit. Nam et neque vitae turpis sagittis elementum non et elit. Donec quam neque, pretium vel massa eu, accumsan rutrum ante. Sed vel vestibulum arcu. Lorem ipsum dolor sit amet, consectetur adipiscing elit. Nam et neque vitae turpis sagittis elementum non et elit. Donec quam neque, pretium vel massa eu, accumsan rutrum ante. Sed vel vestibulum arcu. Lorem ipsum dolor sit amet, consectetur adipiscing elit. Nam et neque vitae turpis sagittis elementum non et elit. Donec quam neque, pretium vel massa eu, accumsan rutrum ante. Sed vel vestibulum arcu.<\\/p>\"}},\"new3\":{\"type\":\"fullWidthSlider\",\"enabled\":\"1\",\"fields\":{\"assets\":[\"381\",\"464\"]}}}}}', '2018-04-10 09:24:46', '2018-04-10 09:24:46', 'b56f7470-27a4-4d06-8852-592cecf2b86d'),
 ('102', '524', '4', '1', 'en_gb', '3', '', '{\"typeId\":null,\"authorId\":null,\"title\":\"Education\",\"slug\":\"education\",\"postDate\":1523351325,\"expiryDate\":null,\"enabled\":1,\"parentId\":null,\"fields\":{\"39\":\"\",\"58\":{\"525\":{\"type\":\"leadingParagraph\",\"enabled\":\"1\",\"fields\":{\"body\":\"Lorem ipsum dolor sit amet, consectetur adipiscing elit. Nam et neque vitae turpis sagittis elementum non et elit. Donec quam neque, pretium vel massa eu, accumsan rutrum ante. Sed vel vestibulum arcu.\"}},\"526\":{\"type\":\"normalParagraph\",\"enabled\":\"1\",\"fields\":{\"body\":\"<p>Lorem ipsum dolor sit amet, consectetur adipiscing elit. Nam et neque vitae turpis sagittis elementum non et elit. Donec quam neque, pretium vel massa eu, accumsan rutrum ante. Sed vel vestibulum arcu.<\\/p>\\r\\n<p>Lorem ipsum dolor sit amet, consectetur adipiscing elit. Nam et neque vitae turpis sagittis elementum non et elit. Donec quam neque, pretium vel massa eu, accumsan rutrum ante. Sed vel vestibulum arcu. Lorem ipsum dolor sit amet, consectetur adipiscing elit. Nam et neque vitae turpis sagittis elementum non et elit. Donec quam neque, pretium vel massa eu, accumsan rutrum ante. Sed vel vestibulum arcu. Lorem ipsum dolor sit amet, consectetur adipiscing elit. Nam et neque vitae turpis sagittis elementum non et elit. Donec quam neque, pretium vel massa eu, accumsan rutrum ante. Sed vel vestibulum arcu.<\\/p>\"}},\"527\":{\"type\":\"fullWidthSlider\",\"enabled\":\"1\",\"fields\":{\"assets\":[\"381\",\"464\"]}},\"new1\":{\"type\":\"orangeBlock\",\"enabled\":\"1\",\"fields\":{\"label\":\"Education\",\"heading\":\"Lorem ipsum dolor sit amet, consectetur adipiscing elit. Nam et neque vitae turpis sagittis elementum non et elit. Donec quam neque, pretium vel massa eu, accumsan rutrum ante. Sed vel vestibulum arcu.\",\"columns\":\"\"}}}}}', '2018-04-10 09:36:19', '2018-04-10 09:36:19', 'c222e75d-c058-4f1e-81ae-8dd366b22633'),
 ('103', '524', '4', '1', 'en_gb', '4', '', '{\"typeId\":null,\"authorId\":null,\"title\":\"Education\",\"slug\":\"education\",\"postDate\":1523351325,\"expiryDate\":null,\"enabled\":1,\"parentId\":null,\"fields\":{\"39\":\"\",\"58\":{\"525\":{\"type\":\"leadingParagraph\",\"enabled\":\"1\",\"fields\":{\"body\":\"Lorem ipsum dolor sit amet, consectetur adipiscing elit. Nam et neque vitae turpis sagittis elementum non et elit. Donec quam neque, pretium vel massa eu, accumsan rutrum ante. Sed vel vestibulum arcu.\"}},\"526\":{\"type\":\"normalParagraph\",\"enabled\":\"1\",\"fields\":{\"body\":\"<p>Lorem ipsum dolor sit amet, consectetur adipiscing elit. Nam et neque vitae turpis sagittis elementum non et elit. Donec quam neque, pretium vel massa eu, accumsan rutrum ante. Sed vel vestibulum arcu.<\\/p>\\r\\n<p>Lorem ipsum dolor sit amet, consectetur adipiscing elit. Nam et neque vitae turpis sagittis elementum non et elit. Donec quam neque, pretium vel massa eu, accumsan rutrum ante. Sed vel vestibulum arcu. Lorem ipsum dolor sit amet, consectetur adipiscing elit. Nam et neque vitae turpis sagittis elementum non et elit. Donec quam neque, pretium vel massa eu, accumsan rutrum ante. Sed vel vestibulum arcu. Lorem ipsum dolor sit amet, consectetur adipiscing elit. Nam et neque vitae turpis sagittis elementum non et elit. Donec quam neque, pretium vel massa eu, accumsan rutrum ante. Sed vel vestibulum arcu.<\\/p>\"}},\"527\":{\"type\":\"fullWidthSlider\",\"enabled\":\"1\",\"fields\":{\"assets\":[\"381\",\"464\"]}},\"528\":{\"type\":\"orangeBlock\",\"enabled\":\"1\",\"fields\":{\"label\":\"Education\",\"heading\":\"Lorem ipsum dolor sit amet, consectetur adipiscing elit. Nam et neque vitae turpis sagittis elementum non et elit. Donec quam neque, pretium vel massa eu, accumsan rutrum ante. Sed vel vestibulum arcu.\",\"columns\":\"\"}},\"new1\":{\"type\":\"whiteBlock\",\"enabled\":\"1\",\"fields\":{\"label\":\"wef\",\"heading\":\"Lorem ipsum dolor sit amet, consectetur adipiscing elit. Nam et neque vitae turpis sagittis elementum non et elit. Donec quam neque, pretium vel massa eu, accumsan rutrum ante. Sed vel vestibulum arcu.\",\"columns\":\"<p>Lorem ipsum dolor sit amet, consectetur adipiscing elit. Nam et neque vitae turpis sagittis elementum non et elit. Donec quam neque, pretium vel massa eu, accumsan rutrum ante. Sed vel vestibulum arcu.<\\/p>\",\"links\":[\"508\",\"491\"]}}}}}', '2018-04-10 09:43:37', '2018-04-10 09:43:37', 'd031e98e-4f95-439a-9597-1b05987c8ccd'),
 ('104', '530', '6', '1', 'en_gb', '1', NULL, '{\"typeId\":\"6\",\"authorId\":null,\"title\":\"About\",\"slug\":\"about\",\"postDate\":1523353811,\"expiryDate\":null,\"enabled\":1,\"parentId\":null,\"fields\":[]}', '2018-04-10 09:50:11', '2018-04-10 09:50:11', '1465c9bb-7d0e-4e6d-be11-ef0b54afdb0e'),
 ('105', '530', '6', '1', 'en_gb', '2', '', '{\"typeId\":null,\"authorId\":null,\"title\":\"About\",\"slug\":\"about\",\"postDate\":1523353811,\"expiryDate\":null,\"enabled\":1,\"parentId\":null,\"fields\":{\"39\":\"\",\"58\":{\"new2\":{\"type\":\"leadingParagraph\",\"enabled\":\"1\",\"fields\":{\"body\":\"Etiam dolor neque, egestas id tempor eget, placerat sed mauris. In varius urna vitae blandit tincidunt. Donec faucibus dui quis tellus tempor fermentum. Sed a ipsum felis. Duis pellentesque vitae turpis eu convallis.\"}},\"new3\":{\"type\":\"normalParagraph\",\"enabled\":\"1\",\"fields\":{\"body\":\"<p>Etiam dolor neque, egestas id tempor eget, placerat sed mauris. In varius urna vitae blandit tincidunt. Donec faucibus dui quis tellus tempor fermentum. Sed a ipsum felis. Duis pellentesque vitae turpis eu convallis. Etiam dolor neque, egestas id tempor eget, placerat sed mauris. In varius urna vitae blandit tincidunt. Donec faucibus dui quis tellus tempor fermentum. Sed a ipsum felis. Duis pellentesque vitae turpis eu convallis. Etiam dolor neque, egestas id tempor eget, placerat sed mauris. In varius urna vitae blandit tincidunt. Donec faucibus dui quis tellus tempor fermentum. Sed a ipsum felis. Duis pellentesque vitae turpis eu convallis.<\\/p>\"}},\"new6\":{\"type\":\"fullWidthSlider\",\"enabled\":\"1\",\"fields\":{\"assets\":[\"466\"]}}}}}', '2018-04-10 10:11:29', '2018-04-10 10:11:29', 'f390e193-4532-4295-ac1e-99688d470eab'),
 ('106', '524', '4', '1', 'en_gb', '5', '', '{\"typeId\":null,\"authorId\":null,\"title\":\"Education\",\"slug\":\"education\",\"postDate\":1523351325,\"expiryDate\":null,\"enabled\":1,\"parentId\":null,\"fields\":{\"39\":\"\",\"58\":{\"529\":{\"type\":\"whiteBlock\",\"enabled\":\"1\",\"fields\":{\"label\":\"wef\",\"heading\":\"Lorem ipsum dolor sit amet, consectetur adipiscing elit. Nam et neque vitae turpis sagittis elementum non et elit. Donec quam neque, pretium vel massa eu, accumsan rutrum ante. Sed vel vestibulum arcu.\",\"columns\":\"<p>Lorem ipsum dolor sit amet, consectetur adipiscing elit. Nam et neque vitae turpis sagittis elementum non et elit. Donec quam neque, pretium vel massa eu, accumsan rutrum ante. Sed vel vestibulum arcu.<\\/p>\",\"links\":[\"508\",\"491\"]}},\"528\":{\"type\":\"orangeBlock\",\"enabled\":\"1\",\"fields\":{\"label\":\"Education\",\"heading\":\"Lorem ipsum dolor sit amet, consectetur adipiscing elit. Nam et neque vitae turpis sagittis elementum non et elit. Donec quam neque, pretium vel massa eu, accumsan rutrum ante. Sed vel vestibulum arcu.\",\"columns\":\"\"}}}}}', '2018-04-10 10:15:39', '2018-04-10 10:15:39', '28d9ea64-7f7e-4b0f-9118-43bed310014c'),
 ('107', '498', '2', '1', 'en_gb', '4', '', '{\"typeId\":\"2\",\"authorId\":\"1\",\"title\":\"Lorme\",\"slug\":\"lorme\",\"postDate\":1521562500,\"expiryDate\":null,\"enabled\":1,\"parentId\":null,\"fields\":{\"39\":[\"497\"],\"58\":{\"522\":{\"type\":\"leadingParagraph\",\"enabled\":\"1\",\"fields\":{\"body\":\"Lorem ipsum dolor sit amet, consectetur adipiscing elit. Ut a mi lorem. lorem ipsum dolor sit amet, consectetur adipiscing elit. Ut a mi lorem.\"}},\"523\":{\"type\":\"normalParagraph\",\"enabled\":\"1\",\"fields\":{\"body\":\"<p>Lorem ipsum dolor sit amet, consectetur adipiscing elit. Ut a mi lorem. Ut condimentum feugiat urna a finibus. Suspendisse ullamcorper nulla id neque laoreet, eu sollicitudin justo ornare. Nullam suscipit tincidunt sodales. Quisque sed arcu ut velit ultricies facilisis. Ut felis elit, placerat vitae massa nec, dictum rhoncus massa. Fusce cursus lacus ac tellus malesuada auctor. Morbi at nunc porta, condimentum mauris id, semper arcu. Sed sit amet dui sed ante tristique tincidunt ut vel velit. Quisque eleifend imperdiet lectus. Ut nulla leo, convallis ac sagittis vitae, eleifend quis nibh.<\\/p>\\r\\n<p>Lorem ipsum dolor sit amet, consectetur adipiscing elit. Ut a mi lorem. Ut condimentum feugiat urna a finibus. Suspendisse ullamcorper nulla id neque laoreet, eu sollicitudin justo ornare. Nullam suscipit tincidunt sodales. Quisque sed arcu ut velit ultricies facilisis. Ut felis elit, placerat vitae massa nec, dictum rhoncus massa. Fusce cursus lacus ac tellus malesuada auctor. Morbi at nunc porta, condimentum mauris id, semper arcu. Sed sit amet dui sed ante tristique tincidunt ut vel velit. Quisque eleifend imperdiet lectus. Ut nulla leo, convallis ac sagittis vitae, eleifend quis nibh.<\\/p>\"}}},\"2\":\"\"}}', '2018-04-10 10:23:30', '2018-04-10 10:23:30', '487e3ed3-c4fb-4f76-89c0-24ff97bd6840'),
 ('108', '530', '6', '1', 'en_gb', '3', '', '{\"typeId\":\"6\",\"authorId\":null,\"title\":\"About\",\"slug\":\"about\",\"postDate\":1523356226,\"expiryDate\":null,\"enabled\":1,\"parentId\":null,\"fields\":{\"39\":\"\",\"69\":{\"new1\":{\"type\":\"whiteBlock\",\"enabled\":\"1\",\"fields\":{\"label\":\"about\",\"heading\":\"About AJA\",\"columns\":\"<p>Lorem ipsum dolor sit amet, consectetur adipiscing elit. Nam vel lorem non mauris ultrices maximus ut vel enim. Proin tempus, dolor bibendum blandit porta, diam nibh lobortis justo, suscipit auctor dolor nisi ac leo. Pellentesque accumsan cursus aliquam. Vestibulum laoreet vestibulum mauris eget semper. Vivamus vel urna fringilla, auctor leo at,<\\/p>\",\"showBackground\":\"1\",\"links\":[\"524\",\"2\"]}}}}}', '2018-04-10 10:31:57', '2018-04-10 10:31:57', 'a4ce78a4-46f2-4ab1-ace6-964dbe6ecfe3'),
 ('109', '530', '6', '1', 'en_gb', '4', '', '{\"typeId\":\"6\",\"authorId\":null,\"title\":\"About\",\"slug\":\"about\",\"postDate\":1523356226,\"expiryDate\":null,\"enabled\":1,\"parentId\":null,\"fields\":{\"39\":\"\",\"69\":{\"534\":{\"type\":\"whiteBlock\",\"enabled\":\"1\",\"fields\":{\"label\":\"about\",\"heading\":\"About AJA\",\"columns\":\"<p>Lorem ipsum dolor sit amet, consectetur adipiscing elit. Nam vel lorem non mauris ultrices maximus ut vel enim. Proin tempus, dolor bibendum blandit porta, diam nibh lobortis justo, suscipit auctor dolor nisi ac leo. Pellentesque accumsan cursus aliquam. Vestibulum laoreet vestibulum mauris eget semper. Vivamus vel urna fringilla, auctor leo at,<\\/p>\\r\\n<p>Vestibulum laoreet vestibulum mauris eget semper. Vivamus vel urna fringilla, auctor leo at,<\\/p>\",\"showBackground\":\"1\",\"links\":[\"524\",\"2\"]}},\"new1\":{\"type\":\"fullWidthSlider\",\"enabled\":\"1\",\"fields\":{\"assets\":\"\"}}}}}', '2018-04-10 10:35:24', '2018-04-10 10:35:24', 'e8d573ae-cc97-4ddb-9513-9f6da622e359'),
 ('110', '530', '6', '1', 'en_gb', '5', '', '{\"typeId\":\"6\",\"authorId\":null,\"title\":\"About\",\"slug\":\"about\",\"postDate\":1523356226,\"expiryDate\":null,\"enabled\":1,\"parentId\":null,\"fields\":{\"39\":\"\",\"69\":{\"534\":{\"type\":\"whiteBlock\",\"enabled\":\"1\",\"fields\":{\"label\":\"about\",\"heading\":\"About AJA\",\"columns\":\"<p>Lorem ipsum dolor sit amet, consectetur adipiscing elit. Nam vel lorem non mauris ultrices maximus ut vel enim. Proin tempus, dolor bibendum blandit porta, diam nibh lobortis justo, suscipit auctor dolor nisi ac leo. Pellentesque accumsan cursus aliquam. Vestibulum laoreet vestibulum mauris eget semper. Vivamus vel urna fringilla, auctor leo at,<\\/p>\\r\\n<p>Vestibulum laoreet vestibulum mauris eget semper. Vivamus vel urna fringilla, auctor leo at,<\\/p>\",\"showBackground\":\"1\",\"links\":[\"524\",\"2\"]}},\"535\":{\"type\":\"fullWidthSlider\",\"enabled\":\"1\",\"fields\":{\"assets\":[\"422\",\"381\"]}},\"new1\":{\"type\":\"orangeBlock\",\"enabled\":\"1\",\"fields\":{\"label\":\"OUR MOTTO\",\"heading\":\"Lorem ipsum dolor sit amet, consectetur adipiscing elit. Nam vel lorem non mauris ultrices maximus ut vel enim. Proin tempus, dolor bibendum blandit porta, diam nibh lobortis justo, suscipit auctor dolor nisi ac leo. Pellentesque accumsan cursus aliquam. Vestibulum laoreet vestibulum mauris eget semper. Vivamus vel urna fringilla, auctor leo at,\",\"columns\":\"<p>Lorem ipsum dolor sit amet, consectetur adipiscing elit. Nam vel lorem non mauris ultrices maximus ut vel enim. Proin tempus, dolor bibendum blandit porta, diam nibh lobortis justo, suscipit auctor dolor nisi ac leo. Pellentesque accumsan cursus aliquam. Vestibulum laoreet vestibulum mauris eget semper. Vivamus vel urna fringilla, auctor leo at, Lorem ipsum dolor sit amet, consectetur adipiscing elit. Nam vel lorem non mauris ultrices maximus ut vel enim. Proin tempus, dolor bibendum blandit porta, diam nibh lobortis justo, suscipit auctor dolor nisi ac leo. Pellentesque accumsan cursus aliquam. Vestibulum laoreet vestibulum mauris eget semper. Vivamus vel urna fringilla, auctor leo at,<\\/p>\"}}}}}', '2018-04-10 10:36:33', '2018-04-10 10:36:33', '07f69cb3-8e83-4963-b98f-5a8f35dcc56f'),
 ('111', '524', '4', '1', 'en_gb', '6', '', '{\"typeId\":\"4\",\"authorId\":null,\"title\":\"Education\",\"slug\":\"education\",\"postDate\":1523356237,\"expiryDate\":null,\"enabled\":1,\"parentId\":null,\"fields\":{\"39\":\"\",\"69\":{\"new1\":{\"type\":\"whiteBlock\",\"enabled\":\"1\",\"fields\":{\"label\":\"education\",\"heading\":\"Lorem ipsum dolor sit amet, consectetur adipiscing elit. Nam vel lorem non mauris ultrices maximus ut vel enim. Proin tempus, dolor bibendum blandit porta, diam nibh lobortis justo, suscipit auctor dolor nisi ac leo. Pellentesque accumsan cursus aliquam. Vestibulum laoreet vestibulum mauris eget semper. Vivamus vel urna fringilla, auctor leo at,\",\"columns\":\"<p>Lorem ipsum dolor sit amet, consectetur adipiscing elit. Nam vel lorem non mauris ultrices maximus ut vel enim. Proin tempus, dolor bibendum blandit porta, diam nibh lobortis justo, suscipit auctor dolor nisi ac leo. Pellentesque accumsan cursus aliquam. Vestibulum laoreet vestibulum mauris eget semper. Vivamus vel urna fringilla, auctor leo at, Lorem ipsum dolor sit amet, consectetur adipiscing elit. Nam vel lorem non mauris ultrices maximus ut vel enim. Proin tempus, dolor bibendum blandit porta, diam nibh lobortis justo, suscipit auctor dolor nisi ac leo. Pellentesque accumsan cursus aliquam. Vestibulum laoreet vestibulum mauris eget semper. Vivamus vel urna fringilla, auctor leo at,<\\/p>\",\"showBackground\":\"1\",\"links\":\"\"}}}}}', '2018-04-10 10:37:11', '2018-04-10 10:37:11', '9f897a28-77e7-41a9-9ae8-0fbf65bed70b'),
 ('112', '524', '4', '1', 'en_gb', '7', '', '{\"typeId\":\"4\",\"authorId\":null,\"title\":\"Education\",\"slug\":\"education\",\"postDate\":1523356237,\"expiryDate\":null,\"enabled\":1,\"parentId\":null,\"fields\":{\"39\":\"\",\"69\":{\"new1\":{\"type\":\"whiteBlock\",\"enabled\":\"1\",\"fields\":{\"label\":\"education\",\"heading\":\"Lorem ipsum dolor sit amet, consectetur adipiscing elit. Nam vel lorem non mauris ultrices maximus ut vel enim. Proin tempus, dolor bibendum blandit porta, diam nibh lobortis justo, suscipit auctor dolor nisi ac leo. Pellentesque accumsan cursus aliquam. Vestibulum laoreet vestibulum mauris eget semper. Vivamus vel urna fringilla, auctor leo at,\",\"columns\":\"<p>Lorem ipsum dolor sit amet, consectetur adipiscing elit. Nam vel lorem non mauris ultrices maximus ut vel enim. Proin tempus, dolor bibendum blandit porta, diam nibh lobortis justo, suscipit auctor dolor nisi ac leo. Pellentesque accumsan cursus aliquam. Vestibulum laoreet vestibulum mauris eget semper. Vivamus vel urna fringilla, auctor leo at, Lorem ipsum dolor sit amet, consectetur adipiscing elit. Nam vel lorem non mauris ultrices maximus ut vel enim. Proin tempus, dolor bibendum blandit porta, diam nibh lobortis justo, suscipit auctor dolor nisi ac leo. Pellentesque accumsan cursus aliquam. Vestibulum laoreet vestibulum mauris eget semper. Vivamus vel urna fringilla, auctor leo at,<\\/p>\",\"showBackground\":\"1\",\"links\":\"\"}}}}}', '2018-04-10 10:37:12', '2018-04-10 10:37:12', '54b0e58f-d98d-44e9-8aa0-0e2e353d9e10'),
 ('113', '563', '3', '326', 'en_gb', '1', NULL, '{\"typeId\":null,\"authorId\":\"326\",\"title\":\"1 Les Fougeres\",\"slug\":\"1-les-fougeres\",\"postDate\":1523318400,\"expiryDate\":null,\"enabled\":1,\"parentId\":null,\"fields\":{\"34\":\"One of a cluster of contemporary and energy efficient new build homes, featuring a vaulted atrium lounge opening up into the garden.\",\"29\":\"Gallaher Architects\",\"47\":[\"551\",\"552\",\"553\",\"554\",\"555\",\"556\",\"557\",\"558\",\"559\",\"560\",\"561\"],\"39\":[\"562\"],\"40\":[\"539\",\"540\",\"541\",\"542\",\"543\",\"544\",\"545\",\"546\",\"547\",\"548\",\"549\"],\"31\":\"Grouville, Jersey\",\"53\":\"510,511,512,515\",\"43\":\"Our design approach was to respect and preserve the existing architectural style, whilst making essential improvements to the performance of the building\",\"46\":[\"550\"],\"44\":\"Justin Gallaher\",\"45\":\"Gallaher Architects\",\"49\":\"\",\"52\":\"\",\"50\":\"\",\"51\":\"\",\"36\":\"\",\"32\":\"www.architects.je\",\"42\":\"\"}}', '2018-04-10 10:58:30', '2018-04-10 10:58:30', '382b3c3c-f659-4faf-b7df-b8edb35cab10'),
 ('114', '491', '3', '326', 'en_gb', '7', NULL, '{\"typeId\":\"3\",\"authorId\":\"326\",\"title\":\"Le Rocher\",\"slug\":\"le-rocher\",\"postDate\":1520812800,\"expiryDate\":null,\"enabled\":1,\"parentId\":null,\"fields\":{\"34\":\"This project involved refurbishing the existing cottage and replacing substandard extensions into a new contemporary family home.\",\"29\":\"Gallaher Architects\",\"47\":[\"487\",\"488\",\"489\"],\"39\":[\"490\"],\"40\":[\"475\",\"476\",\"477\",\"478\",\"479\",\"480\",\"482\",\"483\",\"484\",\"485\"],\"31\":\"La Rue du Mont Pellier, Trinity\",\"53\":\"\",\"43\":\"The client was also very keen to have a sustainable house and has installed a pellet boiler, to embrace biodiversity credentials.\",\"46\":[\"486\"],\"44\":\"Justin Gallaher\",\"45\":\"Gallaher Architects\",\"49\":\"\",\"52\":\"\",\"50\":\"\",\"51\":\"\",\"36\":[\"493\"],\"32\":\"architects.je\",\"42\":\"\"}}', '2018-04-10 11:10:16', '2018-04-10 11:10:16', 'e332f1d8-1f5b-4af0-bb48-fcd30820bd5a'),
 ('115', '594', '3', '326', 'en_gb', '1', NULL, '{\"typeId\":null,\"authorId\":\"326\",\"title\":\"5 Jardin des Cures\",\"slug\":\"5-jardin-des-cures\",\"postDate\":1523318400,\"expiryDate\":null,\"enabled\":1,\"parentId\":null,\"fields\":{\"34\":\"This 60\'s style dwelling was modernised internally and a small extension added in a minimalist style complimenting the architecture of the original buildings.\",\"29\":\"Gallaher Architects\",\"47\":[\"583\",\"585\",\"586\",\"587\",\"588\",\"589\",\"590\",\"591\",\"592\"],\"39\":[\"593\"],\"40\":[\"570\",\"571\",\"572\",\"573\",\"574\",\"575\",\"576\",\"577\",\"578\",\"579\",\"580\",\"581\"],\"31\":\"Grouville, Jersey\",\"53\":\"511,510,512,515\",\"43\":\"Our design approach was to respect and preserve the existing architectural style, whilst making essential improvements to the performance of the building\",\"46\":\"\",\"44\":\"Justin Gallaher\",\"45\":\"Gallaher Architects\",\"49\":\"\",\"52\":\"\",\"50\":\"\",\"51\":\"\",\"36\":[\"566\",\"567\",\"568\",\"569\"],\"32\":\"www.architects.je\",\"42\":\"\"}}', '2018-04-10 11:23:09', '2018-04-10 11:23:09', '87242850-f268-4109-802e-83c1e44630b2'),
 ('116', '604', '3', '326', 'en_gb', '1', NULL, '{\"typeId\":null,\"authorId\":\"326\",\"title\":\"Anchor House (formally Ancona)\",\"slug\":\"anchor-house-formally-ancona\",\"postDate\":1523318400,\"expiryDate\":null,\"enabled\":1,\"parentId\":null,\"fields\":{\"34\":\"This project involved demolishing an existing dwelling in the Green Zone and replacing it with a traditional Jersey 3 bay vernacular building.\",\"29\":\"Gallaher Architects\",\"47\":[\"597\",\"598\",\"599\",\"600\",\"601\",\"602\"],\"39\":[\"603\"],\"40\":\"\",\"31\":\"La Coupe, St Martin, Jersey\",\"53\":\"511,512,515,510\",\"43\":\"\",\"46\":\"\",\"44\":\"\",\"45\":\"\",\"49\":\"\",\"52\":\"\",\"50\":\"\",\"51\":\"\",\"36\":[\"595\",\"596\"],\"32\":\"www.architects.je\",\"42\":\"\"}}', '2018-04-10 11:41:52', '2018-04-10 11:41:52', '88de85f4-5cc6-49f0-b82c-10eac1dd9544'),
 ('117', '604', '3', '326', 'en_gb', '2', NULL, '{\"typeId\":\"3\",\"authorId\":\"326\",\"title\":\"Anchor House (formally Ancona)\",\"slug\":\"anchor-house-formally-ancona\",\"postDate\":1523318400,\"expiryDate\":null,\"enabled\":1,\"parentId\":null,\"fields\":{\"34\":\"This project involved demolishing an existing dwelling in the Green Zone and replacing it with a traditional Jersey 3 bay vernacular building.\",\"29\":\"Gallaher Architects\",\"47\":[\"597\",\"598\",\"599\",\"600\",\"601\",\"602\"],\"39\":[\"603\"],\"40\":[\"606\",\"607\",\"608\",\"609\",\"610\",\"611\"],\"31\":\"La Coupe, St Martin, Jersey\",\"53\":\"510,511,512,515\",\"43\":\"\",\"46\":\"\",\"44\":\"\",\"45\":\"\",\"49\":\"\",\"52\":\"\",\"50\":\"\",\"51\":\"\",\"36\":[\"595\",\"596\"],\"32\":\"www.architects.je\",\"42\":\"\"}}', '2018-04-10 11:43:28', '2018-04-10 11:43:28', 'e27a80d0-1141-49c0-a9b9-fbcb05c11628'),
 ('118', '491', '3', '1', 'en_gb', '8', '', '{\"typeId\":\"3\",\"authorId\":\"326\",\"title\":\"Le Rocher\",\"slug\":\"le-rocher\",\"postDate\":1520812800,\"expiryDate\":null,\"enabled\":1,\"parentId\":null,\"fields\":{\"34\":\"This project involved refurbishing the existing cottage and replacing substandard extensions into a new contemporary family home.\",\"33\":\"\",\"29\":\"Gallaher Architects\",\"47\":[\"487\",\"488\",\"489\"],\"39\":[\"490\"],\"40\":[\"475\",\"476\",\"477\",\"478\",\"479\",\"480\",\"482\",\"483\",\"484\",\"485\"],\"31\":\"La Rue du Mont Pellier, Trinity\",\"4\":\"\",\"53\":[\"511\",\"512\"],\"43\":\"The client was also very keen to have a sustainable house and has installed a pellet boiler, to embrace biodiversity credentials.\",\"46\":[\"486\"],\"44\":\"Justin Gallaher\",\"45\":\"Gallaher Architects\",\"49\":\"\",\"52\":\"\",\"50\":\"\",\"51\":\"\",\"36\":[\"493\"],\"32\":\"architects.je\",\"42\":\"\"}}', '2018-04-11 09:36:05', '2018-04-11 09:36:05', '2afb0074-d020-483d-98c2-f543454e26d3'),
 ('119', '4', '3', '1', 'en_gb', '21', '', '{\"typeId\":\"3\",\"authorId\":\"1\",\"title\":\"Example project 1\",\"slug\":\"example-project-1\",\"postDate\":1516924800,\"expiryDate\":null,\"enabled\":1,\"parentId\":null,\"fields\":{\"34\":\"Lorem ipsum dolor sit amet, consectetuer adipiscing elit, sed diam nonummy nibh euismod tincidunt ut laoreet dolore magna aliquam erat volutpat. Ut wisi enim ad minim\",\"33\":\"John smitg\",\"29\":\"Godel Architects\",\"47\":\"\",\"39\":[\"325\"],\"40\":\"\",\"31\":\"St Peter, Jersey\",\"4\":{\"31\":{\"type\":\"imageGrid\",\"enabled\":\"1\",\"fields\":{\"images\":[\"6\",\"18\",\"19\",\"29\",\"20\",\"30\",\"9\",\"10\"]}},\"32\":{\"type\":\"videoBlock\",\"enabled\":\"1\",\"fields\":{\"youtubeUrl\":\"https:\\/\\/www.youtube.com\\/watch?v=xcJtL7QggTI\\/\",\"vimeoUrl\":\"\",\"videoPoster\":[\"29\"],\"credits\":[{\"col1\":\"video by\",\"col2\":\"iPOP Digital\"},{\"col1\":\"PHOTOGRAPHY BY\",\"col2\":\"Andy Le Gresley\"},{\"col1\":\"Art Direction\",\"col2\":\"Jon Moore\"},{\"col1\":\"WEBSITE\",\"col2\":\"www.ipopdigital.com\"}]}},\"36\":{\"type\":\"quoteBlock\",\"enabled\":\"1\",\"fields\":{\"quote\":\"Lorem ipsum dolor sit amet, consectetuer adipiscing elit, sed diam nonummy nibh euismod tincidunt ut laoreet dolore magna aliquam erat volutpat.\",\"quoter\":\"JON MOORE,\",\"quoterPosition\":\"the chamber of commerce\",\"image\":[\"38\"]}},\"110\":{\"type\":\"fullWidthSlider\",\"enabled\":\"1\",\"fields\":{\"images\":[\"6\",\"9\"]}}},\"53\":[\"513\",\"514\",\"516\"],\"43\":\"\",\"46\":\"\",\"44\":\"\",\"45\":\"\",\"49\":\"\",\"52\":\"\",\"50\":\"\",\"51\":\"\",\"36\":[\"325\",\"18\",\"19\",\"29\"],\"32\":\"www.godelarchitects.co\",\"42\":\"\"}}', '2018-04-11 09:36:23', '2018-04-11 09:36:23', '65600a28-89e0-48ac-a05b-3c38199ad235'),
 ('120', '4', '3', '1', 'en_gb', '22', NULL, '{\"typeId\":\"3\",\"authorId\":\"1\",\"title\":\"Example project 1\",\"slug\":\"example-project-1\",\"postDate\":1516924800,\"expiryDate\":null,\"enabled\":1,\"parentId\":null,\"fields\":{\"34\":\"Lorem ipsum dolor sit amet, consectetuer adipiscing elit, sed diam nonummy nibh euismod tincidunt ut laoreet dolore magna aliquam erat volutpat. Ut wisi enim ad minim\",\"29\":\"Godel Architects\",\"39\":[\"325\"],\"40\":\"\",\"31\":\"St Peter, Jersey\",\"53\":\"513,514,516\",\"43\":\"\",\"46\":\"\",\"44\":\"\",\"45\":\"\",\"49\":\"\",\"52\":\"\",\"50\":\"\",\"51\":\"\",\"36\":[\"325\",\"18\",\"19\",\"29\"],\"32\":\"www.godelarchitects.com\",\"42\":\"\"}}', '2018-04-19 15:41:17', '2018-04-19 15:41:17', '5c600faf-72d3-4f0b-b763-c82197004222'),
 ('121', '4', '3', '1', 'en_gb', '23', NULL, '{\"typeId\":\"3\",\"authorId\":\"1\",\"title\":\"Example project 1\",\"slug\":\"example-project-1\",\"postDate\":1516924800,\"expiryDate\":null,\"enabled\":1,\"parentId\":null,\"fields\":{\"34\":\"Lorem ipsum dolor sit amet, consectetuer adipiscing elit, sed diam nonummy nibh euismod tincidunt ut laoreet dolore magna aliquam erat volutpat. Ut wisi enim ad minim\",\"29\":\"Godel Architects\",\"39\":[\"325\"],\"40\":\"\",\"31\":\"St Peter, Jersey\",\"53\":\"513,514,516\",\"43\":\"\",\"46\":\"\",\"44\":\"\",\"45\":\"\",\"49\":\"\",\"52\":\"\",\"50\":\"\",\"51\":\"\",\"36\":[\"325\",\"18\",\"19\",\"29\"],\"32\":\"www.godelarchitects.com\",\"42\":\"\"}}', '2018-05-02 08:51:23', '2018-05-02 08:51:23', '91196c2d-4593-4c84-b0b1-76ea9d0ac9bf'),
 ('122', '2', '1', '1', 'en_gb', '4', '', '{\"typeId\":null,\"authorId\":null,\"title\":\"AJA\",\"slug\":\"homepage\",\"postDate\":1516272820,\"expiryDate\":null,\"enabled\":1,\"parentId\":null,\"fields\":{\"54\":\"Promoting local architects working to global standards.\",\"55\":\"Lorem ipsum dolor sit amet, consectetuer adipiscing elit, sed diam nonummy nibh euismod tincidunt ut laoreet dolore magna aliquam erat volutpat. Ut wisi enim ad minim\",\"56\":\"Lorem ipsum dolor sit amet, consectetuer adipiscing elit, sed diam nonummy nibh euismod tincidunt ut laoreet dolore magna aliquam erat volutpat. Ut wisi enim ad minim\",\"57\":\"<p>Lorem ipsum dolor sit amet, consectetuer adipiscing elit, sed diam nonummy nibh euismod tincidunt ut laoreet dolore magna aliquam erat volutpat. Ut wisi enim ad minim veniam, quis nostrud exerci tation ullamcorper suscipit lobortis nisl ut.&nbsp;Consectetuer adipiscing elit, sed diam nonummy nibh euismod tincidunt ut laoreet dolore magna aliquam erat volutpat. Ut wisi enim ad minim veniam, quis nostrud.<\\/p>\"}}', '2018-07-11 08:51:26', '2018-07-11 08:51:26', '1b675df5-92e7-47e7-9f77-b1b0b0f1560a'),
 ('123', '2', '1', '1', 'en_gb', '5', '', '{\"typeId\":null,\"authorId\":null,\"title\":\"AJA\",\"slug\":\"homepage\",\"postDate\":1516272820,\"expiryDate\":null,\"enabled\":1,\"parentId\":null,\"fields\":{\"54\":\"Promoting local architects working to global standards.\",\"55\":\"Whether altering, extending or building new, you want high quality results and value for money, so consult a local Jersey Architect who will share these concerns and seek to achieve your objectives.\",\"56\":\"Altering, extending or building? Consult a local Jersey Architect\",\"57\":\"<p>The title \\u2018Architect\\u2019 is legally protected by statue and may only be used by fully trained and qualified persons, registered to that effect. Members of the Association of Jersey Architects are registered with the Royal Court. They are also registered with the \\u2018Architects Registration Board\\u2019 of the United Kingdom, bound by ARB\\u2019s Standards of Conduct, and\\/or RIBA Chartered Architect members of the \\u2018Royal Institute of British Architects\\u2019, bound by the RIBA Code of Conduct. Their members are required to carry Professional Indemnity Insurance to a value commensurate with size of projects they undertake, protecting you as their Client.&nbsp;Undertakings using terms such as \\u2018Architectural Consultants\\u2019 or \\u2018Planning Consultants\\u2019 may not have qualified staff in control of the Firm, allowing them to use the legally protected title of \\u2018Architect\\u2019 and may not carry Professional Indemnity Insurance. For reliable, realistic advice with assurance of Professional Indemnity cover contact a fully qualified Jersey Architect\\u2019s Practice listed inside this leaflet.<\\/p>\"}}', '2018-07-11 08:59:12', '2018-07-11 08:59:12', 'be47cfdf-c8a3-43ba-a27e-08d60c3e9b46'),
 ('124', '530', '6', '1', 'en_gb', '6', '', '{\"typeId\":\"6\",\"authorId\":null,\"title\":\"About\",\"slug\":\"about\",\"postDate\":1523356226,\"expiryDate\":null,\"enabled\":1,\"parentId\":null,\"fields\":{\"39\":\"\",\"69\":{\"534\":{\"type\":\"whiteBlock\",\"enabled\":\"1\",\"fields\":{\"label\":\"about\",\"heading\":\"Whether altering, extending or building new, you want high quality results and value for money, so consult a local Jersey Architect who will share these concerns and seek to achieve your objectives. An Architect brings four crucial qualities to a project:\",\"columns\":\"\",\"showBackground\":\"1\",\"links\":[\"524\",\"2\"],\"bulletBlocks\":[{\"col1\":\"PLANNING EXPERTISE:\",\"col2\":\"Jersey Architects have a comprehensive understanding of Planning Law, Policy and Procedure, so should be your first port of call for reliable authoritative advice about the feasibility of anything relating to the Built Environment. We will be realistic about your opportunities set within context of the Planning framework. Many Practices will provide an initial site visit consultation and general advice on Planning implications without charge.\"},{\"col1\":\"IMAGINATION:\",\"col2\":\"An Architect can lift your project out of the ordinary. It takes considerable skill, relating your requirements to the site and fusing them into a single harmonious vision that is a pleasure to inhabit.\"},{\"col1\":\"VALUE FOR MONEY:\",\"col2\":\"An Architect will create an arrangement of light and space you didn\\u2019t know you could have, suggest materials you didn\\u2019t realise you could fit and make sure you find the appropriate builder at the right price.\"},{\"col1\":\"PROFESSIONAL GUIDANCE:\",\"col2\":\"An Architect is also a trouble-shooter, guiding your project through the involved procedures of planning application and building regulation. The Architect attends to the details and monitors the builder\\u2019s work to completion. Talk to one of the local Jersey Architects listed inside this leaflet and start getting the building you need.\"}]}},\"535\":{\"type\":\"fullWidthSlider\",\"enabled\":\"1\",\"fields\":{\"assets\":[\"422\",\"381\"]}},\"536\":{\"type\":\"orangeBlock\",\"enabled\":\"1\",\"fields\":{\"label\":\"OUR MOTTO\",\"heading\":\"Lorem ipsum dolor sit amet, consectetur adipiscing elit. Nam vel lorem non mauris ultrices maximus ut vel enim. Proin tempus, dolor bibendum blandit porta, diam nibh lobortis justo, suscipit auctor dolor nisi ac leo. Pellentesque accumsan cursus aliquam. Vestibulum laoreet vestibulum mauris eget semper. Vivamus vel urna fringilla, auctor leo at,\",\"columns\":\"<p>Lorem ipsum dolor sit amet, consectetur adipiscing elit. Nam vel lorem non mauris ultrices maximus ut vel enim. Proin tempus, dolor bibendum blandit porta, diam nibh lobortis justo, suscipit auctor dolor nisi ac leo. Pellentesque accumsan cursus aliquam. Vestibulum laoreet vestibulum mauris eget semper. Vivamus vel urna fringilla, auctor leo at, Lorem ipsum dolor sit amet, consectetur adipiscing elit. Nam vel lorem non mauris ultrices maximus ut vel enim. Proin tempus, dolor bibendum blandit porta, diam nibh lobortis justo, suscipit auctor dolor nisi ac leo. Pellentesque accumsan cursus aliquam. Vestibulum laoreet vestibulum mauris eget semper. Vivamus vel urna fringilla, auctor leo at,<\\/p>\"}}}}}', '2018-07-11 09:50:39', '2018-07-11 09:50:39', 'cfde2e9d-298f-4c76-80d4-94b418c390c7'),
 ('125', '530', '6', '1', 'en_gb', '7', '', '{\"typeId\":\"6\",\"authorId\":null,\"title\":\"About\",\"slug\":\"about\",\"postDate\":1523356226,\"expiryDate\":null,\"enabled\":1,\"parentId\":null,\"fields\":{\"39\":\"\",\"69\":{\"534\":{\"type\":\"whiteBlock\",\"enabled\":\"1\",\"fields\":{\"label\":\"about\",\"heading\":\"Whether altering, extending or building new, you want high quality results and value for money, so consult a local Jersey Architect who will share these concerns and seek to achieve your objectives. An Architect brings four crucial qualities to a project:\",\"columns\":\"\",\"showBackground\":\"1\",\"links\":[\"524\",\"2\"],\"bulletBlocks\":[{\"col1\":\"PLANNING EXPERTISE:\",\"col2\":\"Jersey Architects have a comprehensive understanding of Planning Law, Policy and Procedure, so should be your first port of call for reliable authoritative advice about the feasibility of anything relating to the Built Environment. We will be realistic about your opportunities set within context of the Planning framework. Many Practices will provide an initial site visit consultation and general advice on Planning implications without charge.\"},{\"col1\":\"IMAGINATION:\",\"col2\":\"An Architect can lift your project out of the ordinary. It takes considerable skill, relating your requirements to the site and fusing them into a single harmonious vision that is a pleasure to inhabit.\"},{\"col1\":\"VALUE FOR MONEY:\",\"col2\":\"An Architect will create an arrangement of light and space you didn\\u2019t know you could have, suggest materials you didn\\u2019t realise you could fit and make sure you find the appropriate builder at the right price.\"},{\"col1\":\"PROFESSIONAL GUIDANCE:\",\"col2\":\"An Architect is also a trouble-shooter, guiding your project through the involved procedures of planning application and building regulation. The Architect attends to the details and monitors the builder\\u2019s work to completion. Talk to one of the local Jersey Architects listed inside this leaflet and start getting the building you need.\"}]}}}}}', '2018-07-11 09:50:59', '2018-07-11 09:50:59', '784931fa-7dcc-4a7b-97e9-2299e8997b30'),
 ('126', '615', '7', '1', 'en_gb', '1', NULL, '{\"typeId\":\"7\",\"authorId\":null,\"title\":\"Contact\",\"slug\":\"contact\",\"postDate\":1531304716,\"expiryDate\":null,\"enabled\":1,\"parentId\":null,\"fields\":[]}', '2018-07-11 10:25:16', '2018-07-11 10:25:16', 'd5f934d3-25b9-409e-868a-bc1b10dd8630'),
 ('127', '615', '7', '1', 'en_gb', '2', '', '{\"typeId\":null,\"authorId\":null,\"title\":\"Contact\",\"slug\":\"contact\",\"postDate\":1531304716,\"expiryDate\":null,\"enabled\":1,\"parentId\":null,\"fields\":{\"80\":[{\"col1\":\"Patron - Colin Perchard\",\"col2\":\"\"},{\"col1\":\"Senior Vice President - Alison Horton\",\"col2\":\"alisonmhorton@gmail.com\"},{\"col1\":\"Hon Secretary - Chantelle Arnold\",\"col2\":\"arniejersey@hotmail.com\"},{\"col1\":\"Hon Treasurer - Mark Dennis\",\"col2\":\"origin.arcstudio@icloud.com\"},{\"col1\":\"Council  - Anna Robertson\",\"col2\":\"anna@vestaarchitecture.co.uk\"},{\"col1\":\"Council - Carlo Riva\",\"col2\":\"carlo@riva-architects.com\"},{\"col1\":\"Council - Mike Waddington\",\"col2\":\"mikew@waddington.je\"}]}}', '2018-07-11 11:33:10', '2018-07-11 11:33:10', 'd3ba11d0-959b-4fc4-9e59-5bb0b1d12efe'),
 ('128', '616', '8', '1', 'en_gb', '1', '', '{\"typeId\":null,\"authorId\":\"1\",\"title\":\"Andrew Harvey Architects\",\"slug\":\"andrew-harvey-architects\",\"postDate\":1531313970,\"expiryDate\":null,\"enabled\":1,\"parentId\":null,\"fields\":[]}', '2018-07-11 12:59:31', '2018-07-11 12:59:31', '692fa98b-859b-4684-95db-9ab361a42fdd'),
 ('129', '616', '8', '1', 'en_gb', '2', '', '{\"typeId\":\"8\",\"authorId\":\"1\",\"title\":\"Andrew Harvey Architects\",\"slug\":\"andrew-harvey-architects\",\"postDate\":1531313940,\"expiryDate\":null,\"enabled\":1,\"parentId\":null,\"fields\":{\"83\":\"1st Floor, Beresford House, Bellozanne Road, St Helier, JE2 3JW\",\"21\":\"\",\"81\":\"andrew@aha.co.je\",\"82\":\"869291\"}}', '2018-07-11 13:02:27', '2018-07-11 13:02:27', '2c2b1059-8d05-4d8b-bcb6-eedd50fe2cc5'),
 ('130', '617', '8', '1', 'en_gb', '1', '', '{\"typeId\":null,\"authorId\":\"1\",\"title\":\"architecture Barnes Collie Fischer\",\"slug\":\"architecture-barnes-collie-fischer\",\"postDate\":1531314213,\"expiryDate\":null,\"enabled\":1,\"parentId\":null,\"fields\":{\"83\":\"13 Royal Square, St Helier, JE2 4WA\",\"21\":\"www.a-bcf.com\",\"81\":\"mail@a-bcf.com\",\"82\":\"733100\"}}', '2018-07-11 13:03:33', '2018-07-11 13:03:33', '41211cc7-1a0f-4f93-9518-1983730d72e1'),
 ('131', '618', '8', '1', 'en_gb', '1', '', '{\"typeId\":null,\"authorId\":\"1\",\"title\":\"Architecture D3 Ltd\",\"slug\":\"architecture-d3-ltd\",\"postDate\":1531314285,\"expiryDate\":null,\"enabled\":1,\"parentId\":null,\"fields\":{\"83\":\"The Studio (near patch coal), La Rue de la Vallee, St Mary, JE3 3DL\",\"21\":\"www.c3darchitect.com\",\"81\":\"chris@c3darchitect.com\",\"82\":\"747978\"}}', '2018-07-11 13:04:45', '2018-07-11 13:04:45', '70095900-4930-4157-8784-895aa706d29b'),
 ('132', '619', '8', '1', 'en_gb', '1', '', '{\"typeId\":null,\"authorId\":\"1\",\"title\":\"Arkitecture Ltd\",\"slug\":\"arkitecture-ltd\",\"postDate\":1531314332,\"expiryDate\":null,\"enabled\":1,\"parentId\":null,\"fields\":{\"83\":\"4 Le Petit Catelet, La Route de St. Jean, St. John, JE3 4EN\",\"21\":\"\",\"81\":\"enquiries@jerseyarkitecture.co.uk\",\"82\":\"852306\"}}', '2018-07-11 13:05:32', '2018-07-11 13:05:32', 'da7231cf-986a-40fb-9419-1294aab6d3fd'),
 ('133', '620', '8', '1', 'en_gb', '1', '', '{\"typeId\":null,\"authorId\":\"1\",\"title\":\"AM Architects\",\"slug\":\"am-architects\",\"postDate\":1531314380,\"expiryDate\":null,\"enabled\":1,\"parentId\":null,\"fields\":{\"83\":\"12 Britannia Place, Bath Street, St Helier, Jersey, JE2 4SU\",\"21\":\"www.amarchitects.net\",\"81\":\"all@amarchitects.net\",\"82\":\"736728\"}}', '2018-07-11 13:06:20', '2018-07-11 13:06:20', '2d32ecb0-9d30-4bba-8880-72e2ee6e6e7c'),
 ('134', '621', '8', '1', 'en_gb', '1', '', '{\"typeId\":null,\"authorId\":\"1\",\"title\":\"Axis Mason Limited\",\"slug\":\"axis-mason-limited\",\"postDate\":1531314467,\"expiryDate\":null,\"enabled\":1,\"parentId\":null,\"fields\":{\"83\":\"Sommerville House, Phillips Street, St Helier, JE2 4SW\",\"21\":\"www.axismason.com\",\"81\":\"jersey@axismason.com\",\"82\":\"870137\"}}', '2018-07-11 13:07:47', '2018-07-11 13:07:47', 'd6b3a58e-3c48-4d99-80c1-3f8907dbb11b'),
 ('135', '622', '8', '1', 'en_gb', '1', '', '{\"typeId\":null,\"authorId\":\"1\",\"title\":\"BDK Architects\",\"slug\":\"bdk-architects\",\"postDate\":1531314512,\"expiryDate\":null,\"enabled\":1,\"parentId\":null,\"fields\":{\"83\":\"White Lodge, Wellington Road, St Saviour, JE2 7TE\",\"21\":\"www.bdkarchitects.com\",\"81\":\"enquiry@bdkarchitects.com\",\"82\":\"768740\"}}', '2018-07-11 13:08:32', '2018-07-11 13:08:32', 'a46a409c-bca5-4ecc-8903-0775b18a1a55'),
 ('136', '623', '8', '1', 'en_gb', '1', '', '{\"typeId\":null,\"authorId\":\"1\",\"title\":\"Dyson and Buesnel Architects\",\"slug\":\"dyson-and-buesnel-architects\",\"postDate\":1531314579,\"expiryDate\":null,\"enabled\":1,\"parentId\":null,\"fields\":{\"83\":\"108 Halkett Place, St Helier, JE2 4WH\",\"21\":\"www.dbarchitects.co.je\",\"81\":\"contact@dbarchitects.co.je\",\"82\":\"880861\"}}', '2018-07-11 13:09:39', '2018-07-11 13:09:39', 'f31d4ead-3e91-4df6-9228-03a0f8de10a9'),
 ('137', '624', '8', '1', 'en_gb', '1', '', '{\"typeId\":null,\"authorId\":\"1\",\"title\":\"Gallaher Architects\",\"slug\":\"gallaher-architects\",\"postDate\":1531314619,\"expiryDate\":null,\"enabled\":1,\"parentId\":null,\"fields\":{\"83\":\"12 Dumaresq St, St Helier, JE2 3RL\",\"21\":\"www.architects.je\",\"81\":\"info@architects.je\",\"82\":\"724394\"}}', '2018-07-11 13:10:19', '2018-07-11 13:10:19', 'cecf80d7-e262-4974-bede-ecda0c16cd4f'),
 ('138', '624', '8', '1', 'en_gb', '2', '', '{\"typeId\":\"8\",\"authorId\":\"1\",\"title\":\"Gallaher Architects\",\"slug\":\"gallaher-architects\",\"postDate\":1531314600,\"expiryDate\":null,\"enabled\":1,\"parentId\":null,\"fields\":{\"83\":\"12 Dumaresq St, St Helier, JE2 3RL\",\"21\":\"www.architects.je\",\"81\":\"info@architects.je\",\"82\":\"724394\"}}', '2018-07-11 13:10:23', '2018-07-11 13:10:23', '987d6969-a08f-4868-bad0-e249728834c9'),
 ('139', '625', '8', '1', 'en_gb', '1', '', '{\"typeId\":null,\"authorId\":\"1\",\"title\":\"Godel Architects\",\"slug\":\"godel-architects\",\"postDate\":1531314741,\"expiryDate\":null,\"enabled\":1,\"parentId\":null,\"fields\":{\"83\":\"La Chasse Studio, La Rue de la Vall\\u00e9e, St Mary, JE3 3DL\",\"21\":\"www.godelarchitects.com\",\"81\":\"enquiry@godelarchitects.com\",\"82\":\"486050\"}}', '2018-07-11 13:12:21', '2018-07-11 13:12:21', 'dae17d06-acb3-4442-be9a-dac5f11ecab8'),
 ('140', '626', '8', '1', 'en_gb', '1', '', '{\"typeId\":null,\"authorId\":\"1\",\"title\":\"James Naish Architect\",\"slug\":\"james-naish-architect\",\"postDate\":1531314810,\"expiryDate\":null,\"enabled\":1,\"parentId\":null,\"fields\":{\"83\":\"The Studio, Clos du Mur, Route de Plemont, St Ouen, Je3 2BD\",\"21\":\"www.jamesnaish.co.uk\",\"81\":\"info@jamesnaish.co.uk\",\"82\":\"490028\"}}', '2018-07-11 13:13:30', '2018-07-11 13:13:30', 'ac69bd12-7ad0-4f4f-ba07-19f6011dc8db'),
 ('141', '627', '8', '1', 'en_gb', '1', '', '{\"typeId\":null,\"authorId\":\"1\",\"title\":\"Jane Faulkner Architect RIBA (JFA)\",\"slug\":\"jane-faulkner-architect-riba-jfa\",\"postDate\":1531314840,\"expiryDate\":null,\"enabled\":1,\"parentId\":null,\"fields\":{\"83\":\"The Studio, No 4 Petit Port Close, La Route de Petit Port, St Brelade, JE3 8HJ\",\"21\":\"www.jfa-architect.com\",\"81\":\"janef@localdial.com\",\"82\":\"744773\"}}', '2018-07-11 13:14:00', '2018-07-11 13:14:00', '1f2918cc-8bac-486b-aab4-bd7b8391a1a0'),
 ('142', '628', '8', '1', 'en_gb', '1', '', '{\"typeId\":null,\"authorId\":\"1\",\"title\":\"Marc Medland Architect\",\"slug\":\"marc-medland-architect\",\"postDate\":1531314872,\"expiryDate\":null,\"enabled\":1,\"parentId\":null,\"fields\":{\"83\":\"2 Heron Mews, La Petite rue du Val Plaisant, St Helier, JE2 4YA\",\"21\":\"www.marcmedland.co.uk\",\"81\":\"marc_medland@yahoo.co.uk\",\"82\":\"07797 838229\"}}', '2018-07-11 13:14:32', '2018-07-11 13:14:32', 'c16946bc-8f92-408e-8c38-a543cfca6ede'),
 ('143', '629', '8', '1', 'en_gb', '1', '', '{\"typeId\":null,\"authorId\":\"1\",\"title\":\"Michael Bravery Chartered Architect\",\"slug\":\"michael-bravery-chartered-architect\",\"postDate\":1531314925,\"expiryDate\":null,\"enabled\":1,\"parentId\":null,\"fields\":{\"83\":\"Felsted Studio, La Rue de Guilleaume et d\\u2019Anneville, St Martin, JE3 6DP\",\"21\":\"www.mbraveryarchitect.com\",\"81\":\"mike@mbraveryarchitect.com\",\"82\":\"631312\"}}', '2018-07-11 13:15:25', '2018-07-11 13:15:25', '58bc6744-56b9-46c5-bec6-2d671993a199'),
 ('144', '630', '8', '1', 'en_gb', '1', '', '{\"typeId\":null,\"authorId\":\"1\",\"title\":\"Morris Architects Ltd\",\"slug\":\"morris-architects-ltd\",\"postDate\":1531314954,\"expiryDate\":null,\"enabled\":1,\"parentId\":null,\"fields\":{\"83\":\"17 La Motte Street, St Helier, JE2 4SY\",\"21\":\"www.morrisarchitects.co.uk\",\"81\":\"info@morrisarchitects.co.uk\",\"82\":\"738635\"}}', '2018-07-11 13:15:54', '2018-07-11 13:15:54', 'ff649037-975e-4a03-8d2f-30f0ae693559'),
 ('145', '631', '8', '1', 'en_gb', '1', '', '{\"typeId\":null,\"authorId\":\"1\",\"title\":\"Nigel Biggar & Partners\",\"slug\":\"nigel-biggar-partners\",\"postDate\":1531315040,\"expiryDate\":null,\"enabled\":1,\"parentId\":null,\"fields\":{\"83\":\"Shadingfield Studio, Mont a la Brune, St Brelade, JE3 8FL\",\"21\":\"www.nigelbiggar.com\",\"81\":\"rcl@nbandpjersey.com\",\"82\":\"731391\"}}', '2018-07-11 13:17:20', '2018-07-11 13:17:20', '68ebe302-fabe-4f76-860e-7cddd147b840'),
 ('146', '632', '8', '1', 'en_gb', '1', '', '{\"typeId\":null,\"authorId\":\"1\",\"title\":\"Origin Architecture Studio\",\"slug\":\"origin-architecture-studio\",\"postDate\":1531315068,\"expiryDate\":null,\"enabled\":1,\"parentId\":null,\"fields\":{\"83\":\"\\u2018The Beach Hut\\u2019 Two Watkin Villa, Victoria Avenue, St Helier, JE2 3LU\",\"21\":\"\",\"81\":\"origin.arcstudio@icloud.com\",\"82\":\"484658\"}}', '2018-07-11 13:17:48', '2018-07-11 13:17:48', 'fd996957-401b-456d-b3e4-d4b31b494451'),
 ('147', '633', '8', '1', 'en_gb', '1', '', '{\"typeId\":null,\"authorId\":\"1\",\"title\":\"PAGE Architects Ltd\",\"slug\":\"page-architects-ltd\",\"postDate\":1531315156,\"expiryDate\":null,\"enabled\":1,\"parentId\":null,\"fields\":{\"83\":\"Crahamel House, 1-3 Duhamel Place, St Helier, JE2 4TP\",\"21\":\"www.pagearchitects.co.uk\",\"81\":\"info@pagearchitects.co.uk\",\"82\":\"869054\"}}', '2018-07-11 13:19:16', '2018-07-11 13:19:16', '2e67c724-3ca0-4fca-8477-94a8c27f7ad5'),
 ('148', '634', '8', '1', 'en_gb', '1', '', '{\"typeId\":null,\"authorId\":\"1\",\"title\":\"Richard Le Sueur Architects\",\"slug\":\"richard-le-sueur-architects\",\"postDate\":1531315189,\"expiryDate\":null,\"enabled\":1,\"parentId\":null,\"fields\":{\"83\":\"5 Minden Place, St Helier, JE2 4WQ\",\"21\":\"www.rlesarchitects.co.uk\",\"81\":\"rlesarch@gmail.com\",\"82\":\"626874\"}}', '2018-07-11 13:19:49', '2018-07-11 13:19:49', '2d593c1d-6c02-438e-9c84-f7756571df78'),
 ('149', '635', '8', '1', 'en_gb', '1', '', '{\"typeId\":null,\"authorId\":\"1\",\"title\":\"Riva Architects Ltd.\",\"slug\":\"riva-architects-ltd\",\"postDate\":1531315221,\"expiryDate\":null,\"enabled\":1,\"parentId\":null,\"fields\":{\"83\":\"Industria House, Red Houses, St Brelade, JE3 8LD\",\"21\":\"www.riva-architects.com\",\"81\":\"office@riva-architects.com\",\"82\":\"499383\"}}', '2018-07-11 13:20:21', '2018-07-11 13:20:21', 'c4a144f2-0a50-4917-9330-140986659d4f'),
 ('150', '635', '8', '1', 'en_gb', '2', '', '{\"typeId\":\"8\",\"authorId\":\"1\",\"title\":\"Riva Architects Ltd.\",\"slug\":\"riva-architects-ltd\",\"postDate\":1531315200,\"expiryDate\":null,\"enabled\":1,\"parentId\":null,\"fields\":{\"83\":\"Industria House, Red Houses, St Brelade, JE3 8LD\",\"21\":\"www.riva-architects.com\",\"81\":\"office@riva-architects.com\",\"82\":\"499383\"}}', '2018-07-11 13:22:18', '2018-07-11 13:22:18', '7883a677-a57b-43e5-8288-d6cabbd2ca4e'),
 ('151', '636', '8', '1', 'en_gb', '1', '', '{\"typeId\":null,\"authorId\":\"1\",\"title\":\"Sara Hart: Architect Limited\",\"slug\":\"sara-hart-architect-limited\",\"postDate\":1531315949,\"expiryDate\":null,\"enabled\":1,\"parentId\":null,\"fields\":{\"83\":\"La Bouque, 2 The Gables, Le Hurel, St Ouen, JE3 2LE\",\"21\":\"www.sarahart.uk\",\"81\":\"sara@sarahart.uk\",\"82\":\"733732\"}}', '2018-07-11 13:32:29', '2018-07-11 13:32:29', 'aa32dd3d-ffa8-473e-aaaf-b47450d52d10'),
 ('152', '637', '8', '1', 'en_gb', '1', '', '{\"typeId\":null,\"authorId\":\"1\",\"title\":\"TSAssociates Ltd. - Tim Skudder\",\"slug\":\"tsassociates-ltd-tim-skudder\",\"postDate\":1531315982,\"expiryDate\":null,\"enabled\":1,\"parentId\":null,\"fields\":{\"83\":\"Fisher\\u2019s Gate, Route des Laveurs, St Ouen, JE3 2FH\",\"21\":\"www.tsajersey.com\",\"81\":\"info@tsajersey.com\",\"82\":\"481743\"}}', '2018-07-11 13:33:02', '2018-07-11 13:33:02', '19186376-a5a8-4b35-8ecf-aee87212190f'),
 ('153', '638', '8', '1', 'en_gb', '1', '', '{\"typeId\":null,\"authorId\":\"1\",\"title\":\"Vesta Architecture\",\"slug\":\"vesta-architecture\",\"postDate\":1531316035,\"expiryDate\":null,\"enabled\":1,\"parentId\":null,\"fields\":{\"83\":\"Vale Lodge, Mont Fallu, St Peter, JE3 7EF\",\"21\":\"www.vestaarchitecture.co.uk\",\"81\":\"anna@vestaarchitecture.co.uk\",\"82\":\"745167\"}}', '2018-07-11 13:33:55', '2018-07-11 13:33:55', '1d17174b-27b8-4f6a-9dc7-66d5a67d58b1'),
 ('154', '639', '8', '1', 'en_gb', '1', '', '{\"typeId\":null,\"authorId\":\"1\",\"title\":\"Waddington Architects\",\"slug\":\"waddington-architects\",\"postDate\":1531316071,\"expiryDate\":null,\"enabled\":1,\"parentId\":null,\"fields\":{\"83\":\"3 St Andrew\\u2019s Place, Charing Cross, St Helier, JE2 3RP\",\"21\":\"www.waddington.je\",\"81\":\"mail@waddington.je\",\"82\":\"766788\"}}', '2018-07-11 13:34:31', '2018-07-11 13:34:31', '0b6d3010-a290-4a15-ab6a-265884fa6089'),
 ('155', '639', '8', '1', 'en_gb', '2', '', '{\"typeId\":\"8\",\"authorId\":\"1\",\"title\":\"Waddington Architects\",\"slug\":\"waddington-architects\",\"postDate\":1531316040,\"expiryDate\":null,\"enabled\":1,\"parentId\":null,\"fields\":{\"83\":\"3 St Andrew\\u2019s Place, Charing Cross, St Helier, JE2 3RP\",\"21\":\"www.waddington.je\",\"81\":\"mail@waddington.je\",\"82\":\"766788\"}}', '2018-07-11 13:34:51', '2018-07-11 13:34:51', '9aa9efe4-c282-4058-9efa-eb4746692a14'),
 ('156', '640', '8', '1', 'en_gb', '1', '', '{\"typeId\":null,\"authorId\":\"1\",\"title\":\"Wildbore Hands Ltd.\",\"slug\":\"wildbore-hands-ltd\",\"postDate\":1531316136,\"expiryDate\":null,\"enabled\":1,\"parentId\":null,\"fields\":{\"83\":\"Dou\\u00e9 House, 1B Longueville Rd, St Saviours, JE2 7SA\",\"21\":\"www.wildborehands.com\",\"81\":\"mail@wildborehands.com\",\"82\":\"605087\"}}', '2018-07-11 13:35:37', '2018-07-11 13:35:37', '695a9b3b-d83c-46a4-8bde-b630bf47abae');



DROP TABLE IF EXISTS `craft_fieldgroups`;


--
-- Schema for table `craft_fieldgroups`
--
CREATE TABLE `craft_fieldgroups` (
  `id` int(11) NOT NULL AUTO_INCREMENT,
  `name` varchar(255) COLLATE utf8_unicode_ci NOT NULL,
  `dateCreated` datetime NOT NULL,
  `dateUpdated` datetime NOT NULL,
  `uid` char(36) COLLATE utf8_unicode_ci NOT NULL DEFAULT '0',
  PRIMARY KEY (`id`),
  UNIQUE KEY `craft_fieldgroups_name_unq_idx` (`name`)
) ENGINE=InnoDB AUTO_INCREMENT=6 DEFAULT CHARSET=utf8 COLLATE=utf8_unicode_ci;

--
-- Data for table `craft_fieldgroups`
--

INSERT INTO `craft_fieldgroups` (`id`, `name`, `dateCreated`, `dateUpdated`, `uid`) VALUES
 ('1', 'Default', '2018-01-18 10:53:38', '2018-01-18 10:53:38', '12e4b222-e354-4d7d-a48b-c31eb702f637'),
 ('2', 'User', '2018-01-31 14:30:32', '2018-01-31 14:30:32', 'a405c3da-5b8f-4052-94dc-57d6c161850c'),
 ('3', 'Project', '2018-02-01 13:02:47', '2018-02-01 13:02:47', '5c4c3da1-1c3a-4699-b40c-598fe3d14d28'),
 ('4', 'Home', '2018-04-04 15:29:49', '2018-04-04 15:29:49', 'd68bfd75-0278-4bd9-af4a-faefe2c8fc4c'),
 ('5', 'Company', '2018-07-11 12:59:42', '2018-07-11 12:59:42', '454c58b0-7a9c-4c1d-ae04-b6c7560c413e');



DROP TABLE IF EXISTS `craft_fieldlayoutfields`;


--
-- Schema for table `craft_fieldlayoutfields`
--
CREATE TABLE `craft_fieldlayoutfields` (
  `id` int(11) NOT NULL AUTO_INCREMENT,
  `layoutId` int(11) NOT NULL,
  `tabId` int(11) NOT NULL,
  `fieldId` int(11) NOT NULL,
  `required` tinyint(1) unsigned NOT NULL DEFAULT '0',
  `sortOrder` smallint(6) unsigned DEFAULT NULL,
  `dateCreated` datetime NOT NULL,
  `dateUpdated` datetime NOT NULL,
  `uid` char(36) COLLATE utf8_unicode_ci NOT NULL DEFAULT '0',
  PRIMARY KEY (`id`),
  UNIQUE KEY `craft_fieldlayoutfields_layoutId_fieldId_unq_idx` (`layoutId`,`fieldId`),
  KEY `craft_fieldlayoutfields_sortOrder_idx` (`sortOrder`),
  KEY `craft_fieldlayoutfields_tabId_fk` (`tabId`),
  KEY `craft_fieldlayoutfields_fieldId_fk` (`fieldId`)
) ENGINE=InnoDB AUTO_INCREMENT=508 DEFAULT CHARSET=utf8 COLLATE=utf8_unicode_ci;

--
-- Data for table `craft_fieldlayoutfields`
--

INSERT INTO `craft_fieldlayoutfields` (`id`, `layoutId`, `tabId`, `fieldId`, `required`, `sortOrder`, `dateCreated`, `dateUpdated`, `uid`) VALUES
 ('239', '93', '85', '7', '0', '1', '2018-02-22 10:07:36', '2018-02-22 10:07:36', 'e52dcb93-8a5b-44df-b608-42b390ce36b1'),
 ('240', '94', '86', '8', '0', '1', '2018-02-22 10:07:36', '2018-02-22 10:07:36', '261a8040-5466-4fa4-bc80-202c4c2f0d48'),
 ('241', '94', '86', '9', '0', '2', '2018-02-22 10:07:36', '2018-02-22 10:07:36', '37bf05e3-c235-400d-ab6a-52e3683e9c06'),
 ('242', '94', '86', '10', '1', '3', '2018-02-22 10:07:36', '2018-02-22 10:07:36', '141e968f-c3e4-473a-8380-7c2a8ffabf61'),
 ('243', '94', '86', '11', '0', '4', '2018-02-22 10:07:36', '2018-02-22 10:07:36', '0198d38b-2bfc-434b-88b8-020ca7b951df'),
 ('244', '95', '87', '12', '0', '1', '2018-02-22 10:07:36', '2018-02-22 10:07:36', '1f6d5a00-d8d2-4598-99b6-94005205206d'),
 ('245', '95', '87', '13', '0', '2', '2018-02-22 10:07:36', '2018-02-22 10:07:36', '918a5c50-c588-4e72-a914-6a003d8fa7a6'),
 ('246', '95', '87', '15', '0', '3', '2018-02-22 10:07:36', '2018-02-22 10:07:36', '988f4b01-5690-40f8-a15d-8ba4b67de31b'),
 ('247', '95', '87', '14', '0', '4', '2018-02-22 10:07:36', '2018-02-22 10:07:36', 'bb37a1e7-cdc4-424d-bd21-ca80a367b7c4'),
 ('248', '96', '88', '35', '0', '1', '2018-02-22 10:07:36', '2018-02-22 10:07:36', '1b5cab48-1564-490e-a301-7e5b2ca00593'),
 ('374', '109', '101', '48', '0', '1', '2018-03-20 16:37:20', '2018-03-20 16:37:20', '0c607e68-1bc3-43ce-8e38-46fab5821c5d'),
 ('375', '109', '101', '18', '0', '2', '2018-03-20 16:37:20', '2018-03-20 16:37:20', '487f175b-65d0-42b5-bcc0-ec356918505f'),
 ('376', '109', '101', '19', '1', '3', '2018-03-20 16:37:20', '2018-03-20 16:37:20', 'ab49957c-441a-4b8c-bbf5-9eb2fe41dd93'),
 ('377', '109', '101', '20', '0', '4', '2018-03-20 16:37:20', '2018-03-20 16:37:20', 'daad56ac-2f27-4e55-8a97-d40a45ad7f27'),
 ('378', '109', '101', '21', '0', '5', '2018-03-20 16:37:20', '2018-03-20 16:37:20', '2dad4916-9978-414b-8b62-b19ad6d0470d'),
 ('379', '109', '101', '22', '0', '6', '2018-03-20 16:37:20', '2018-03-20 16:37:20', '7420847d-07bf-47c3-b16b-e6e52d381909'),
 ('380', '109', '101', '23', '0', '7', '2018-03-20 16:37:20', '2018-03-20 16:37:20', '47834a8b-0366-44b6-a2e4-6d4d43c82beb'),
 ('381', '109', '101', '24', '0', '8', '2018-03-20 16:37:20', '2018-03-20 16:37:20', '341e5d13-a182-4e97-bf05-cc6f91d75d78'),
 ('382', '109', '101', '26', '0', '9', '2018-03-20 16:37:20', '2018-03-20 16:37:20', '697e889a-0a55-4daf-b40a-8a025db332c7'),
 ('383', '109', '101', '27', '0', '10', '2018-03-20 16:37:20', '2018-03-20 16:37:20', '511c7149-ef73-41ec-a46e-19cfd91b8330'),
 ('384', '109', '101', '28', '0', '11', '2018-03-20 16:37:20', '2018-03-20 16:37:20', '4fd9d1b2-0f94-4419-b2f1-7e0105feb870'),
 ('385', '109', '101', '25', '0', '12', '2018-03-20 16:37:20', '2018-03-20 16:37:20', 'db83d088-1f20-4713-949b-742e01331bdc'),
 ('386', '111', '102', '39', '1', '1', '2018-04-04 14:20:46', '2018-04-04 14:20:46', 'b89a0dbc-6af7-4203-abf3-842df69052a1'),
 ('387', '111', '102', '29', '0', '2', '2018-04-04 14:20:46', '2018-04-04 14:20:46', '0cad7433-732d-4dec-bbbc-b5cbd76fd7b1'),
 ('388', '111', '102', '31', '0', '3', '2018-04-04 14:20:46', '2018-04-04 14:20:46', '7af04b8b-1f73-412f-9e22-cf357bf15d41'),
 ('389', '111', '102', '32', '0', '4', '2018-04-04 14:20:46', '2018-04-04 14:20:46', 'f8b3ef6c-61fd-4ab5-ab28-6363c1a97c7d'),
 ('390', '111', '102', '33', '0', '5', '2018-04-04 14:20:46', '2018-04-04 14:20:46', '58e4b69a-4aa6-4f75-b436-06779c157c41'),
 ('391', '111', '102', '34', '0', '6', '2018-04-04 14:20:46', '2018-04-04 14:20:46', '1db3213d-d722-44dc-906d-c1cd36df6953'),
 ('392', '111', '102', '53', '0', '7', '2018-04-04 14:20:46', '2018-04-04 14:20:46', '956f99f8-166f-425b-b860-bc3857259731'),
 ('393', '111', '102', '36', '0', '8', '2018-04-04 14:20:46', '2018-04-04 14:20:46', '1051824a-5b70-4239-a0ec-cbf5a6316c1b'),
 ('394', '111', '102', '40', '0', '9', '2018-04-04 14:20:46', '2018-04-04 14:20:46', '65502011-90d1-4737-b50b-1160df934040'),
 ('395', '111', '102', '42', '0', '10', '2018-04-04 14:20:46', '2018-04-04 14:20:46', 'c611417a-727c-44bb-b47e-8e2eea44f23d'),
 ('396', '111', '102', '43', '0', '11', '2018-04-04 14:20:46', '2018-04-04 14:20:46', '4d8ec3b4-dcb6-43c7-a371-c85a033952cd'),
 ('397', '111', '102', '44', '0', '12', '2018-04-04 14:20:46', '2018-04-04 14:20:46', '4359fe94-370a-417d-9696-3be6147d7b08'),
 ('398', '111', '102', '45', '0', '13', '2018-04-04 14:20:46', '2018-04-04 14:20:46', '4b1a5bc9-b767-409d-b206-ab7021a83c45'),
 ('399', '111', '102', '46', '0', '14', '2018-04-04 14:20:46', '2018-04-04 14:20:46', '89436c4c-9a4c-40b4-9bfe-32c8c20cea1f'),
 ('400', '111', '102', '49', '0', '15', '2018-04-04 14:20:46', '2018-04-04 14:20:46', '1eb1b136-5a5f-43bd-bf9a-615c30c13cdb'),
 ('401', '111', '102', '50', '0', '16', '2018-04-04 14:20:46', '2018-04-04 14:20:46', 'fc8f784d-dff8-4eab-8384-bad943095d1b'),
 ('402', '111', '102', '51', '0', '17', '2018-04-04 14:20:46', '2018-04-04 14:20:46', 'eb139614-9f93-45e7-9d8e-422a1336bd44'),
 ('403', '111', '102', '52', '0', '18', '2018-04-04 14:20:46', '2018-04-04 14:20:46', 'f410f8da-c931-4d5c-91f5-42a5615cc863'),
 ('404', '111', '102', '47', '0', '19', '2018-04-04 14:20:46', '2018-04-04 14:20:46', '711f1e06-370b-4927-b14b-6203dccbe357'),
 ('405', '111', '102', '4', '0', '20', '2018-04-04 14:20:46', '2018-04-04 14:20:46', '9570daaa-8aa5-4a59-9c5e-4999b6425375'),
 ('406', '112', '103', '54', '0', '1', '2018-04-04 15:31:21', '2018-04-04 15:31:21', '8fd5dfe6-8a77-4750-afa3-60f44fa02f09'),
 ('407', '112', '103', '55', '0', '2', '2018-04-04 15:31:21', '2018-04-04 15:31:21', '9ea869a4-7661-4a3c-8842-533d066ce68d'),
 ('408', '112', '103', '56', '0', '3', '2018-04-04 15:31:21', '2018-04-04 15:31:21', 'f7302952-3d7c-4dcb-a37a-76ca030f471c'),
 ('409', '112', '103', '57', '0', '4', '2018-04-04 15:31:21', '2018-04-04 15:31:21', 'f6716b04-03c4-4bc5-a6e6-8e81ee07ee03'),
 ('412', '115', '106', '39', '1', '1', '2018-04-10 08:50:22', '2018-04-10 08:50:22', 'bc7d6d24-cfaa-4f1c-b0da-d6e335e22dd1'),
 ('413', '115', '106', '58', '0', '2', '2018-04-10 08:50:22', '2018-04-10 08:50:22', '4acddcb2-baf9-498f-9200-e101b57b4ea4'),
 ('414', '115', '106', '2', '0', '3', '2018-04-10 08:50:22', '2018-04-10 08:50:22', 'd4df8e5e-4c2f-45e6-b10b-0a3d9d69b913'),
 ('459', '145', '133', '59', '0', '1', '2018-04-10 10:24:25', '2018-04-10 10:24:25', '5741041a-7e39-4a94-88dc-259f11c0312a'),
 ('460', '146', '134', '60', '0', '1', '2018-04-10 10:24:25', '2018-04-10 10:24:25', '47cdcb80-0790-46f4-a419-60d1a10c5452'),
 ('461', '147', '135', '61', '0', '1', '2018-04-10 10:24:25', '2018-04-10 10:24:25', 'b86c5655-1978-41f0-b1e6-2109bfb6aa4b'),
 ('470', '150', '138', '39', '0', '1', '2018-04-10 10:27:58', '2018-04-10 10:27:58', '51a69507-bc3a-457f-9bab-a82ca5f65643'),
 ('471', '150', '138', '69', '0', '2', '2018-04-10 10:27:58', '2018-04-10 10:27:58', 'a5ba7665-2b36-4f33-aac0-144e0d597679'),
 ('472', '151', '139', '39', '0', '1', '2018-04-10 10:28:07', '2018-04-10 10:28:07', 'e2e4e83f-3ed4-415a-b8ac-0fea5a526700'),
 ('473', '151', '139', '69', '0', '2', '2018-04-10 10:28:07', '2018-04-10 10:28:07', '7b82a5ef-9084-49bd-9711-6146065be99a'),
 ('493', '160', '146', '70', '0', '1', '2018-07-11 09:27:24', '2018-07-11 09:27:24', 'fee4bfa9-da1c-4bbd-8a82-af9dd2ee09b0'),
 ('494', '160', '146', '71', '0', '2', '2018-07-11 09:27:24', '2018-07-11 09:27:24', '015a33d5-524e-4292-b636-81684f885245'),
 ('495', '160', '146', '72', '0', '3', '2018-07-11 09:27:24', '2018-07-11 09:27:24', 'e086c90c-85ac-4d39-b584-e8757556afa1'),
 ('496', '160', '146', '73', '0', '4', '2018-07-11 09:27:24', '2018-07-11 09:27:24', '2f362ec1-255b-4d8f-9d8d-88296f6780bd'),
 ('497', '160', '146', '74', '0', '5', '2018-07-11 09:27:24', '2018-07-11 09:27:24', 'b61bc63e-4428-48ca-9c93-1a440f001d00'),
 ('498', '160', '146', '79', '0', '6', '2018-07-11 09:27:24', '2018-07-11 09:27:24', '4ec86b43-e314-419f-a174-a71ade214abc'),
 ('499', '161', '147', '75', '0', '1', '2018-07-11 09:27:24', '2018-07-11 09:27:24', '38e1d1fc-f3e8-4911-8660-d63c84cee193'),
 ('500', '161', '147', '76', '0', '2', '2018-07-11 09:27:24', '2018-07-11 09:27:24', 'cbd8b9c7-b7dc-4dd6-bb82-99011239207d'),
 ('501', '161', '147', '77', '0', '3', '2018-07-11 09:27:24', '2018-07-11 09:27:24', '6e90b59f-f09f-4283-aff8-c67fda740b41'),
 ('502', '162', '148', '78', '0', '1', '2018-07-11 09:27:24', '2018-07-11 09:27:24', 'a2e9e95a-0b17-4ae7-8243-b7768f7a45ea'),
 ('503', '164', '149', '80', '0', '1', '2018-07-11 10:25:51', '2018-07-11 10:25:51', 'e28fabaa-d89a-4251-84e0-ba9264fe4981'),
 ('504', '166', '150', '81', '0', '1', '2018-07-11 13:01:36', '2018-07-11 13:01:36', 'a98f144e-62c7-4a37-a83d-a55cb8433a1a'),
 ('505', '166', '150', '82', '0', '2', '2018-07-11 13:01:36', '2018-07-11 13:01:36', '72acd967-c6ce-44de-9c9a-ec87753b99a4'),
 ('506', '166', '150', '83', '0', '3', '2018-07-11 13:01:36', '2018-07-11 13:01:36', '6ffe8d88-909f-4875-be3d-58c2aa142885'),
 ('507', '166', '150', '21', '0', '4', '2018-07-11 13:01:36', '2018-07-11 13:01:36', '75c43af1-5acb-4230-855f-ac5254b094d3');



DROP TABLE IF EXISTS `craft_fieldlayouts`;


--
-- Schema for table `craft_fieldlayouts`
--
CREATE TABLE `craft_fieldlayouts` (
  `id` int(11) NOT NULL AUTO_INCREMENT,
  `type` varchar(150) COLLATE utf8_unicode_ci NOT NULL,
  `dateCreated` datetime NOT NULL,
  `dateUpdated` datetime NOT NULL,
  `uid` char(36) COLLATE utf8_unicode_ci NOT NULL DEFAULT '0',
  PRIMARY KEY (`id`),
  KEY `craft_fieldlayouts_type_idx` (`type`)
) ENGINE=InnoDB AUTO_INCREMENT=167 DEFAULT CHARSET=utf8 COLLATE=utf8_unicode_ci;

--
-- Data for table `craft_fieldlayouts`
--

INSERT INTO `craft_fieldlayouts` (`id`, `type`, `dateCreated`, `dateUpdated`, `uid`) VALUES
 ('1', 'Tag', '2018-01-18 10:53:38', '2018-01-18 10:53:38', 'abb117d9-5d3a-455e-8bf5-ac0513def2c7'),
 ('9', 'Asset', '2018-01-30 11:06:56', '2018-01-30 11:06:56', '47ae5f18-dc08-4d2b-aba5-02cd3a085c5b'),
 ('90', 'Category', '2018-02-21 12:04:50', '2018-02-21 12:04:50', 'e7ed2996-8689-4fdd-b844-74062ba7666b'),
 ('93', 'MatrixBlock', '2018-02-22 10:07:36', '2018-02-22 10:07:36', '83b2ddbb-84a9-48f6-aeb4-2fc452ea72cc'),
 ('94', 'MatrixBlock', '2018-02-22 10:07:36', '2018-02-22 10:07:36', 'f0d7d05b-7bc4-401e-b4df-dd4e5279e87e'),
 ('95', 'MatrixBlock', '2018-02-22 10:07:36', '2018-02-22 10:07:36', 'cdf35385-5eff-4ef7-bbd0-28c8138b8023'),
 ('96', 'MatrixBlock', '2018-02-22 10:07:36', '2018-02-22 10:07:36', 'd3a236f7-6f92-41ce-a0b5-c9c251431d10'),
 ('109', 'User', '2018-03-20 16:37:20', '2018-03-20 16:37:20', '2c4cb11b-57be-43a7-a871-bea08460c681'),
 ('111', 'Entry', '2018-04-04 14:20:46', '2018-04-04 14:20:46', '90c9efdb-156c-4c74-aace-5b00897da092'),
 ('112', 'Entry', '2018-04-04 15:31:20', '2018-04-04 15:31:20', '90d282f3-6aa0-4ec1-a711-9be000e4c7ce'),
 ('115', 'Entry', '2018-04-10 08:50:22', '2018-04-10 08:50:22', 'b2fc2786-6d19-49af-884e-0974c73965d6'),
 ('145', 'MatrixBlock', '2018-04-10 10:24:25', '2018-04-10 10:24:25', 'fa7f20b4-bef0-46b5-8156-ea9781addb58'),
 ('146', 'MatrixBlock', '2018-04-10 10:24:25', '2018-04-10 10:24:25', 'fd89cbfe-6c25-49d6-8ec9-078e449dc0f8'),
 ('147', 'MatrixBlock', '2018-04-10 10:24:25', '2018-04-10 10:24:25', '4736f7fe-17cd-4d48-9693-0c2faf48661e'),
 ('150', 'Entry', '2018-04-10 10:27:58', '2018-04-10 10:27:58', 'a4204a4c-3738-4aae-8f8a-d779e43c2093'),
 ('151', 'Entry', '2018-04-10 10:28:07', '2018-04-10 10:28:07', '3166af03-1cc0-4187-ba5f-1dc0f05551c8'),
 ('156', 'Asset', '2018-07-11 08:47:01', '2018-07-11 08:47:01', '43a871bc-5df4-42ec-9cd8-805c573e4627'),
 ('160', 'MatrixBlock', '2018-07-11 09:27:24', '2018-07-11 09:27:24', '72e0ac97-90b5-484e-9496-31531ec4fadd'),
 ('161', 'MatrixBlock', '2018-07-11 09:27:24', '2018-07-11 09:27:24', 'd35e6bb0-b726-4c0b-8928-71784dc5bff1'),
 ('162', 'MatrixBlock', '2018-07-11 09:27:24', '2018-07-11 09:27:24', '31977f0d-ae9d-43b5-8106-2c1b8225ff95'),
 ('164', 'Entry', '2018-07-11 10:25:51', '2018-07-11 10:25:51', '95f60c97-080b-4494-adfb-125b92966713'),
 ('166', 'Entry', '2018-07-11 13:01:36', '2018-07-11 13:01:36', '2da2f241-630e-4d6c-bbc0-74d1c8d114b5');



DROP TABLE IF EXISTS `craft_fieldlayouttabs`;


--
-- Schema for table `craft_fieldlayouttabs`
--
CREATE TABLE `craft_fieldlayouttabs` (
  `id` int(11) NOT NULL AUTO_INCREMENT,
  `layoutId` int(11) NOT NULL,
  `name` varchar(255) COLLATE utf8_unicode_ci NOT NULL,
  `sortOrder` smallint(6) unsigned DEFAULT NULL,
  `dateCreated` datetime NOT NULL,
  `dateUpdated` datetime NOT NULL,
  `uid` char(36) COLLATE utf8_unicode_ci NOT NULL DEFAULT '0',
  PRIMARY KEY (`id`),
  KEY `craft_fieldlayouttabs_sortOrder_idx` (`sortOrder`),
  KEY `craft_fieldlayouttabs_layoutId_fk` (`layoutId`)
) ENGINE=InnoDB AUTO_INCREMENT=151 DEFAULT CHARSET=utf8 COLLATE=utf8_unicode_ci;

--
-- Data for table `craft_fieldlayouttabs`
--

INSERT INTO `craft_fieldlayouttabs` (`id`, `layoutId`, `name`, `sortOrder`, `dateCreated`, `dateUpdated`, `uid`) VALUES
 ('85', '93', 'Content', '1', '2018-02-22 10:07:36', '2018-02-22 10:07:36', 'ad9f0f49-631d-44b2-ac23-21e6eb649b8c'),
 ('86', '94', 'Content', '1', '2018-02-22 10:07:36', '2018-02-22 10:07:36', '9258e637-aada-4d1e-9937-66d1be319549'),
 ('87', '95', 'Content', '1', '2018-02-22 10:07:36', '2018-02-22 10:07:36', 'a55cd1d6-b899-41cb-9c21-f811a2f6d38d'),
 ('88', '96', 'Content', '1', '2018-02-22 10:07:36', '2018-02-22 10:07:36', 'fa3692fc-b7fc-44c0-bfe1-8aa7eb75ee49'),
 ('101', '109', 'Profile', '1', '2018-03-20 16:37:20', '2018-03-20 16:37:20', '3828de37-3675-43f5-912a-42d75ce3fc1f'),
 ('102', '111', 'Tab 1', '1', '2018-04-04 14:20:46', '2018-04-04 14:20:46', 'e58c9f00-a9b3-4a90-8d44-c30360b276eb'),
 ('103', '112', 'Tab 1', '1', '2018-04-04 15:31:21', '2018-04-04 15:31:21', 'b5cb1a86-b4f0-4f09-b372-d95fa5df3712'),
 ('106', '115', 'Content', '1', '2018-04-10 08:50:22', '2018-04-10 08:50:22', '060a5adf-f579-4638-94da-c4e65c2fe03b'),
 ('133', '145', 'Content', '1', '2018-04-10 10:24:25', '2018-04-10 10:24:25', 'a12c908d-76e1-4ac4-a16a-30c9c9584fea'),
 ('134', '146', 'Content', '1', '2018-04-10 10:24:25', '2018-04-10 10:24:25', '2e76b202-3ded-4cd9-9347-c8fac1ae2dfa'),
 ('135', '147', 'Content', '1', '2018-04-10 10:24:25', '2018-04-10 10:24:25', '5fd3b0b7-4801-4657-8702-26c6d65998ec'),
 ('138', '150', 'Tab 1', '1', '2018-04-10 10:27:58', '2018-04-10 10:27:58', '0117f895-9ca6-4ffa-9c62-0b0761051f6b'),
 ('139', '151', 'Tab 1', '1', '2018-04-10 10:28:07', '2018-04-10 10:28:07', '56a7f115-ac35-4236-8e34-cc97a21d423f'),
 ('146', '160', 'Content', '1', '2018-07-11 09:27:24', '2018-07-11 09:27:24', '9470dc53-6747-4132-9033-922197998960'),
 ('147', '161', 'Content', '1', '2018-07-11 09:27:24', '2018-07-11 09:27:24', '9394c17e-eb32-4e71-9343-79a550025939'),
 ('148', '162', 'Content', '1', '2018-07-11 09:27:24', '2018-07-11 09:27:24', 'd4ebcf1e-31d7-4901-bfca-ffb5cb1c7746'),
 ('149', '164', 'Tab 1', '1', '2018-07-11 10:25:51', '2018-07-11 10:25:51', '27080ded-0263-4e3c-b9a6-09aa42423e61'),
 ('150', '166', 'Tab 1', '1', '2018-07-11 13:01:36', '2018-07-11 13:01:36', '4e5765b6-1af7-4406-b054-6e384bf883f7');



DROP TABLE IF EXISTS `craft_fields`;


--
-- Schema for table `craft_fields`
--
CREATE TABLE `craft_fields` (
  `id` int(11) NOT NULL AUTO_INCREMENT,
  `groupId` int(11) DEFAULT NULL,
  `name` varchar(255) COLLATE utf8_unicode_ci NOT NULL,
  `handle` varchar(58) COLLATE utf8_unicode_ci NOT NULL,
  `context` varchar(255) COLLATE utf8_unicode_ci NOT NULL DEFAULT 'global',
  `instructions` text COLLATE utf8_unicode_ci,
  `translatable` tinyint(1) unsigned NOT NULL DEFAULT '0',
  `type` varchar(150) COLLATE utf8_unicode_ci NOT NULL,
  `settings` text COLLATE utf8_unicode_ci,
  `dateCreated` datetime NOT NULL,
  `dateUpdated` datetime NOT NULL,
  `uid` char(36) COLLATE utf8_unicode_ci NOT NULL DEFAULT '0',
  PRIMARY KEY (`id`),
  UNIQUE KEY `craft_fields_handle_context_unq_idx` (`handle`,`context`),
  KEY `craft_fields_context_idx` (`context`),
  KEY `craft_fields_groupId_fk` (`groupId`)
) ENGINE=InnoDB AUTO_INCREMENT=84 DEFAULT CHARSET=utf8 COLLATE=utf8_unicode_ci;

--
-- Data for table `craft_fields`
--

INSERT INTO `craft_fields` (`id`, `groupId`, `name`, `handle`, `context`, `instructions`, `translatable`, `type`, `settings`, `dateCreated`, `dateUpdated`, `uid`) VALUES
 ('1', '1', 'Body', 'body', 'global', NULL, '1', 'RichText', '{\"configFile\":\"Standard.json\",\"columnType\":\"text\"}', '2018-01-18 10:53:39', '2018-01-18 10:53:39', 'c83df057-e675-45f7-801d-47fd108be1d8'),
 ('2', '1', 'Tags', 'tags', 'global', NULL, '0', 'Tags', '{\"source\":\"taggroup:1\"}', '2018-01-18 10:53:40', '2018-01-18 10:53:40', 'ab56102b-83d1-4787-98ed-ed6674a65cc5'),
 ('4', '1', 'Project Content', 'projectContent', 'global', '', '0', 'Matrix', '{\"maxBlocks\":null}', '2018-01-30 12:31:13', '2018-02-22 10:07:36', 'd8b53d61-7274-4232-8028-05342f02f9e7'),
 ('7', NULL, 'Images', 'images', 'matrixBlockType:2', '', '0', 'Assets', '{\"useSingleFolder\":\"1\",\"sources\":\"*\",\"defaultUploadLocationSource\":\"1\",\"defaultUploadLocationSubpath\":\"\",\"singleUploadLocationSource\":\"1\",\"singleUploadLocationSubpath\":\"{owner.slug}\",\"restrictFiles\":\"1\",\"allowedKinds\":[\"image\"],\"limit\":\"\",\"viewMode\":\"list\",\"selectionLabel\":\"\"}', '2018-01-30 13:25:46', '2018-02-22 10:07:36', '7dd89a96-f6b5-485e-a049-afa5a72741d8'),
 ('8', NULL, 'Youtube Url', 'youtubeUrl', 'matrixBlockType:3', '', '0', 'PlainText', '{\"placeholder\":\"\",\"maxLength\":\"\",\"multiline\":\"\",\"initialRows\":\"4\"}', '2018-01-30 14:40:40', '2018-02-22 10:07:36', '90bb1fc4-bc2e-47e2-a117-1ec54c06ea1c'),
 ('9', NULL, 'Vimeo Url', 'vimeoUrl', 'matrixBlockType:3', '', '0', 'PlainText', '{\"placeholder\":\"\",\"maxLength\":\"\",\"multiline\":\"\",\"initialRows\":\"4\"}', '2018-01-30 14:40:40', '2018-02-22 10:07:36', 'da3507d2-bdcd-47b7-8916-2fc34754eef4'),
 ('10', NULL, 'Video Poster', 'videoPoster', 'matrixBlockType:3', '', '0', 'Assets', '{\"useSingleFolder\":\"1\",\"sources\":\"*\",\"defaultUploadLocationSource\":\"1\",\"defaultUploadLocationSubpath\":\"\",\"singleUploadLocationSource\":\"1\",\"singleUploadLocationSubpath\":\"{owner.slug}\",\"restrictFiles\":\"\",\"limit\":\"\",\"viewMode\":\"list\",\"selectionLabel\":\"\"}', '2018-01-30 14:44:20', '2018-02-22 10:07:36', '96a4e5b7-b1c5-45bb-8b18-bfdd09ad5472'),
 ('11', NULL, 'Credits', 'credits', 'matrixBlockType:3', '', '0', 'Table', '{\"columns\":{\"col1\":{\"heading\":\"Heading\",\"handle\":\"heading\",\"width\":\"\",\"type\":\"singleline\"},\"col2\":{\"heading\":\"Credit\",\"handle\":\"credit\",\"width\":\"\",\"type\":\"singleline\"}},\"defaults\":{\"row1\":{\"col1\":\"\",\"col2\":\"\"}}}', '2018-01-30 16:33:16', '2018-02-22 10:07:36', 'e32d27f2-70a8-4e64-8af5-7df92eac54df'),
 ('12', NULL, 'Quote', 'quote', 'matrixBlockType:4', '', '0', 'PlainText', '{\"placeholder\":\"\",\"maxLength\":\"\",\"multiline\":\"\",\"initialRows\":\"4\"}', '2018-01-30 16:39:27', '2018-02-22 10:07:36', '1d155a70-c035-4e1f-a50a-2e5d680a3aef'),
 ('13', NULL, 'Quoter', 'quoter', 'matrixBlockType:4', '', '0', 'PlainText', '{\"placeholder\":\"\",\"maxLength\":\"\",\"multiline\":\"\",\"initialRows\":\"4\"}', '2018-01-30 16:39:27', '2018-02-22 10:07:36', 'cf13ff61-13b0-44a8-b731-fe758958575c'),
 ('14', NULL, 'Image', 'image', 'matrixBlockType:4', '', '0', 'Assets', '{\"useSingleFolder\":\"1\",\"sources\":\"*\",\"defaultUploadLocationSource\":\"1\",\"defaultUploadLocationSubpath\":\"\",\"singleUploadLocationSource\":\"1\",\"singleUploadLocationSubpath\":\"{owner.slug}\",\"restrictFiles\":\"1\",\"allowedKinds\":[\"image\"],\"limit\":\"\",\"viewMode\":\"list\",\"selectionLabel\":\"\"}', '2018-01-30 16:39:27', '2018-02-22 10:07:36', '0e02e8eb-6816-4e98-948f-1101b55115ec'),
 ('15', NULL, 'Quoter Position', 'quoterPosition', 'matrixBlockType:4', '', '0', 'PlainText', '{\"placeholder\":\"\",\"maxLength\":\"\",\"multiline\":\"\",\"initialRows\":\"4\"}', '2018-01-31 09:33:25', '2018-02-22 10:07:36', '6122fb02-6124-42c7-8462-32b63894a607'),
 ('18', '2', 'AJA Membership No', 'ajaMembershipNo', 'global', '', '0', 'PlainText', '{\"placeholder\":\"\",\"maxLength\":\"\",\"multiline\":\"\",\"initialRows\":\"4\"}', '2018-01-31 14:47:26', '2018-01-31 14:47:26', '48f6a1c9-f590-4364-9252-446374f54cc4'),
 ('19', '2', 'ARB Membership No', 'arbMembershipNo', 'global', '', '0', 'PlainText', '{\"placeholder\":\"\",\"maxLength\":\"\",\"multiline\":\"\",\"initialRows\":\"4\"}', '2018-01-31 14:59:19', '2018-01-31 15:01:03', 'de8f195e-c8ff-4aee-935f-78c39fc2fc64'),
 ('20', '2', 'RIBA Membership No', 'ribaMembershipNo', 'global', '', '0', 'PlainText', '{\"placeholder\":\"\",\"maxLength\":\"\",\"multiline\":\"\",\"initialRows\":\"4\"}', '2018-01-31 15:01:48', '2018-01-31 15:01:48', '3648a01e-07f3-47ab-a8cb-5a1158cbcded'),
 ('21', '2', 'Company Website', 'companyWebsite', 'global', '', '0', 'PlainText', '{\"placeholder\":\"\",\"maxLength\":\"\",\"multiline\":\"\",\"initialRows\":\"4\"}', '2018-01-31 15:08:50', '2018-01-31 16:48:14', '372dfbac-e831-44d3-aab3-1fbbe8be758f'),
 ('22', '2', 'Phone number', 'phoneNumber', 'global', '', '0', 'PlainText', '{\"placeholder\":\"\",\"maxLength\":\"\",\"multiline\":\"\",\"initialRows\":\"4\"}', '2018-01-31 15:09:02', '2018-01-31 15:09:02', '7a46edea-e2f1-4e4b-b66f-cf3c86473e57'),
 ('23', '2', 'Personal profile', 'personalProfile', 'global', '', '0', 'PlainText', '{\"placeholder\":\"\",\"maxLength\":\"1100\",\"multiline\":\"1\",\"initialRows\":\"4\"}', '2018-01-31 15:09:44', '2018-01-31 15:35:42', '60cbcfd0-440e-4ac4-a27a-083e7600b6a3'),
 ('24', '2', 'Facebook link', 'facebookLink', 'global', '', '0', 'PlainText', '{\"placeholder\":\"\",\"maxLength\":\"\",\"multiline\":\"\",\"initialRows\":\"4\"}', '2018-01-31 15:10:57', '2018-01-31 15:10:57', '63cc3c28-e2cd-4737-afbe-0f07c68962c0'),
 ('25', '2', 'Twitter link', 'twitterLink', 'global', '', '0', 'PlainText', '{\"placeholder\":\"\",\"maxLength\":\"\",\"multiline\":\"\",\"initialRows\":\"4\"}', '2018-01-31 15:11:07', '2018-01-31 15:11:07', 'd0e8e74e-802e-4940-aedc-4ad78cf64d7d'),
 ('26', '2', 'Instagram Link', 'instagramLink', 'global', '', '0', 'PlainText', '{\"placeholder\":\"\",\"maxLength\":\"\",\"multiline\":\"\",\"initialRows\":\"4\"}', '2018-01-31 15:11:28', '2018-01-31 15:11:28', 'f5ded1f5-2243-4082-ad55-a9dbe2270993'),
 ('27', '2', 'Linkedin Link', 'linkedinLink', 'global', '', '0', 'PlainText', '{\"placeholder\":\"\",\"maxLength\":\"\",\"multiline\":\"\",\"initialRows\":\"4\"}', '2018-01-31 15:11:46', '2018-01-31 15:11:46', '14b81c3d-50a7-48c2-a024-e5a9e40ec487'),
 ('28', '2', 'Pinterest link', 'pinterestLink', 'global', '', '0', 'PlainText', '{\"placeholder\":\"\",\"maxLength\":\"\",\"multiline\":\"\",\"initialRows\":\"4\"}', '2018-01-31 15:12:00', '2018-01-31 15:12:00', '8ab3e56d-62e2-424e-bb95-88fb3d91b478'),
 ('29', '3', 'Company', 'company', 'global', '', '0', 'PlainText', '{\"placeholder\":\"\",\"maxLength\":\"\",\"multiline\":\"\",\"initialRows\":\"4\"}', '2018-02-01 13:03:07', '2018-02-01 13:03:07', '0dec37d8-9f65-4113-9216-3067147414d0'),
 ('31', '3', 'Location', 'location', 'global', '', '0', 'PlainText', '{\"placeholder\":\"\",\"maxLength\":\"\",\"multiline\":\"\",\"initialRows\":\"4\"}', '2018-02-01 13:03:21', '2018-02-01 13:03:21', '854c48a3-2ae6-4791-bd74-27c6018f8ae3'),
 ('32', '3', 'Website', 'website', 'global', '', '0', 'PlainText', '{\"placeholder\":\"\",\"maxLength\":\"\",\"multiline\":\"\",\"initialRows\":\"4\"}', '2018-02-01 13:03:30', '2018-02-01 13:03:30', 'efc749fb-f686-4601-861f-91c490626257'),
 ('33', '3', 'Architect', 'architect', 'global', '', '0', 'PlainText', '{\"placeholder\":\"\",\"maxLength\":\"\",\"multiline\":\"\",\"initialRows\":\"4\"}', '2018-02-01 13:03:41', '2018-02-01 13:03:41', 'c2836a73-b078-4646-b32e-bf7c4da0cece'),
 ('34', '3', 'Abstract', 'abstract', 'global', '', '0', 'PlainText', '{\"placeholder\":\"\",\"maxLength\":\"180\",\"multiline\":\"\",\"initialRows\":\"4\"}', '2018-02-01 15:33:18', '2018-02-05 11:15:47', '1a38155b-ba42-4196-9973-f93201948a1c'),
 ('35', NULL, 'Images', 'images', 'matrixBlockType:5', '', '0', 'Assets', '{\"useSingleFolder\":\"1\",\"sources\":\"*\",\"defaultUploadLocationSource\":\"1\",\"defaultUploadLocationSubpath\":\"\",\"singleUploadLocationSource\":\"1\",\"singleUploadLocationSubpath\":\"{owner.slug}\",\"restrictFiles\":\"\",\"limit\":\"\",\"viewMode\":\"list\",\"selectionLabel\":\"\"}', '2018-02-05 09:44:21', '2018-02-22 10:07:36', '3e3cdcbf-a060-47b4-a24d-cbec4609fb69'),
 ('36', '1', 'Square Slider', 'squareSlider', 'global', '', '0', 'Assets', '{\"useSingleFolder\":\"1\",\"sources\":\"*\",\"defaultUploadLocationSource\":\"1\",\"defaultUploadLocationSubpath\":\"\",\"singleUploadLocationSource\":\"1\",\"singleUploadLocationSubpath\":\"{slug}\",\"restrictFiles\":\"\",\"limit\":\"\",\"viewMode\":\"list\",\"selectionLabel\":\"\"}', '2018-02-09 09:42:13', '2018-02-22 10:06:25', '4e770935-f37a-4e4d-ba72-eef4a47f9b2e'),
 ('39', '1', 'Heading Image', 'headingImage', 'global', '', '0', 'Assets', '{\"useSingleFolder\":\"1\",\"sources\":\"*\",\"defaultUploadLocationSource\":\"1\",\"defaultUploadLocationSubpath\":\"\",\"singleUploadLocationSource\":\"1\",\"singleUploadLocationSubpath\":\"{slug}\",\"restrictFiles\":\"1\",\"allowedKinds\":[\"image\"],\"limit\":\"1\",\"viewMode\":\"list\",\"selectionLabel\":\"\"}', '2018-02-22 10:04:32', '2018-02-22 10:06:17', '716d11a2-9774-41f3-af76-abebdbb9be88'),
 ('40', '1', 'Image Grid', 'imageGrid', 'global', '', '0', 'Assets', '{\"useSingleFolder\":\"1\",\"sources\":\"*\",\"defaultUploadLocationSource\":\"1\",\"defaultUploadLocationSubpath\":\"\",\"singleUploadLocationSource\":\"1\",\"singleUploadLocationSubpath\":\"{slug}\",\"restrictFiles\":\"\",\"limit\":\"\",\"viewMode\":\"list\",\"selectionLabel\":\"\"}', '2018-02-23 10:09:53', '2018-02-23 10:09:53', '4ff6ef10-0292-45f5-9d48-e21baec6f4fb'),
 ('41', '1', 'Leading Paragraph', 'leadingParagraph', 'global', '', '0', 'PlainText', '{\"placeholder\":\"\",\"maxLength\":\"\",\"multiline\":\"\",\"initialRows\":\"4\"}', '2018-02-26 16:47:53', '2018-02-26 16:47:53', 'fef3d5b0-89b7-4ae3-b6ca-cb7c8243dbda'),
 ('42', '3', 'Youtube Url', 'youtubeUrl', 'global', '', '0', 'PlainText', '{\"placeholder\":\"\",\"maxLength\":\"\",\"multiline\":\"\",\"initialRows\":\"4\"}', '2018-02-27 14:55:40', '2018-02-27 14:55:40', 'db426183-c5c8-43b4-ba50-af10f553603f'),
 ('43', '3', 'Quote', 'quote', 'global', '', '0', 'PlainText', '{\"placeholder\":\"\",\"maxLength\":\"\",\"multiline\":\"\",\"initialRows\":\"4\"}', '2018-02-27 15:01:56', '2018-02-27 15:01:56', '30ec021f-3848-44a0-a171-859e9031c0a3'),
 ('44', '3', 'Quote Name', 'quoteName', 'global', '', '0', 'PlainText', '{\"placeholder\":\"\",\"maxLength\":\"\",\"multiline\":\"\",\"initialRows\":\"4\"}', '2018-02-27 15:02:48', '2018-02-27 15:02:48', '1a1fe23a-fcd7-41e0-a989-62cec6c7e745'),
 ('45', '3', 'Quote Position', 'quotePosition', 'global', '', '0', 'PlainText', '{\"placeholder\":\"\",\"maxLength\":\"\",\"multiline\":\"\",\"initialRows\":\"4\"}', '2018-02-27 15:03:02', '2018-02-27 15:03:02', '030f67af-ac93-468a-938d-e8354603c4d8'),
 ('46', '1', 'Quote Image', 'quoteImage', 'global', '', '0', 'Assets', '{\"useSingleFolder\":\"\",\"sources\":\"*\",\"defaultUploadLocationSource\":\"1\",\"defaultUploadLocationSubpath\":\"\",\"singleUploadLocationSource\":\"1\",\"singleUploadLocationSubpath\":\"\",\"restrictFiles\":\"1\",\"allowedKinds\":[\"image\"],\"limit\":\"1\",\"viewMode\":\"list\",\"selectionLabel\":\"\"}', '2018-03-01 09:53:06', '2018-03-01 09:53:06', '78bce1e3-98af-4099-9e0a-d9d7a96b3f24'),
 ('47', '1', 'Full Width Slider', 'fullWidthSlider', 'global', '', '0', 'Assets', '{\"useSingleFolder\":\"1\",\"sources\":\"*\",\"defaultUploadLocationSource\":\"1\",\"defaultUploadLocationSubpath\":\"\",\"singleUploadLocationSource\":\"1\",\"singleUploadLocationSubpath\":\"{slug}\",\"restrictFiles\":\"1\",\"allowedKinds\":[\"image\"],\"limit\":\"\",\"viewMode\":\"list\",\"selectionLabel\":\"\"}', '2018-03-05 16:13:15', '2018-03-05 16:13:15', '41c4c74a-8340-4a97-b0c2-93e84ba1a5b7'),
 ('48', '1', 'Profile Photo', 'profilePhoto', 'global', '', '0', 'Assets', '{\"useSingleFolder\":\"\",\"sources\":\"*\",\"defaultUploadLocationSource\":\"1\",\"defaultUploadLocationSubpath\":\"\",\"singleUploadLocationSource\":\"1\",\"singleUploadLocationSubpath\":\"\",\"restrictFiles\":\"1\",\"allowedKinds\":[\"image\"],\"limit\":\"1\",\"viewMode\":\"list\",\"selectionLabel\":\"\"}', '2018-03-12 10:00:19', '2018-03-12 10:20:18', '2fc1db17-9ab2-45e8-b42c-10de6e52783f'),
 ('49', '3', 'Second Quote', 'secondQuote', 'global', '', '0', 'PlainText', '{\"placeholder\":\"\",\"maxLength\":\"\",\"multiline\":\"\",\"initialRows\":\"4\"}', '2018-03-13 15:03:36', '2018-03-13 15:03:36', '24638b9d-8c69-4fad-b00d-0a283aa7a177'),
 ('50', '3', 'Second Quote Name', 'secondQuoteName', 'global', '', '0', 'PlainText', '{\"placeholder\":\"\",\"maxLength\":\"\",\"multiline\":\"\",\"initialRows\":\"4\"}', '2018-03-13 15:03:44', '2018-03-13 15:03:44', 'b5467d61-2a39-42e6-b428-315555677261'),
 ('51', '3', 'Second Quote Position', 'secondQuotePosition', 'global', '', '0', 'PlainText', '{\"placeholder\":\"\",\"maxLength\":\"\",\"multiline\":\"\",\"initialRows\":\"4\"}', '2018-03-13 15:03:57', '2018-03-13 15:03:57', '14e04b39-6ae4-4a0a-85ae-223dfffae7c8'),
 ('52', '3', 'Second Quote Image', 'secondQuoteImage', 'global', '', '0', 'Assets', '{\"useSingleFolder\":\"1\",\"sources\":\"*\",\"defaultUploadLocationSource\":\"1\",\"defaultUploadLocationSubpath\":\"{slug}\",\"singleUploadLocationSource\":\"1\",\"singleUploadLocationSubpath\":\"\",\"restrictFiles\":\"1\",\"allowedKinds\":[\"image\"],\"limit\":\"1\",\"viewMode\":\"list\",\"selectionLabel\":\"\"}', '2018-03-13 15:04:31', '2018-03-13 15:04:31', 'ee23c5b9-6672-4c7e-9cf1-10ad9146be5e'),
 ('53', '1', 'Property Categories', 'propertyCategories', 'global', '', '0', 'Categories', '{\"source\":\"group:1\",\"limit\":\"\",\"selectionLabel\":\"\"}', '2018-04-04 14:20:05', '2018-04-04 14:20:05', '7707a1be-508f-45d4-9541-1f695433a061'),
 ('54', '4', 'First Heading', 'firstHeading', 'global', '', '0', 'PlainText', '{\"placeholder\":\"\",\"maxLength\":\"\",\"multiline\":\"\",\"initialRows\":\"4\"}', '2018-04-04 15:29:58', '2018-04-04 15:29:58', 'bc739a87-f0d8-47f8-88d0-3e85b567176d'),
 ('55', '4', 'Second Heading', 'secondHeading', 'global', '', '0', 'PlainText', '{\"placeholder\":\"\",\"maxLength\":\"\",\"multiline\":\"\",\"initialRows\":\"4\"}', '2018-04-04 15:30:18', '2018-04-04 15:30:18', '1832884f-983f-4bd1-80a8-8a57d9af1eaf'),
 ('56', '4', 'Third Heading', 'thirdHeading', 'global', '', '0', 'PlainText', '{\"placeholder\":\"\",\"maxLength\":\"\",\"multiline\":\"\",\"initialRows\":\"4\"}', '2018-04-04 15:30:25', '2018-04-04 15:30:25', 'd9fa8ed2-6cf1-4970-82da-e682175169cd'),
 ('57', '4', 'Third Paragraph', 'thirdParagraph', 'global', '', '0', 'RichText', '{\"configFile\":\"Simple.json\",\"availableAssetSources\":\"*\",\"availableTransforms\":\"*\",\"cleanupHtml\":\"1\",\"purifyHtml\":\"1\",\"purifierConfig\":\"\",\"columnType\":\"text\"}', '2018-04-04 15:31:05', '2018-04-04 15:31:05', 'f5af0a50-591b-4331-9db3-1e88938a1405'),
 ('58', '1', 'News Content', 'newsContent', 'global', '', '0', 'Matrix', '{\"maxBlocks\":null}', '2018-04-10 08:49:53', '2018-04-10 10:24:25', '6a51b8d8-9cc7-44c6-bb90-bb322351786c'),
 ('59', NULL, 'Body', 'body', 'matrixBlockType:6', '', '0', 'PlainText', '{\"placeholder\":\"\",\"maxLength\":\"\",\"multiline\":\"1\",\"initialRows\":\"1\"}', '2018-04-10 08:49:53', '2018-04-10 10:24:25', 'f4c460bf-7406-4388-bf75-ae137f08e0e8'),
 ('60', NULL, 'Body', 'body', 'matrixBlockType:7', '', '0', 'RichText', '{\"configFile\":\"Simple.json\",\"availableAssetSources\":\"*\",\"availableTransforms\":\"*\",\"cleanupHtml\":\"1\",\"purifyHtml\":\"1\",\"purifierConfig\":\"\",\"columnType\":\"text\"}', '2018-04-10 08:49:53', '2018-04-10 10:24:25', '5123df35-b84c-4687-b24a-658903a7a9ee'),
 ('61', NULL, 'Assets', 'assets', 'matrixBlockType:8', '', '0', 'Assets', '{\"useSingleFolder\":\"\",\"sources\":\"*\",\"defaultUploadLocationSource\":\"1\",\"defaultUploadLocationSubpath\":\"\",\"singleUploadLocationSource\":\"1\",\"singleUploadLocationSubpath\":\"\",\"restrictFiles\":\"\",\"limit\":\"\",\"viewMode\":\"list\",\"selectionLabel\":\"\"}', '2018-04-10 09:06:31', '2018-04-10 10:24:25', 'dd487bd8-874d-41c9-bd46-407fc825bda5'),
 ('69', '1', 'Page Content', 'pageContent', 'global', '', '0', 'Matrix', '{\"maxBlocks\":null}', '2018-04-10 10:27:31', '2018-07-11 09:27:24', '8e1b2766-4f39-4645-868f-b34f6e1e31b6'),
 ('70', NULL, 'Label', 'label', 'matrixBlockType:11', '', '0', 'PlainText', '{\"placeholder\":\"\",\"maxLength\":\"\",\"multiline\":\"\",\"initialRows\":\"4\"}', '2018-04-10 10:27:31', '2018-07-11 09:27:24', '3ce0ea69-f7ba-4244-97b7-dddbef5dc7c7'),
 ('71', NULL, 'Heading', 'heading', 'matrixBlockType:11', '', '0', 'PlainText', '{\"placeholder\":\"\",\"maxLength\":\"\",\"multiline\":\"\",\"initialRows\":\"4\"}', '2018-04-10 10:27:31', '2018-07-11 09:27:24', 'ad4c95e9-a52a-4dff-9274-6d2af468fda3'),
 ('72', NULL, 'Columns', 'columns', 'matrixBlockType:11', '', '0', 'RichText', '{\"configFile\":\"Simple.json\",\"availableAssetSources\":\"*\",\"availableTransforms\":\"*\",\"cleanupHtml\":\"1\",\"purifyHtml\":\"1\",\"purifierConfig\":\"\",\"columnType\":\"text\"}', '2018-04-10 10:27:31', '2018-07-11 09:27:24', 'ac54d1ac-7748-4ef4-9589-2df736e3f668'),
 ('73', NULL, 'Show Background', 'showBackground', 'matrixBlockType:11', '', '0', 'Lightswitch', '{\"default\":\"1\"}', '2018-04-10 10:27:31', '2018-07-11 09:27:24', '7982884a-1d5b-471d-91fb-88d104344b81'),
 ('74', NULL, 'Links', 'links', 'matrixBlockType:11', '', '0', 'Entries', '{\"sources\":\"*\",\"limit\":\"\",\"selectionLabel\":\"\"}', '2018-04-10 10:27:31', '2018-07-11 09:27:24', '3540740d-fe13-4b0c-8cdd-c5dd7dab7718'),
 ('75', NULL, 'Label', 'label', 'matrixBlockType:12', '', '0', 'PlainText', '{\"placeholder\":\"\",\"maxLength\":\"\",\"multiline\":\"\",\"initialRows\":\"4\"}', '2018-04-10 10:27:31', '2018-07-11 09:27:24', '5a863526-9cda-4d0d-bd57-97bb6993636a'),
 ('76', NULL, 'Heading', 'heading', 'matrixBlockType:12', '', '0', 'PlainText', '{\"placeholder\":\"\",\"maxLength\":\"\",\"multiline\":\"\",\"initialRows\":\"4\"}', '2018-04-10 10:27:31', '2018-07-11 09:27:24', '35b0b6b8-20e7-4121-984f-b7fd0033621b'),
 ('77', NULL, 'Columns', 'columns', 'matrixBlockType:12', '', '0', 'RichText', '{\"configFile\":\"Simple.json\",\"availableAssetSources\":\"*\",\"availableTransforms\":\"*\",\"cleanupHtml\":\"1\",\"purifyHtml\":\"1\",\"purifierConfig\":\"\",\"columnType\":\"text\"}', '2018-04-10 10:27:31', '2018-07-11 09:27:24', '19b8bc24-385f-4f52-b4fc-a93bdd2a0b62'),
 ('78', NULL, 'Assets', 'assets', 'matrixBlockType:13', '', '0', 'Assets', '{\"useSingleFolder\":\"\",\"sources\":\"*\",\"defaultUploadLocationSource\":\"1\",\"defaultUploadLocationSubpath\":\"\",\"singleUploadLocationSource\":\"1\",\"singleUploadLocationSubpath\":\"\",\"restrictFiles\":\"\",\"limit\":\"\",\"viewMode\":\"list\",\"selectionLabel\":\"\"}', '2018-04-10 10:33:33', '2018-07-11 09:27:24', '50e3c24a-d769-4924-ac86-64adbfbd559e'),
 ('79', NULL, 'Bullet Blocks', 'bulletBlocks', 'matrixBlockType:11', '', '0', 'Table', '{\"columns\":{\"col1\":{\"heading\":\"Heading\",\"handle\":\"heading\",\"width\":\"\",\"type\":\"singleline\"},\"col2\":{\"heading\":\"Body\",\"handle\":\"body\",\"width\":\"\",\"type\":\"multiline\"}},\"defaults\":{\"row1\":{\"col1\":\"\",\"col2\":\"\"}}}', '2018-07-11 09:12:10', '2018-07-11 09:27:24', '64455c91-9bb2-4cad-8f9e-f59bda2c66f3'),
 ('80', '1', 'Contact List', 'contactList', 'global', '', '0', 'Table', '{\"columns\":{\"col1\":{\"heading\":\"Name\",\"handle\":\"name\",\"width\":\"\",\"type\":\"singleline\"},\"col2\":{\"heading\":\"Contact Details\",\"handle\":\"contactDetails\",\"width\":\"\",\"type\":\"multiline\"}},\"defaults\":{\"row1\":{\"col1\":\"\",\"col2\":\"\"}}}', '2018-07-11 10:25:41', '2018-07-11 10:25:41', '79e3f16e-2804-41ef-8cde-97ee9f466326'),
 ('81', '5', 'Email', 'email', 'global', '', '0', 'PlainText', '{\"placeholder\":\"\",\"maxLength\":\"\",\"multiline\":\"\",\"initialRows\":\"4\"}', '2018-07-11 12:59:48', '2018-07-11 12:59:48', 'a6739083-6a06-474d-a8c2-d73507bc5874'),
 ('82', '5', 'Telephone', 'telephone', 'global', '', '0', 'PlainText', '{\"placeholder\":\"\",\"maxLength\":\"\",\"multiline\":\"\",\"initialRows\":\"4\"}', '2018-07-11 13:00:06', '2018-07-11 13:00:06', 'f143bc97-5f17-4a8b-8a0b-f90239935550'),
 ('83', '5', 'Address', 'address', 'global', '', '0', 'PlainText', '{\"placeholder\":\"\",\"maxLength\":\"\",\"multiline\":\"\",\"initialRows\":\"4\"}', '2018-07-11 13:00:33', '2018-07-11 13:00:33', '2100f84e-1cae-4c42-9515-d1024e4445c6');



DROP TABLE IF EXISTS `craft_globalsets`;


--
-- Schema for table `craft_globalsets`
--
CREATE TABLE `craft_globalsets` (
  `id` int(11) NOT NULL,
  `name` varchar(255) COLLATE utf8_unicode_ci NOT NULL,
  `handle` varchar(255) COLLATE utf8_unicode_ci NOT NULL,
  `fieldLayoutId` int(10) DEFAULT NULL,
  `dateCreated` datetime NOT NULL,
  `dateUpdated` datetime NOT NULL,
  `uid` char(36) COLLATE utf8_unicode_ci NOT NULL DEFAULT '0',
  PRIMARY KEY (`id`),
  UNIQUE KEY `craft_globalsets_name_unq_idx` (`name`),
  UNIQUE KEY `craft_globalsets_handle_unq_idx` (`handle`),
  KEY `craft_globalsets_fieldLayoutId_fk` (`fieldLayoutId`)
) ENGINE=InnoDB DEFAULT CHARSET=utf8 COLLATE=utf8_unicode_ci;

DROP TABLE IF EXISTS `craft_info`;


--
-- Schema for table `craft_info`
--
CREATE TABLE `craft_info` (
  `id` int(11) NOT NULL AUTO_INCREMENT,
  `version` varchar(50) COLLATE utf8_unicode_ci NOT NULL,
  `schemaVersion` varchar(15) COLLATE utf8_unicode_ci NOT NULL,
  `edition` tinyint(1) unsigned NOT NULL DEFAULT '0',
  `siteName` varchar(100) COLLATE utf8_unicode_ci NOT NULL,
  `siteUrl` varchar(255) COLLATE utf8_unicode_ci NOT NULL,
  `timezone` varchar(30) COLLATE utf8_unicode_ci DEFAULT NULL,
  `on` tinyint(1) unsigned NOT NULL DEFAULT '0',
  `maintenance` tinyint(1) unsigned NOT NULL DEFAULT '0',
  `dateCreated` datetime NOT NULL,
  `dateUpdated` datetime NOT NULL,
  `uid` char(36) COLLATE utf8_unicode_ci NOT NULL DEFAULT '0',
  PRIMARY KEY (`id`)
) ENGINE=InnoDB AUTO_INCREMENT=2 DEFAULT CHARSET=utf8 COLLATE=utf8_unicode_ci;

--
-- Data for table `craft_info`
--

INSERT INTO `craft_info` (`id`, `version`, `schemaVersion`, `edition`, `siteName`, `siteUrl`, `timezone`, `on`, `maintenance`, `dateCreated`, `dateUpdated`, `uid`) VALUES
 ('1', '2.6.3004', '2.6.13', '2', 'AJA', 'http://localhost/aja/', 'UTC', '1', '0', '2018-01-18 10:53:31', '2018-07-11 08:47:18', 'c26a7571-28bb-43a8-b2be-c0d7cbb75d6b');



DROP TABLE IF EXISTS `craft_locales`;


--
-- Schema for table `craft_locales`
--
CREATE TABLE `craft_locales` (
  `locale` char(12) COLLATE utf8_unicode_ci NOT NULL,
  `sortOrder` smallint(6) unsigned DEFAULT NULL,
  `dateCreated` datetime NOT NULL,
  `dateUpdated` datetime NOT NULL,
  `uid` char(36) COLLATE utf8_unicode_ci NOT NULL DEFAULT '0',
  PRIMARY KEY (`locale`),
  KEY `craft_locales_sortOrder_idx` (`sortOrder`)
) ENGINE=InnoDB DEFAULT CHARSET=utf8 COLLATE=utf8_unicode_ci;

--
-- Data for table `craft_locales`
--

INSERT INTO `craft_locales` (`locale`, `sortOrder`, `dateCreated`, `dateUpdated`, `uid`) VALUES
 ('en_gb', '1', '2018-01-18 10:53:33', '2018-01-18 10:53:33', 'e0e0d6e7-956d-4172-8244-d06788357701');



DROP TABLE IF EXISTS `craft_matrixblocks`;


--
-- Schema for table `craft_matrixblocks`
--
CREATE TABLE `craft_matrixblocks` (
  `id` int(11) NOT NULL,
  `ownerId` int(11) NOT NULL,
  `fieldId` int(11) NOT NULL,
  `typeId` int(11) DEFAULT NULL,
  `sortOrder` smallint(6) unsigned DEFAULT NULL,
  `ownerLocale` char(12) COLLATE utf8_unicode_ci DEFAULT NULL,
  `dateCreated` datetime NOT NULL,
  `dateUpdated` datetime NOT NULL,
  `uid` char(36) COLLATE utf8_unicode_ci NOT NULL DEFAULT '0',
  PRIMARY KEY (`id`),
  KEY `craft_matrixblocks_ownerId_idx` (`ownerId`),
  KEY `craft_matrixblocks_fieldId_idx` (`fieldId`),
  KEY `craft_matrixblocks_typeId_idx` (`typeId`),
  KEY `craft_matrixblocks_sortOrder_idx` (`sortOrder`),
  KEY `craft_matrixblocks_ownerLocale_fk` (`ownerLocale`)
) ENGINE=InnoDB DEFAULT CHARSET=utf8 COLLATE=utf8_unicode_ci;

--
-- Data for table `craft_matrixblocks`
--

INSERT INTO `craft_matrixblocks` (`id`, `ownerId`, `fieldId`, `typeId`, `sortOrder`, `ownerLocale`, `dateCreated`, `dateUpdated`, `uid`) VALUES
 ('31', '4', '4', '2', '1', NULL, '2018-01-30 13:33:33', '2018-04-11 09:36:23', 'd7ad069d-437f-4402-b252-dbe15ecfbfa7'),
 ('32', '4', '4', '3', '2', NULL, '2018-01-30 14:41:31', '2018-04-11 09:36:23', '7c24644c-9dfd-463a-897d-ef2333135cc7'),
 ('36', '4', '4', '4', '3', NULL, '2018-01-30 16:40:58', '2018-04-11 09:36:23', '09baa42d-8473-48cc-928d-b75a9262eba1'),
 ('110', '4', '4', '5', '4', NULL, '2018-02-05 09:54:44', '2018-04-11 09:36:23', '939805f9-5b09-4b11-993f-19da7b5af7c5'),
 ('522', '498', '58', '6', '1', NULL, '2018-04-10 08:52:37', '2018-04-10 10:23:30', 'b9584dad-75c6-4292-ae74-582f89f403b2'),
 ('523', '498', '58', '7', '2', NULL, '2018-04-10 08:52:37', '2018-04-10 10:23:30', 'bde38909-2e94-4d05-8866-461b7ec72565'),
 ('531', '530', '58', '6', '1', NULL, '2018-04-10 10:11:29', '2018-04-10 10:11:29', 'aff13da8-dc11-41c5-8cf6-b78e7b41f158'),
 ('532', '530', '58', '7', '2', NULL, '2018-04-10 10:11:29', '2018-04-10 10:11:29', '875c432f-378a-4787-9c99-0c0366ec3dfa'),
 ('533', '530', '58', '8', '3', NULL, '2018-04-10 10:11:29', '2018-04-10 10:11:29', '9fb6d4a8-9411-4904-a276-26b8a4fd336b'),
 ('534', '530', '69', '11', '1', NULL, '2018-04-10 10:31:57', '2018-07-11 09:50:59', '8de8be5c-27f3-478a-ac4f-9aa183b39363'),
 ('538', '524', '69', '11', '1', NULL, '2018-04-10 10:37:12', '2018-04-10 10:37:12', '4326cfad-4924-4e28-a83d-7aa207448f8b');



DROP TABLE IF EXISTS `craft_matrixblocktypes`;


--
-- Schema for table `craft_matrixblocktypes`
--
CREATE TABLE `craft_matrixblocktypes` (
  `id` int(11) NOT NULL AUTO_INCREMENT,
  `fieldId` int(11) NOT NULL,
  `fieldLayoutId` int(11) DEFAULT NULL,
  `name` varchar(255) COLLATE utf8_unicode_ci NOT NULL,
  `handle` varchar(255) COLLATE utf8_unicode_ci NOT NULL,
  `sortOrder` smallint(6) unsigned DEFAULT NULL,
  `dateCreated` datetime NOT NULL,
  `dateUpdated` datetime NOT NULL,
  `uid` char(36) COLLATE utf8_unicode_ci NOT NULL DEFAULT '0',
  PRIMARY KEY (`id`),
  UNIQUE KEY `craft_matrixblocktypes_name_fieldId_unq_idx` (`name`,`fieldId`),
  UNIQUE KEY `craft_matrixblocktypes_handle_fieldId_unq_idx` (`handle`,`fieldId`),
  KEY `craft_matrixblocktypes_fieldId_fk` (`fieldId`),
  KEY `craft_matrixblocktypes_fieldLayoutId_fk` (`fieldLayoutId`)
) ENGINE=InnoDB AUTO_INCREMENT=14 DEFAULT CHARSET=utf8 COLLATE=utf8_unicode_ci;

--
-- Data for table `craft_matrixblocktypes`
--

INSERT INTO `craft_matrixblocktypes` (`id`, `fieldId`, `fieldLayoutId`, `name`, `handle`, `sortOrder`, `dateCreated`, `dateUpdated`, `uid`) VALUES
 ('2', '4', '93', 'Image Grid', 'imageGrid', '1', '2018-01-30 13:25:46', '2018-02-22 10:07:36', '5a396302-56f3-4487-a830-fce6993319ab'),
 ('3', '4', '94', 'Video Block', 'videoBlock', '2', '2018-01-30 14:40:40', '2018-02-22 10:07:36', '334067c5-15f7-4570-98eb-53e0d4df4514'),
 ('4', '4', '95', 'Quote Block', 'quoteBlock', '3', '2018-01-30 16:39:27', '2018-02-22 10:07:36', 'd835f8ab-506e-4445-9e42-0ce6b304d3fc'),
 ('5', '4', '96', 'Full Width Slider', 'fullWidthSlider', '4', '2018-02-05 09:44:21', '2018-02-22 10:07:36', 'b986f2fb-646e-49c2-98c6-0e72c42f28e9'),
 ('6', '58', '145', 'Leading Paragraph', 'leadingParagraph', '1', '2018-04-10 08:49:53', '2018-04-10 10:24:25', '224ffb9a-5f8b-4e5f-ac98-3cd3707b3ed2'),
 ('7', '58', '146', 'Normal Paragraph', 'normalParagraph', '2', '2018-04-10 08:49:53', '2018-04-10 10:24:25', 'd8e52d42-a930-4f0e-982c-599cd4b7f5ef'),
 ('8', '58', '147', 'Full Width Slider', 'fullWidthSlider', '3', '2018-04-10 09:06:31', '2018-04-10 10:24:25', 'fe912b07-f748-4725-83b3-8f7314bf5e9d'),
 ('11', '69', '160', 'White Block', 'whiteBlock', '1', '2018-04-10 10:27:31', '2018-07-11 09:27:24', '6e3cf615-191d-4cab-a676-5500e9358978'),
 ('12', '69', '161', 'Orange Block', 'orangeBlock', '2', '2018-04-10 10:27:31', '2018-07-11 09:27:24', 'a257ecd5-2f3c-42e7-9ad1-0861337ca9d5'),
 ('13', '69', '162', 'Full Width Slider', 'fullWidthSlider', '3', '2018-04-10 10:33:33', '2018-07-11 09:27:24', '6d1d8405-27de-4b4b-8bd5-26fa53f7bacf');



DROP TABLE IF EXISTS `craft_matrixcontent_newscontent`;


--
-- Schema for table `craft_matrixcontent_newscontent`
--
CREATE TABLE `craft_matrixcontent_newscontent` (
  `id` int(11) NOT NULL AUTO_INCREMENT,
  `elementId` int(11) NOT NULL,
  `locale` char(12) COLLATE utf8_unicode_ci NOT NULL,
  `field_leadingParagraph_body` text COLLATE utf8_unicode_ci,
  `field_normalParagraph_body` text COLLATE utf8_unicode_ci,
  `dateCreated` datetime NOT NULL,
  `dateUpdated` datetime NOT NULL,
  `uid` char(36) COLLATE utf8_unicode_ci NOT NULL DEFAULT '0',
  PRIMARY KEY (`id`),
  UNIQUE KEY `craft_matrixcontent_newscontent_elementId_locale_unq_idx` (`elementId`,`locale`),
  KEY `craft_matrixcontent_newscontent_locale_idx` (`locale`)
) ENGINE=InnoDB AUTO_INCREMENT=11 DEFAULT CHARSET=utf8 COLLATE=utf8_unicode_ci;

--
-- Data for table `craft_matrixcontent_newscontent`
--

INSERT INTO `craft_matrixcontent_newscontent` (`id`, `elementId`, `locale`, `field_leadingParagraph_body`, `field_normalParagraph_body`, `dateCreated`, `dateUpdated`, `uid`) VALUES
 ('1', '522', 'en_gb', 'Lorem ipsum dolor sit amet, consectetur adipiscing elit. Ut a mi lorem. lorem ipsum dolor sit amet, consectetur adipiscing elit. Ut a mi lorem.', NULL, '2018-04-10 08:52:37', '2018-04-10 10:23:30', '3bbf513b-f2c3-4dc4-9723-b37418c31402'),
 ('2', '523', 'en_gb', NULL, '<p>Lorem ipsum dolor sit amet, consectetur adipiscing elit. Ut a mi lorem. Ut condimentum feugiat urna a finibus. Suspendisse ullamcorper nulla id neque laoreet, eu sollicitudin justo ornare. Nullam suscipit tincidunt sodales. Quisque sed arcu ut velit ultricies facilisis. Ut felis elit, placerat vitae massa nec, dictum rhoncus massa. Fusce cursus lacus ac tellus malesuada auctor. Morbi at nunc porta, condimentum mauris id, semper arcu. Sed sit amet dui sed ante tristique tincidunt ut vel velit. Quisque eleifend imperdiet lectus. Ut nulla leo, convallis ac sagittis vitae, eleifend quis nibh.</p>\n<p>Lorem ipsum dolor sit amet, consectetur adipiscing elit. Ut a mi lorem. Ut condimentum feugiat urna a finibus. Suspendisse ullamcorper nulla id neque laoreet, eu sollicitudin justo ornare. Nullam suscipit tincidunt sodales. Quisque sed arcu ut velit ultricies facilisis. Ut felis elit, placerat vitae massa nec, dictum rhoncus massa. Fusce cursus lacus ac tellus malesuada auctor. Morbi at nunc porta, condimentum mauris id, semper arcu. Sed sit amet dui sed ante tristique tincidunt ut vel velit. Quisque eleifend imperdiet lectus. Ut nulla leo, convallis ac sagittis vitae, eleifend quis nibh.</p>', '2018-04-10 08:52:37', '2018-04-10 10:23:30', 'f3077395-e965-4e57-a7de-caa8f6bef3bf'),
 ('8', '531', 'en_gb', 'Etiam dolor neque, egestas id tempor eget, placerat sed mauris. In varius urna vitae blandit tincidunt. Donec faucibus dui quis tellus tempor fermentum. Sed a ipsum felis. Duis pellentesque vitae turpis eu convallis.', NULL, '2018-04-10 10:11:29', '2018-04-10 10:11:29', 'a40a5e7e-99de-4b95-a93b-689e68f2ab16'),
 ('9', '532', 'en_gb', NULL, '<p>Etiam dolor neque, egestas id tempor eget, placerat sed mauris. In varius urna vitae blandit tincidunt. Donec faucibus dui quis tellus tempor fermentum. Sed a ipsum felis. Duis pellentesque vitae turpis eu convallis. Etiam dolor neque, egestas id tempor eget, placerat sed mauris. In varius urna vitae blandit tincidunt. Donec faucibus dui quis tellus tempor fermentum. Sed a ipsum felis. Duis pellentesque vitae turpis eu convallis. Etiam dolor neque, egestas id tempor eget, placerat sed mauris. In varius urna vitae blandit tincidunt. Donec faucibus dui quis tellus tempor fermentum. Sed a ipsum felis. Duis pellentesque vitae turpis eu convallis.</p>', '2018-04-10 10:11:29', '2018-04-10 10:11:29', '569096a9-af60-452d-a6b8-e29806727f36'),
 ('10', '533', 'en_gb', NULL, NULL, '2018-04-10 10:11:29', '2018-04-10 10:11:29', '07d30a0f-9862-47fe-b664-dfb1750bf22f');



DROP TABLE IF EXISTS `craft_matrixcontent_pagecontent`;


--
-- Schema for table `craft_matrixcontent_pagecontent`
--
CREATE TABLE `craft_matrixcontent_pagecontent` (
  `id` int(11) NOT NULL AUTO_INCREMENT,
  `elementId` int(11) NOT NULL,
  `locale` char(12) COLLATE utf8_unicode_ci NOT NULL,
  `field_whiteBlock_label` text COLLATE utf8_unicode_ci,
  `field_whiteBlock_heading` text COLLATE utf8_unicode_ci,
  `field_whiteBlock_columns` text COLLATE utf8_unicode_ci,
  `field_whiteBlock_showBackground` tinyint(1) unsigned NOT NULL DEFAULT '0',
  `field_orangeBlock_label` text COLLATE utf8_unicode_ci,
  `field_orangeBlock_heading` text COLLATE utf8_unicode_ci,
  `field_orangeBlock_columns` text COLLATE utf8_unicode_ci,
  `field_whiteBlock_bulletBlocks` text COLLATE utf8_unicode_ci,
  `dateCreated` datetime NOT NULL,
  `dateUpdated` datetime NOT NULL,
  `uid` char(36) COLLATE utf8_unicode_ci NOT NULL DEFAULT '0',
  PRIMARY KEY (`id`),
  UNIQUE KEY `craft_matrixcontent_pagecontent_elementId_locale_unq_idx` (`elementId`,`locale`),
  KEY `craft_matrixcontent_pagecontent_locale_fk` (`locale`)
) ENGINE=InnoDB AUTO_INCREMENT=6 DEFAULT CHARSET=utf8 COLLATE=utf8_unicode_ci;

--
-- Data for table `craft_matrixcontent_pagecontent`
--

INSERT INTO `craft_matrixcontent_pagecontent` (`id`, `elementId`, `locale`, `field_whiteBlock_label`, `field_whiteBlock_heading`, `field_whiteBlock_columns`, `field_whiteBlock_showBackground`, `field_orangeBlock_label`, `field_orangeBlock_heading`, `field_orangeBlock_columns`, `field_whiteBlock_bulletBlocks`, `dateCreated`, `dateUpdated`, `uid`) VALUES
 ('1', '534', 'en_gb', 'about', 'Whether altering, extending or building new, you want high quality results and value for money, so consult a local Jersey Architect who will share these concerns and seek to achieve your objectives. An Architect brings four crucial qualities to a project:', '', '1', NULL, NULL, NULL, '[{\"col1\":\"PLANNING EXPERTISE:\",\"col2\":\"Jersey Architects have a comprehensive understanding of Planning Law, Policy and Procedure, so should be your first port of call for reliable authoritative advice about the feasibility of anything relating to the Built Environment. We will be realistic about your opportunities set within context of the Planning framework. Many Practices will provide an initial site visit consultation and general advice on Planning implications without charge.\"},{\"col1\":\"IMAGINATION:\",\"col2\":\"An Architect can lift your project out of the ordinary. It takes considerable skill, relating your requirements to the site and fusing them into a single harmonious vision that is a pleasure to inhabit.\"},{\"col1\":\"VALUE FOR MONEY:\",\"col2\":\"An Architect will create an arrangement of light and space you didn\\u2019t know you could have, suggest materials you didn\\u2019t realise you could fit and make sure you find the appropriate builder at the right price.\"},{\"col1\":\"PROFESSIONAL GUIDANCE:\",\"col2\":\"An Architect is also a trouble-shooter, guiding your project through the involved procedures of planning application and building regulation. The Architect attends to the details and monitors the builder\\u2019s work to completion. Talk to one of the local Jersey Architects listed inside this leaflet and start getting the building you need.\"}]', '2018-04-10 10:31:57', '2018-07-11 09:50:59', 'dcfef216-9808-44ca-a883-8c560cc9776f'),
 ('5', '538', 'en_gb', 'education', 'Lorem ipsum dolor sit amet, consectetur adipiscing elit. Nam vel lorem non mauris ultrices maximus ut vel enim. Proin tempus, dolor bibendum blandit porta, diam nibh lobortis justo, suscipit auctor dolor nisi ac leo. Pellentesque accumsan cursus aliquam. Vestibulum laoreet vestibulum mauris eget semper. Vivamus vel urna fringilla, auctor leo at,', '<p>Lorem ipsum dolor sit amet, consectetur adipiscing elit. Nam vel lorem non mauris ultrices maximus ut vel enim. Proin tempus, dolor bibendum blandit porta, diam nibh lobortis justo, suscipit auctor dolor nisi ac leo. Pellentesque accumsan cursus aliquam. Vestibulum laoreet vestibulum mauris eget semper. Vivamus vel urna fringilla, auctor leo at, Lorem ipsum dolor sit amet, consectetur adipiscing elit. Nam vel lorem non mauris ultrices maximus ut vel enim. Proin tempus, dolor bibendum blandit porta, diam nibh lobortis justo, suscipit auctor dolor nisi ac leo. Pellentesque accumsan cursus aliquam. Vestibulum laoreet vestibulum mauris eget semper. Vivamus vel urna fringilla, auctor leo at,</p>', '1', NULL, NULL, NULL, NULL, '2018-04-10 10:37:12', '2018-04-10 10:37:12', '09ba2af8-dd46-4a95-803e-6f54e1ca4867');



DROP TABLE IF EXISTS `craft_matrixcontent_projectcontent`;


--
-- Schema for table `craft_matrixcontent_projectcontent`
--
CREATE TABLE `craft_matrixcontent_projectcontent` (
  `id` int(11) NOT NULL AUTO_INCREMENT,
  `elementId` int(11) NOT NULL,
  `locale` char(12) COLLATE utf8_unicode_ci NOT NULL,
  `field_videoBlock_youtubeUrl` text COLLATE utf8_unicode_ci,
  `field_videoBlock_vimeoUrl` text COLLATE utf8_unicode_ci,
  `field_videoBlock_credits` text COLLATE utf8_unicode_ci,
  `field_quoteBlock_quote` text COLLATE utf8_unicode_ci,
  `field_quoteBlock_quoter` text COLLATE utf8_unicode_ci,
  `field_quoteBlock_quoterPosition` text COLLATE utf8_unicode_ci,
  `dateCreated` datetime NOT NULL,
  `dateUpdated` datetime NOT NULL,
  `uid` char(36) COLLATE utf8_unicode_ci NOT NULL DEFAULT '0',
  PRIMARY KEY (`id`),
  UNIQUE KEY `craft_matrixcontent_projectcontent_elementId_locale_unq_idx` (`elementId`,`locale`),
  KEY `craft_matrixcontent_projectcontent_locale_fk` (`locale`)
) ENGINE=InnoDB AUTO_INCREMENT=6 DEFAULT CHARSET=utf8 COLLATE=utf8_unicode_ci;

--
-- Data for table `craft_matrixcontent_projectcontent`
--

INSERT INTO `craft_matrixcontent_projectcontent` (`id`, `elementId`, `locale`, `field_videoBlock_youtubeUrl`, `field_videoBlock_vimeoUrl`, `field_videoBlock_credits`, `field_quoteBlock_quote`, `field_quoteBlock_quoter`, `field_quoteBlock_quoterPosition`, `dateCreated`, `dateUpdated`, `uid`) VALUES
 ('2', '31', 'en_gb', NULL, NULL, NULL, NULL, NULL, NULL, '2018-01-30 13:33:33', '2018-04-11 09:36:23', '1bb6b569-bd3c-4d4d-849a-fb2520e1d244'),
 ('3', '32', 'en_gb', 'https://www.youtube.com/watch?v=xcJtL7QggTI/', '', '[{\"col1\":\"video by\",\"col2\":\"iPOP Digital\"},{\"col1\":\"PHOTOGRAPHY BY\",\"col2\":\"Andy Le Gresley\"},{\"col1\":\"Art Direction\",\"col2\":\"Jon Moore\"},{\"col1\":\"WEBSITE\",\"col2\":\"www.ipopdigital.com\"}]', NULL, NULL, NULL, '2018-01-30 14:41:31', '2018-04-11 09:36:23', '0127ed67-e2c6-4741-b401-c145fb0b7d01'),
 ('4', '36', 'en_gb', NULL, NULL, NULL, 'Lorem ipsum dolor sit amet, consectetuer adipiscing elit, sed diam nonummy nibh euismod tincidunt ut laoreet dolore magna aliquam erat volutpat.', 'JON MOORE,', 'the chamber of commerce', '2018-01-30 16:40:58', '2018-04-11 09:36:23', '8864a58c-a351-4888-98fc-e981faa60021'),
 ('5', '110', 'en_gb', NULL, NULL, NULL, NULL, NULL, NULL, '2018-02-05 09:54:44', '2018-04-11 09:36:23', 'af73ba34-f048-4597-8be1-048007c9891a');



DROP TABLE IF EXISTS `craft_migrations`;


--
-- Schema for table `craft_migrations`
--
CREATE TABLE `craft_migrations` (
  `id` int(11) NOT NULL AUTO_INCREMENT,
  `pluginId` int(11) DEFAULT NULL,
  `version` varchar(255) COLLATE utf8_unicode_ci NOT NULL,
  `applyTime` datetime NOT NULL,
  `dateCreated` datetime NOT NULL,
  `dateUpdated` datetime NOT NULL,
  `uid` char(36) COLLATE utf8_unicode_ci NOT NULL DEFAULT '0',
  PRIMARY KEY (`id`),
  UNIQUE KEY `craft_migrations_version_unq_idx` (`version`),
  KEY `craft_migrations_pluginId_fk` (`pluginId`)
) ENGINE=InnoDB AUTO_INCREMENT=45 DEFAULT CHARSET=utf8 COLLATE=utf8_unicode_ci;

--
-- Data for table `craft_migrations`
--

INSERT INTO `craft_migrations` (`id`, `pluginId`, `version`, `applyTime`, `dateCreated`, `dateUpdated`, `uid`) VALUES
 ('1', NULL, 'm000000_000000_base', '2018-01-18 10:53:32', '2018-01-18 10:53:32', '2018-01-18 10:53:32', '48513b57-c712-427e-b5e7-c6fe38b91afc'),
 ('2', NULL, 'm140730_000001_add_filename_and_format_to_transformindex', '2018-01-18 10:53:32', '2018-01-18 10:53:32', '2018-01-18 10:53:32', '78d4de42-f363-45ad-b55e-5d1ea107beda'),
 ('3', NULL, 'm140815_000001_add_format_to_transforms', '2018-01-18 10:53:32', '2018-01-18 10:53:32', '2018-01-18 10:53:32', 'eac6188f-0bf6-4c06-8810-e70549bbb8db'),
 ('4', NULL, 'm140822_000001_allow_more_than_128_items_per_field', '2018-01-18 10:53:32', '2018-01-18 10:53:32', '2018-01-18 10:53:32', '22d24357-aabb-4a54-8be7-9e7c6672ebd1'),
 ('5', NULL, 'm140829_000001_single_title_formats', '2018-01-18 10:53:32', '2018-01-18 10:53:32', '2018-01-18 10:53:32', '620eae05-bce3-4724-8387-d26c672d9265'),
 ('6', NULL, 'm140831_000001_extended_cache_keys', '2018-01-18 10:53:32', '2018-01-18 10:53:32', '2018-01-18 10:53:32', 'eec3c741-db51-4ba3-a7b6-68af94bb9d5a'),
 ('7', NULL, 'm140922_000001_delete_orphaned_matrix_blocks', '2018-01-18 10:53:32', '2018-01-18 10:53:32', '2018-01-18 10:53:32', 'f4374be6-26a0-4cda-adac-813abccca943'),
 ('8', NULL, 'm141008_000001_elements_index_tune', '2018-01-18 10:53:32', '2018-01-18 10:53:32', '2018-01-18 10:53:32', '2f542fa6-e35e-4f9b-b6a9-f2d4d7928b47'),
 ('9', NULL, 'm141009_000001_assets_source_handle', '2018-01-18 10:53:32', '2018-01-18 10:53:32', '2018-01-18 10:53:32', 'c3f2cb87-c7ea-40aa-94ce-bd2ac6484d3f'),
 ('10', NULL, 'm141024_000001_field_layout_tabs', '2018-01-18 10:53:32', '2018-01-18 10:53:32', '2018-01-18 10:53:32', 'e9668c53-f383-4035-91c8-f31d6655f350'),
 ('11', NULL, 'm141030_000000_plugin_schema_versions', '2018-01-18 10:53:32', '2018-01-18 10:53:32', '2018-01-18 10:53:32', '80cd5457-fe8a-4f38-8a18-185505c7b5f0'),
 ('12', NULL, 'm141030_000001_drop_structure_move_permission', '2018-01-18 10:53:32', '2018-01-18 10:53:32', '2018-01-18 10:53:32', 'ac78d427-fdd9-402e-bc88-496780d1e354'),
 ('13', NULL, 'm141103_000001_tag_titles', '2018-01-18 10:53:32', '2018-01-18 10:53:32', '2018-01-18 10:53:32', 'ca542355-5264-4c9a-9295-d3d186b37084'),
 ('14', NULL, 'm141109_000001_user_status_shuffle', '2018-01-18 10:53:32', '2018-01-18 10:53:32', '2018-01-18 10:53:32', '685b8971-396d-4b7f-abd7-defbfae02796'),
 ('15', NULL, 'm141126_000001_user_week_start_day', '2018-01-18 10:53:32', '2018-01-18 10:53:32', '2018-01-18 10:53:32', '932ddc36-a2a2-4352-bbf0-f645d78bf4e3'),
 ('16', NULL, 'm150210_000001_adjust_user_photo_size', '2018-01-18 10:53:32', '2018-01-18 10:53:32', '2018-01-18 10:53:32', 'd48ef13f-aa2a-4fdc-a6ea-91db07941ff9'),
 ('17', NULL, 'm150724_000001_adjust_quality_settings', '2018-01-18 10:53:32', '2018-01-18 10:53:32', '2018-01-18 10:53:32', 'f1999f19-ff90-4bde-b647-f62e5c258005'),
 ('18', NULL, 'm150827_000000_element_index_settings', '2018-01-18 10:53:32', '2018-01-18 10:53:32', '2018-01-18 10:53:32', '504b9504-55eb-4c63-87ff-cb3d267eb2f1'),
 ('19', NULL, 'm150918_000001_add_colspan_to_widgets', '2018-01-18 10:53:32', '2018-01-18 10:53:32', '2018-01-18 10:53:32', '4970ef13-d13b-4ed7-9532-299ed44ef179'),
 ('20', NULL, 'm151007_000000_clear_asset_caches', '2018-01-18 10:53:32', '2018-01-18 10:53:32', '2018-01-18 10:53:32', 'bfa15ef6-fdfd-40bd-84ce-cdc0aa794f8a'),
 ('21', NULL, 'm151109_000000_text_url_formats', '2018-01-18 10:53:32', '2018-01-18 10:53:32', '2018-01-18 10:53:32', '467007e4-8306-46f6-ace5-e51b57db0134'),
 ('22', NULL, 'm151110_000000_move_logo', '2018-01-18 10:53:32', '2018-01-18 10:53:32', '2018-01-18 10:53:32', 'e9343b49-09f3-4110-b3d4-0482adb3c1ce'),
 ('23', NULL, 'm151117_000000_adjust_image_widthheight', '2018-01-18 10:53:32', '2018-01-18 10:53:32', '2018-01-18 10:53:32', '16892231-1704-4a4c-9123-b571381eea96'),
 ('24', NULL, 'm151127_000000_clear_license_key_status', '2018-01-18 10:53:32', '2018-01-18 10:53:32', '2018-01-18 10:53:32', '24954e00-a646-4152-a71e-fffe25516285'),
 ('25', NULL, 'm151127_000000_plugin_license_keys', '2018-01-18 10:53:32', '2018-01-18 10:53:32', '2018-01-18 10:53:32', '3474d6f7-0d8d-4746-aabe-b3420fe6d0e5'),
 ('26', NULL, 'm151130_000000_update_pt_widget_feeds', '2018-01-18 10:53:32', '2018-01-18 10:53:32', '2018-01-18 10:53:32', 'e55cc1f6-90b9-43f2-ae6a-695f039c0822'),
 ('27', NULL, 'm160114_000000_asset_sources_public_url_default_true', '2018-01-18 10:53:32', '2018-01-18 10:53:32', '2018-01-18 10:53:32', 'ea3be4d3-0151-447a-8171-b7301cfeac5c'),
 ('28', NULL, 'm160223_000000_sortorder_to_smallint', '2018-01-18 10:53:32', '2018-01-18 10:53:32', '2018-01-18 10:53:32', 'd7ec42d4-af47-44a2-89bd-554671bde3ad'),
 ('29', NULL, 'm160229_000000_set_default_entry_statuses', '2018-01-18 10:53:32', '2018-01-18 10:53:32', '2018-01-18 10:53:32', 'e5532213-aa7f-42fd-b6e3-75d0a5c929f5'),
 ('30', NULL, 'm160304_000000_client_permissions', '2018-01-18 10:53:32', '2018-01-18 10:53:32', '2018-01-18 10:53:32', 'a9e5882e-bda9-474b-802d-c25ce83f7e73'),
 ('31', NULL, 'm160322_000000_asset_filesize', '2018-01-18 10:53:32', '2018-01-18 10:53:32', '2018-01-18 10:53:32', 'cac35347-a6e0-4d53-b41f-3a24f1d751dd'),
 ('32', NULL, 'm160503_000000_orphaned_fieldlayouts', '2018-01-18 10:53:32', '2018-01-18 10:53:33', '2018-01-18 10:53:33', '929bd6fd-e89e-4022-81cb-31987a202f5b'),
 ('33', NULL, 'm160510_000000_tasksettings', '2018-01-18 10:53:32', '2018-01-18 10:53:33', '2018-01-18 10:53:33', 'd581716d-d5f8-431e-a210-e6dd23b1a4ae'),
 ('34', NULL, 'm160829_000000_pending_user_content_cleanup', '2018-01-18 10:53:32', '2018-01-18 10:53:33', '2018-01-18 10:53:33', '1bcdd4a1-7deb-44fc-96ab-9a45167a3ad0'),
 ('35', NULL, 'm160830_000000_asset_index_uri_increase', '2018-01-18 10:53:32', '2018-01-18 10:53:33', '2018-01-18 10:53:33', 'e4542001-702b-429b-9819-8a68672b982c'),
 ('36', NULL, 'm160919_000000_usergroup_handle_title_unique', '2018-01-18 10:53:32', '2018-01-18 10:53:33', '2018-01-18 10:53:33', 'e2e111aa-e8b4-4510-85f5-a5a1e9cec05e'),
 ('37', NULL, 'm161108_000000_new_version_format', '2018-01-18 10:53:32', '2018-01-18 10:53:33', '2018-01-18 10:53:33', 'f801030f-83a3-4980-9312-c23bb86cb8e4'),
 ('38', NULL, 'm161109_000000_index_shuffle', '2018-01-18 10:53:32', '2018-01-18 10:53:33', '2018-01-18 10:53:33', '4c90f379-81ce-4512-beeb-93f34956afab'),
 ('39', NULL, 'm170612_000000_route_index_shuffle', '2018-01-18 10:53:32', '2018-01-18 10:53:33', '2018-01-18 10:53:33', '2662e732-7e77-4b05-a226-9168b66a9255'),
 ('40', NULL, 'm171107_000000_assign_group_permissions', '2018-01-18 10:53:32', '2018-01-18 10:53:33', '2018-01-18 10:53:33', 'c92bd5a5-0360-4c18-9ae4-ced8844a27ab'),
 ('41', NULL, 'm171117_000001_templatecache_index_tune', '2018-01-18 10:53:32', '2018-01-18 10:53:33', '2018-01-18 10:53:33', '36cdc694-3926-4731-bb18-5c78cc74ebee'),
 ('42', NULL, 'm171204_000001_templatecache_index_tune_deux', '2018-01-18 10:53:32', '2018-01-18 10:53:33', '2018-01-18 10:53:33', '9248bb55-bda5-4d15-94b0-36e9d5f2a4d4'),
 ('44', '10', 'm160116_102810_contactForm', '2018-07-11 11:44:19', '2018-07-11 11:44:19', '2018-07-11 11:44:19', 'd7c9391f-f4ca-483f-9409-c76e757af418');



DROP TABLE IF EXISTS `craft_plugins`;


--
-- Schema for table `craft_plugins`
--
CREATE TABLE `craft_plugins` (
  `id` int(11) NOT NULL AUTO_INCREMENT,
  `class` varchar(150) COLLATE utf8_unicode_ci NOT NULL,
  `version` varchar(15) COLLATE utf8_unicode_ci NOT NULL,
  `schemaVersion` varchar(15) COLLATE utf8_unicode_ci DEFAULT NULL,
  `licenseKey` char(24) COLLATE utf8_unicode_ci DEFAULT NULL,
  `licenseKeyStatus` enum('valid','invalid','mismatched','unknown') COLLATE utf8_unicode_ci NOT NULL DEFAULT 'unknown',
  `enabled` tinyint(1) unsigned NOT NULL DEFAULT '0',
  `settings` text COLLATE utf8_unicode_ci,
  `installDate` datetime NOT NULL,
  `dateCreated` datetime NOT NULL,
  `dateUpdated` datetime NOT NULL,
  `uid` char(36) COLLATE utf8_unicode_ci NOT NULL DEFAULT '0',
  PRIMARY KEY (`id`)
) ENGINE=InnoDB AUTO_INCREMENT=11 DEFAULT CHARSET=utf8 COLLATE=utf8_unicode_ci;

--
-- Data for table `craft_plugins`
--

INSERT INTO `craft_plugins` (`id`, `class`, `version`, `schemaVersion`, `licenseKey`, `licenseKeyStatus`, `enabled`, `settings`, `installDate`, `dateCreated`, `dateUpdated`, `uid`) VALUES
 ('3', 'PendingUser', '1.0.1', NULL, NULL, 'unknown', '1', '{\"allowedDomains\":\"\",\"signupEmailSubject\":\"User Request Received\",\"signupEmailBody\":\"We received your request for a members account and we are currently reviewing it.  You will receive a verification email once the account has been approved.\",\"activationEmailSubject\":\"Account Activated\",\"activationEmailBody\":\"Your AJA account has been activated. <a href=\\\"http:\\/\\/jerseyarchitects.com\\/user\\\">Click here<\\/a> to login and start adding projects.\",\"notifyModerator\":\"1\",\"moderatorEmailAddress\":\"luca@ipopdigital.com\",\"moderatorEmailSubject\":\"A new user has signed up\",\"moderatorEmailBody\":\"A new user has signed up.\\r\\nClick here to review: {{ user.cpEditUrl }}\"}', '2018-02-02 11:41:36', '2018-02-02 11:41:36', '2018-07-11 12:25:41', 'a7f65bdd-6a52-4eb3-b61c-cee5741d308d'),
 ('4', 'ImageBase64', '0.1.0', NULL, NULL, 'unknown', '1', NULL, '2018-02-02 12:06:52', '2018-02-02 12:06:52', '2018-07-11 12:25:41', '6aafc8c2-0a23-436c-806b-5fdf69158389'),
 ('5', 'Imager', '1.6.4', '1.0.0', NULL, 'unknown', '1', NULL, '2018-02-19 12:17:51', '2018-02-19 12:17:51', '2018-07-11 12:25:41', '874f601e-6ba3-48c8-820a-6e414683cca9'),
 ('6', 'FileUpload', '0.0.1', '0.0.1', NULL, 'unknown', '1', NULL, '2018-02-19 14:14:00', '2018-02-19 14:14:00', '2018-07-11 12:25:41', '7b465f80-bb98-4230-8891-80df8a392be6'),
 ('7', 'EntryCount', '1.0.0', NULL, NULL, 'unknown', '1', NULL, '2018-04-04 15:07:28', '2018-04-04 15:07:28', '2018-07-11 12:25:41', '8bb9efca-08e3-4d5b-8f5b-997ebbb6725d'),
 ('8', 'SuperSort', '1.2.0', '0.0.0.0', NULL, 'unknown', '1', NULL, '2018-04-04 15:25:02', '2018-04-04 15:25:02', '2018-07-11 12:25:41', 'b2a11fb4-26fd-426e-8eda-50d23417a6c6'),
 ('10', 'ContactForm', '2.0.5', NULL, NULL, 'unknown', '1', '{\"toEmail\":\"luca@ipopdigital.com\",\"fromEmail\":\"luca@ipopdigital.com\",\"prependSender\":\"On behalf of\",\"subject\":\"New message from AJA\",\"allowAttachments\":\"\",\"honeypotField\":\"bear\",\"successMessage\":\"Your message has been sent.\",\"addNameEmailBody\":\"1\"}', '2018-07-11 11:44:19', '2018-07-11 11:44:19', '2018-07-11 12:25:41', '20d0906f-defe-423c-9c29-c5f90f23bfa7');



DROP TABLE IF EXISTS `craft_rackspaceaccess`;


--
-- Schema for table `craft_rackspaceaccess`
--
CREATE TABLE `craft_rackspaceaccess` (
  `id` int(11) NOT NULL AUTO_INCREMENT,
  `connectionKey` varchar(255) COLLATE utf8_unicode_ci NOT NULL,
  `token` varchar(255) COLLATE utf8_unicode_ci NOT NULL,
  `storageUrl` varchar(255) COLLATE utf8_unicode_ci NOT NULL,
  `cdnUrl` varchar(255) COLLATE utf8_unicode_ci NOT NULL,
  `dateCreated` datetime NOT NULL,
  `dateUpdated` datetime NOT NULL,
  `uid` char(36) COLLATE utf8_unicode_ci NOT NULL DEFAULT '0',
  PRIMARY KEY (`id`),
  UNIQUE KEY `craft_rackspaceaccess_connectionKey_unq_idx` (`connectionKey`)
) ENGINE=InnoDB DEFAULT CHARSET=utf8 COLLATE=utf8_unicode_ci;

DROP TABLE IF EXISTS `craft_relations`;


--
-- Schema for table `craft_relations`
--
CREATE TABLE `craft_relations` (
  `id` int(11) NOT NULL AUTO_INCREMENT,
  `fieldId` int(11) NOT NULL,
  `sourceId` int(11) NOT NULL,
  `sourceLocale` char(12) COLLATE utf8_unicode_ci DEFAULT NULL,
  `targetId` int(11) NOT NULL,
  `sortOrder` smallint(6) DEFAULT NULL,
  `dateCreated` datetime NOT NULL,
  `dateUpdated` datetime NOT NULL,
  `uid` char(36) COLLATE utf8_unicode_ci NOT NULL DEFAULT '0',
  PRIMARY KEY (`id`),
  UNIQUE KEY `craft_relations_fieldId_sourceId_sourceLocale_targetId_unq_idx` (`fieldId`,`sourceId`,`sourceLocale`,`targetId`),
  KEY `craft_relations_sourceId_fk` (`sourceId`),
  KEY `craft_relations_sourceLocale_fk` (`sourceLocale`),
  KEY `craft_relations_targetId_fk` (`targetId`)
) ENGINE=InnoDB AUTO_INCREMENT=716 DEFAULT CHARSET=utf8 COLLATE=utf8_unicode_ci;

--
-- Data for table `craft_relations`
--

INSERT INTO `craft_relations` (`id`, `fieldId`, `sourceId`, `sourceLocale`, `targetId`, `sortOrder`, `dateCreated`, `dateUpdated`, `uid`) VALUES
 ('532', '61', '533', NULL, '466', '1', '2018-04-10 10:11:29', '2018-04-10 10:11:29', '2a42b60c-b2d8-40f7-8c00-fd7a66902a0d'),
 ('535', '39', '498', NULL, '497', '1', '2018-04-10 10:23:30', '2018-04-10 10:23:30', 'b84286ba-489d-4e3a-8af6-0f026c673e6f'),
 ('544', '39', '563', NULL, '562', '1', '2018-04-10 10:58:29', '2018-04-10 10:58:29', '4c200ce9-4a83-438c-a9da-0e4609a6bfa9'),
 ('545', '53', '563', NULL, '510', '1', '2018-04-10 10:58:29', '2018-04-10 10:58:29', '2e160d8f-f789-442f-bb25-1bc09a334f9c'),
 ('546', '53', '563', NULL, '511', '2', '2018-04-10 10:58:29', '2018-04-10 10:58:29', 'b4ba58e6-0ceb-4091-909e-f6ec64d50e96'),
 ('547', '53', '563', NULL, '512', '3', '2018-04-10 10:58:29', '2018-04-10 10:58:29', 'e1f547a4-fe63-4e09-8d8c-84599d766fb3'),
 ('548', '53', '563', NULL, '515', '4', '2018-04-10 10:58:29', '2018-04-10 10:58:29', '46231728-8d70-4806-a920-0bf38c4a7fcd'),
 ('549', '40', '563', NULL, '539', '1', '2018-04-10 10:58:30', '2018-04-10 10:58:30', 'b7a7b0e4-02fc-48fd-955f-2703368584a1'),
 ('550', '40', '563', NULL, '540', '2', '2018-04-10 10:58:30', '2018-04-10 10:58:30', 'd6d05341-9280-4c81-b3ba-315c1cc4ec92'),
 ('551', '40', '563', NULL, '541', '3', '2018-04-10 10:58:30', '2018-04-10 10:58:30', '739c2198-5a5d-4d0e-b30c-837bbbd1c089'),
 ('552', '40', '563', NULL, '542', '4', '2018-04-10 10:58:30', '2018-04-10 10:58:30', '87b940f5-a233-4143-8291-ca0eec7608da'),
 ('553', '40', '563', NULL, '543', '5', '2018-04-10 10:58:30', '2018-04-10 10:58:30', 'c3d460c7-2734-4d21-b6e5-b33617faf23f'),
 ('554', '40', '563', NULL, '544', '6', '2018-04-10 10:58:30', '2018-04-10 10:58:30', 'a5effcd3-17c0-4d35-985e-88fb9a9895ff'),
 ('555', '40', '563', NULL, '545', '7', '2018-04-10 10:58:30', '2018-04-10 10:58:30', 'd081a8c2-3ace-4c23-b045-f574fe773ea7'),
 ('556', '40', '563', NULL, '546', '8', '2018-04-10 10:58:30', '2018-04-10 10:58:30', 'ece217c2-f5cb-40c1-8257-48b1302487be'),
 ('557', '40', '563', NULL, '547', '9', '2018-04-10 10:58:30', '2018-04-10 10:58:30', 'ac96e449-4676-469f-ac9e-040d4caf4ba2'),
 ('558', '40', '563', NULL, '548', '10', '2018-04-10 10:58:30', '2018-04-10 10:58:30', '34a3a46f-521a-455a-98da-606d2ae9e4d8'),
 ('559', '40', '563', NULL, '549', '11', '2018-04-10 10:58:30', '2018-04-10 10:58:30', 'fb95dbfa-b4ff-469a-b3eb-66a0e1d4be41'),
 ('560', '46', '563', NULL, '550', '1', '2018-04-10 10:58:30', '2018-04-10 10:58:30', 'c5ad5168-6da9-43d5-bc4b-f103b293e650'),
 ('561', '47', '563', NULL, '551', '1', '2018-04-10 10:58:30', '2018-04-10 10:58:30', '4dbd8e5f-b543-4284-be65-8954fea1c398'),
 ('562', '47', '563', NULL, '552', '2', '2018-04-10 10:58:30', '2018-04-10 10:58:30', '29890782-63a2-427f-8f5c-d222877ffd31'),
 ('563', '47', '563', NULL, '553', '3', '2018-04-10 10:58:30', '2018-04-10 10:58:30', '2dfc8f39-6cf1-4a1e-8161-7c053b37e7e2'),
 ('564', '47', '563', NULL, '554', '4', '2018-04-10 10:58:30', '2018-04-10 10:58:30', '00be35bc-6803-43dd-8e54-deb31a5eaba9'),
 ('565', '47', '563', NULL, '555', '5', '2018-04-10 10:58:30', '2018-04-10 10:58:30', '3f6b22e6-efa9-4d07-9555-175e9b3e0701'),
 ('566', '47', '563', NULL, '556', '6', '2018-04-10 10:58:30', '2018-04-10 10:58:30', 'b1138de0-fe20-4227-ab77-c5f132289949'),
 ('567', '47', '563', NULL, '557', '7', '2018-04-10 10:58:30', '2018-04-10 10:58:30', '09e40333-24e5-491b-8ba2-6518aa0b6a4d'),
 ('568', '47', '563', NULL, '558', '8', '2018-04-10 10:58:30', '2018-04-10 10:58:30', '3b0578dc-c6d1-412a-9b0c-8e598bdc6344'),
 ('569', '47', '563', NULL, '559', '9', '2018-04-10 10:58:30', '2018-04-10 10:58:30', '8b045775-4d8c-40c4-8d93-dfb326e77fcc'),
 ('570', '47', '563', NULL, '560', '10', '2018-04-10 10:58:30', '2018-04-10 10:58:30', '1587a882-54ee-4df1-9e4b-06c6b7544152'),
 ('571', '47', '563', NULL, '561', '11', '2018-04-10 10:58:30', '2018-04-10 10:58:30', '9debe767-f406-4524-bc3f-874e03b4b27e'),
 ('589', '39', '594', NULL, '593', '1', '2018-04-10 11:23:08', '2018-04-10 11:23:08', '6b6cd1f9-7991-4860-bad5-05a69dbcd86c'),
 ('590', '53', '594', NULL, '510', '1', '2018-04-10 11:23:08', '2018-04-10 11:23:08', 'f9a8ff8e-1967-4271-bb79-7138f48714a8'),
 ('591', '53', '594', NULL, '511', '2', '2018-04-10 11:23:08', '2018-04-10 11:23:08', '7461d1c0-2b87-47bf-a3bc-8324dc3a60bd'),
 ('592', '53', '594', NULL, '512', '3', '2018-04-10 11:23:08', '2018-04-10 11:23:08', 'b221a897-fd37-494a-836a-11826883a811'),
 ('593', '53', '594', NULL, '515', '4', '2018-04-10 11:23:08', '2018-04-10 11:23:08', '9760f893-35f0-4f52-8354-b31fe121136f'),
 ('594', '36', '594', NULL, '566', '1', '2018-04-10 11:23:08', '2018-04-10 11:23:08', 'c3edbdea-8763-4c87-b32a-be7b85471e52'),
 ('595', '36', '594', NULL, '567', '2', '2018-04-10 11:23:08', '2018-04-10 11:23:08', 'fa925989-e695-4f1e-9b5a-a6f7982fb7e5'),
 ('596', '36', '594', NULL, '568', '3', '2018-04-10 11:23:08', '2018-04-10 11:23:08', 'f436d3d2-2927-44e8-8d65-bb7c79f88625'),
 ('597', '36', '594', NULL, '569', '4', '2018-04-10 11:23:08', '2018-04-10 11:23:08', 'c2f654db-1b53-4c50-abce-a74bbfe646be'),
 ('598', '40', '594', NULL, '570', '1', '2018-04-10 11:23:08', '2018-04-10 11:23:08', 'afd08b6a-0e04-41bb-80c6-2ed68fba5235'),
 ('599', '40', '594', NULL, '571', '2', '2018-04-10 11:23:08', '2018-04-10 11:23:08', 'cb6bda50-1423-4775-974a-f80faa6029a3'),
 ('600', '40', '594', NULL, '572', '3', '2018-04-10 11:23:08', '2018-04-10 11:23:08', '34aa8b5e-13bd-4839-8942-186c412234b9'),
 ('601', '40', '594', NULL, '573', '4', '2018-04-10 11:23:08', '2018-04-10 11:23:08', '22926f68-af78-4b9f-86c5-fd2411461a7d'),
 ('602', '40', '594', NULL, '574', '5', '2018-04-10 11:23:08', '2018-04-10 11:23:08', 'fc87cc16-1b9c-4255-8b4b-cf54f902b45f'),
 ('603', '40', '594', NULL, '575', '6', '2018-04-10 11:23:08', '2018-04-10 11:23:08', '81b4c975-1b77-4ffb-a08b-85d939b4a2cf'),
 ('604', '40', '594', NULL, '576', '7', '2018-04-10 11:23:08', '2018-04-10 11:23:08', '2dd4b0ec-f5bc-4c0f-8e5c-4c7c540adce3'),
 ('605', '40', '594', NULL, '577', '8', '2018-04-10 11:23:08', '2018-04-10 11:23:08', '61121d15-ab05-4fe1-86a5-9b199e73184d'),
 ('606', '40', '594', NULL, '578', '9', '2018-04-10 11:23:08', '2018-04-10 11:23:08', 'f293bd43-8ca0-42a7-913a-604933ec6f57'),
 ('607', '40', '594', NULL, '579', '10', '2018-04-10 11:23:08', '2018-04-10 11:23:08', '46cac7e5-a93f-4202-8132-a777e92d8b7a'),
 ('608', '40', '594', NULL, '580', '11', '2018-04-10 11:23:08', '2018-04-10 11:23:08', 'ebbaa29b-345e-49df-9513-58d0c0cd5327'),
 ('609', '40', '594', NULL, '581', '12', '2018-04-10 11:23:08', '2018-04-10 11:23:08', '00253f89-205c-4406-8898-152d3cc98657'),
 ('610', '47', '594', NULL, '583', '1', '2018-04-10 11:23:09', '2018-04-10 11:23:09', 'b044cf5e-5427-49a7-85e9-53412cda40f7'),
 ('611', '47', '594', NULL, '585', '2', '2018-04-10 11:23:09', '2018-04-10 11:23:09', 'd21d7f88-d3ee-4e5d-9b54-b492be91c697'),
 ('612', '47', '594', NULL, '586', '3', '2018-04-10 11:23:09', '2018-04-10 11:23:09', '3932fe81-c2e8-4aab-bdfe-009851718539'),
 ('613', '47', '594', NULL, '587', '4', '2018-04-10 11:23:09', '2018-04-10 11:23:09', 'b0143dda-fcf6-4539-88b3-948849425f6c'),
 ('614', '47', '594', NULL, '588', '5', '2018-04-10 11:23:09', '2018-04-10 11:23:09', '6f3aecd4-8fa2-4894-9432-83ef827db75f'),
 ('615', '47', '594', NULL, '589', '6', '2018-04-10 11:23:09', '2018-04-10 11:23:09', '43963810-7618-44d5-8087-277a54474dad'),
 ('616', '47', '594', NULL, '590', '7', '2018-04-10 11:23:09', '2018-04-10 11:23:09', '1033370f-214b-4658-a775-97eef443a6c6'),
 ('617', '47', '594', NULL, '591', '8', '2018-04-10 11:23:09', '2018-04-10 11:23:09', '4e052928-3a7c-4dc1-a50f-c2775b6bc895'),
 ('618', '47', '594', NULL, '592', '9', '2018-04-10 11:23:09', '2018-04-10 11:23:09', 'df815412-f3b0-4f2e-bd05-307e4613c480'),
 ('633', '39', '604', NULL, '603', '1', '2018-04-10 11:43:28', '2018-04-10 11:43:28', 'ede2cada-415b-4081-8b1d-275c7f4ff84c'),
 ('634', '53', '604', NULL, '510', '1', '2018-04-10 11:43:28', '2018-04-10 11:43:28', '0800bec9-91a9-4323-89da-564b8fca23e2'),
 ('635', '53', '604', NULL, '511', '2', '2018-04-10 11:43:28', '2018-04-10 11:43:28', '6d7194a3-1db0-4265-bd8c-d0ce4b92feba'),
 ('636', '53', '604', NULL, '512', '3', '2018-04-10 11:43:28', '2018-04-10 11:43:28', 'f9f1b31d-6a16-4313-aa58-71431faf73c0'),
 ('637', '53', '604', NULL, '515', '4', '2018-04-10 11:43:28', '2018-04-10 11:43:28', '7d312e45-e495-44e2-ac7e-0922388f8270'),
 ('638', '36', '604', NULL, '595', '1', '2018-04-10 11:43:28', '2018-04-10 11:43:28', 'c8991774-af5b-4ded-8784-74c9c084eb51'),
 ('639', '36', '604', NULL, '596', '2', '2018-04-10 11:43:28', '2018-04-10 11:43:28', '45622f52-d9ae-4a35-9e27-34ae1e4b6576'),
 ('640', '40', '604', NULL, '606', '1', '2018-04-10 11:43:28', '2018-04-10 11:43:28', '187c7e1b-ea3f-4c46-b620-17cb15c74dcc'),
 ('641', '40', '604', NULL, '607', '2', '2018-04-10 11:43:28', '2018-04-10 11:43:28', 'e3b59da6-6c88-462f-8efa-cdac7594ee1f'),
 ('642', '40', '604', NULL, '608', '3', '2018-04-10 11:43:28', '2018-04-10 11:43:28', '07a9031f-4253-48fd-b3e3-9f529e9ea84a'),
 ('643', '40', '604', NULL, '609', '4', '2018-04-10 11:43:28', '2018-04-10 11:43:28', 'afc68c12-da10-488e-93ba-52bcc8f18ffc'),
 ('644', '40', '604', NULL, '610', '5', '2018-04-10 11:43:28', '2018-04-10 11:43:28', 'aa5fb4bb-a309-4a13-822b-9f3c0828dd77'),
 ('645', '40', '604', NULL, '611', '6', '2018-04-10 11:43:28', '2018-04-10 11:43:28', '94a96b43-fffd-4eb2-a684-644738d2498c'),
 ('646', '47', '604', NULL, '597', '1', '2018-04-10 11:43:28', '2018-04-10 11:43:28', '79b91ee4-6d35-4363-a254-e3a190f972eb'),
 ('647', '47', '604', NULL, '598', '2', '2018-04-10 11:43:28', '2018-04-10 11:43:28', '0c2c073d-dfa2-48e3-b1cc-3189aea4fa7d'),
 ('648', '47', '604', NULL, '599', '3', '2018-04-10 11:43:28', '2018-04-10 11:43:28', '0413006b-0537-4905-9377-d74d6b330476'),
 ('649', '47', '604', NULL, '600', '4', '2018-04-10 11:43:28', '2018-04-10 11:43:28', 'c2ca781c-8f0b-44f7-b317-ca3314ec837d'),
 ('650', '47', '604', NULL, '601', '5', '2018-04-10 11:43:28', '2018-04-10 11:43:28', '3cd226b9-7cd1-40a4-9cb0-3ec46ad3c099'),
 ('651', '47', '604', NULL, '602', '6', '2018-04-10 11:43:28', '2018-04-10 11:43:28', 'c40e2fc2-7534-4e9b-b286-a93cb0ef6b4c'),
 ('652', '39', '491', NULL, '490', '1', '2018-04-11 09:36:05', '2018-04-11 09:36:05', '066eddd4-f266-40e7-8334-ba765dc5f54e'),
 ('653', '53', '491', NULL, '511', '1', '2018-04-11 09:36:05', '2018-04-11 09:36:05', '051328e5-6915-4338-8c60-d321ed8e4221'),
 ('654', '53', '491', NULL, '512', '2', '2018-04-11 09:36:05', '2018-04-11 09:36:05', '0c1ebf30-ca31-4bcd-ac71-bfecc7b75080'),
 ('655', '36', '491', NULL, '493', '1', '2018-04-11 09:36:05', '2018-04-11 09:36:05', '54c9064f-f795-4868-9eba-76ee5e864c1b'),
 ('656', '40', '491', NULL, '475', '1', '2018-04-11 09:36:05', '2018-04-11 09:36:05', '7d9d9205-49d6-44e9-a6e0-83ef3745ddb4'),
 ('657', '40', '491', NULL, '476', '2', '2018-04-11 09:36:05', '2018-04-11 09:36:05', 'b00330b1-88ae-41ab-a8c3-fdea554c6443'),
 ('658', '40', '491', NULL, '477', '3', '2018-04-11 09:36:05', '2018-04-11 09:36:05', 'd9569af4-5749-4e67-9fb7-adb9464d5f12'),
 ('659', '40', '491', NULL, '478', '4', '2018-04-11 09:36:05', '2018-04-11 09:36:05', 'e5abdf9a-e40f-408c-a505-6a00b94f5075'),
 ('660', '40', '491', NULL, '479', '5', '2018-04-11 09:36:05', '2018-04-11 09:36:05', '4a309956-ad02-44de-bb2a-138bea7629bb'),
 ('661', '40', '491', NULL, '480', '6', '2018-04-11 09:36:05', '2018-04-11 09:36:05', 'add6ed3d-6ae9-4f66-85a7-4f9cef8ecda3'),
 ('662', '40', '491', NULL, '482', '7', '2018-04-11 09:36:05', '2018-04-11 09:36:05', 'e8ee5b32-3e7e-4360-9a45-1cb2faf39830'),
 ('663', '40', '491', NULL, '483', '8', '2018-04-11 09:36:05', '2018-04-11 09:36:05', 'ad078d70-7696-40c7-ace8-568ba76aa56e'),
 ('664', '40', '491', NULL, '484', '9', '2018-04-11 09:36:05', '2018-04-11 09:36:05', 'da98d1c0-ee0f-4642-9f8a-bf767f71bf11'),
 ('665', '40', '491', NULL, '485', '10', '2018-04-11 09:36:05', '2018-04-11 09:36:05', '1ffa6ec7-758f-46d7-9b09-9cdfd336e739'),
 ('666', '46', '491', NULL, '486', '1', '2018-04-11 09:36:05', '2018-04-11 09:36:05', 'c23fa6e5-9585-4e05-a175-55e4bf2a665d'),
 ('667', '47', '491', NULL, '487', '1', '2018-04-11 09:36:05', '2018-04-11 09:36:05', '9195e90a-5976-47b1-9180-beb47dbeef63'),
 ('668', '47', '491', NULL, '488', '2', '2018-04-11 09:36:05', '2018-04-11 09:36:05', '6eaae500-8a2d-4894-b016-018c420f6491'),
 ('669', '47', '491', NULL, '489', '3', '2018-04-11 09:36:05', '2018-04-11 09:36:05', '32e86f3c-b628-4853-aeef-08acf0e2df28'),
 ('678', '7', '31', NULL, '6', '1', '2018-04-11 09:36:23', '2018-04-11 09:36:23', '5e4d2f3b-d313-4f2b-98fa-0fef46f673b5'),
 ('679', '7', '31', NULL, '18', '2', '2018-04-11 09:36:23', '2018-04-11 09:36:23', '74cd3691-19c4-4ae2-a1c0-1e280b63e0b0'),
 ('680', '7', '31', NULL, '19', '3', '2018-04-11 09:36:23', '2018-04-11 09:36:23', '79926c77-1fd1-4d26-bd0b-f1cdac3854ea');
INSERT INTO `craft_relations` (`id`, `fieldId`, `sourceId`, `sourceLocale`, `targetId`, `sortOrder`, `dateCreated`, `dateUpdated`, `uid`) VALUES
 ('681', '7', '31', NULL, '29', '4', '2018-04-11 09:36:23', '2018-04-11 09:36:23', 'ee2534ab-b1a9-4401-80c8-dd3bcededd22'),
 ('682', '7', '31', NULL, '20', '5', '2018-04-11 09:36:23', '2018-04-11 09:36:23', '3aab5b42-5057-4825-b998-b99c2431ce3b'),
 ('683', '7', '31', NULL, '30', '6', '2018-04-11 09:36:23', '2018-04-11 09:36:23', 'e3fa41a1-842d-41c3-b0f0-2c3047d354a7'),
 ('684', '7', '31', NULL, '9', '7', '2018-04-11 09:36:23', '2018-04-11 09:36:23', '5865b699-6a8b-4f71-8772-82eb7a03bc1e'),
 ('685', '7', '31', NULL, '10', '8', '2018-04-11 09:36:23', '2018-04-11 09:36:23', '2c3ca5ff-4f20-4d75-a111-691c2c351d09'),
 ('686', '10', '32', NULL, '29', '1', '2018-04-11 09:36:23', '2018-04-11 09:36:23', '447df9f4-47fd-4606-8c80-d9670411525d'),
 ('687', '14', '36', NULL, '38', '1', '2018-04-11 09:36:23', '2018-04-11 09:36:23', 'd90e2c1c-e457-4eaa-8d00-d179f863020a'),
 ('688', '35', '110', NULL, '6', '1', '2018-04-11 09:36:23', '2018-04-11 09:36:23', 'c71bfa32-5969-4118-8450-911ffb37d7cf'),
 ('689', '35', '110', NULL, '9', '2', '2018-04-11 09:36:23', '2018-04-11 09:36:23', 'f752ca1e-5668-42cd-86b0-a50d65756dd5'),
 ('698', '48', '326', NULL, '605', '1', '2018-04-23 13:45:28', '2018-04-23 13:45:28', 'ee4efb7c-fc84-47c8-9272-822a9cec028f'),
 ('701', '48', '564', NULL, '565', '1', '2018-04-27 14:04:20', '2018-04-27 14:04:20', '5e1f6791-bed6-4f74-9b27-fbec646fb805'),
 ('702', '39', '4', NULL, '325', '1', '2018-05-02 08:51:23', '2018-05-02 08:51:23', 'b9ad2a0f-afab-4a32-9016-88e23435ef5a'),
 ('703', '53', '4', NULL, '513', '1', '2018-05-02 08:51:23', '2018-05-02 08:51:23', '0eb8d8b0-f2a2-4295-a5e9-cad07b55b700'),
 ('704', '53', '4', NULL, '514', '2', '2018-05-02 08:51:23', '2018-05-02 08:51:23', 'fa49f603-a468-47c8-8a91-e9913efa8e95'),
 ('705', '53', '4', NULL, '516', '3', '2018-05-02 08:51:23', '2018-05-02 08:51:23', '3cb1b251-8a56-4a34-a993-01ffdbc8ab1b'),
 ('706', '36', '4', NULL, '325', '1', '2018-05-02 08:51:23', '2018-05-02 08:51:23', 'ca488005-0508-416e-b3b7-f46b7910a6c7'),
 ('707', '36', '4', NULL, '18', '2', '2018-05-02 08:51:23', '2018-05-02 08:51:23', 'd733077a-77a6-4043-a2c4-652de98cbd22'),
 ('708', '36', '4', NULL, '19', '3', '2018-05-02 08:51:23', '2018-05-02 08:51:23', '4315734a-f23d-41d6-b1bd-5220b0c111e8'),
 ('709', '36', '4', NULL, '29', '4', '2018-05-02 08:51:23', '2018-05-02 08:51:23', 'caac4901-5039-4cf0-b8e7-5b7be04f3e15'),
 ('714', '74', '534', NULL, '524', '1', '2018-07-11 09:50:59', '2018-07-11 09:50:59', 'c6186a4e-bb50-468e-851a-3f5620d14760'),
 ('715', '74', '534', NULL, '2', '2', '2018-07-11 09:50:59', '2018-07-11 09:50:59', 'd61f1928-48cf-4fed-8684-22b618758d40');



DROP TABLE IF EXISTS `craft_routes`;


--
-- Schema for table `craft_routes`
--
CREATE TABLE `craft_routes` (
  `id` int(11) NOT NULL AUTO_INCREMENT,
  `locale` char(12) COLLATE utf8_unicode_ci DEFAULT NULL,
  `urlParts` varchar(255) COLLATE utf8_unicode_ci NOT NULL,
  `urlPattern` varchar(255) COLLATE utf8_unicode_ci NOT NULL,
  `template` varchar(255) COLLATE utf8_unicode_ci NOT NULL,
  `sortOrder` smallint(6) unsigned DEFAULT NULL,
  `dateCreated` datetime NOT NULL,
  `dateUpdated` datetime NOT NULL,
  `uid` char(36) COLLATE utf8_unicode_ci NOT NULL DEFAULT '0',
  PRIMARY KEY (`id`),
  KEY `craft_routes_locale_idx` (`locale`),
  KEY `craft_routes_urlPattern_idx` (`urlPattern`)
) ENGINE=InnoDB AUTO_INCREMENT=2 DEFAULT CHARSET=utf8 COLLATE=utf8_unicode_ci;

--
-- Data for table `craft_routes`
--

INSERT INTO `craft_routes` (`id`, `locale`, `urlParts`, `urlPattern`, `template`, `sortOrder`, `dateCreated`, `dateUpdated`, `uid`) VALUES
 ('1', NULL, '[\"members\\/\",[\"*\",\"[^\\\\\\/]+\"]]', 'members\\/([^\\/]+)', 'members/_profile.html', '1', '2018-02-20 10:12:47', '2018-02-20 10:12:47', '5e8e0954-d652-4498-9a36-4134dd424373');



DROP TABLE IF EXISTS `craft_searchindex`;


--
-- Schema for table `craft_searchindex`
--
CREATE TABLE `craft_searchindex` (
  `elementId` int(11) NOT NULL,
  `attribute` varchar(25) COLLATE utf8_unicode_ci NOT NULL,
  `fieldId` int(11) NOT NULL,
  `locale` char(12) COLLATE utf8_unicode_ci NOT NULL,
  `keywords` text COLLATE utf8_unicode_ci NOT NULL,
  PRIMARY KEY (`elementId`,`attribute`,`fieldId`,`locale`),
  FULLTEXT KEY `craft_searchindex_keywords_idx` (`keywords`)
) ENGINE=MyISAM DEFAULT CHARSET=utf8 COLLATE=utf8_unicode_ci;

--
-- Data for table `craft_searchindex`
--

INSERT INTO `craft_searchindex` (`elementId`, `attribute`, `fieldId`, `locale`, `keywords`) VALUES
 ('1', 'username', '0', 'en_gb', ' theboss '),
 ('1', 'firstname', '0', 'en_gb', ' luca '),
 ('1', 'lastname', '0', 'en_gb', ' jeg '),
 ('1', 'fullname', '0', 'en_gb', ' luca jeg '),
 ('1', 'email', '0', 'en_gb', ' luca ipopdigital com '),
 ('1', 'slug', '0', 'en_gb', ''),
 ('2', 'slug', '0', 'en_gb', ' homepage '),
 ('2', 'title', '0', 'en_gb', ' aja '),
 ('2', 'field', '1', 'en_gb', ' it s true this site doesn t have a whole lot of content yet but don t worry our web developers have just installed the cms and they re setting things up for the content editors this very moment soon localhost will be an oasis of fresh perspectives sharp analyses and astute opinions that will keep you coming back again and again '),
 ('606', 'extension', '0', 'en_gb', ' jpg '),
 ('606', 'filename', '0', 'en_gb', ' 11fc873 montage superimposed model jpg '),
 ('605', 'slug', '0', 'en_gb', ' 9877386 justin gallaher 2 '),
 ('605', 'title', '0', 'en_gb', ' 9877386 justin gallaher 2 '),
 ('605', 'extension', '0', 'en_gb', ' jpg '),
 ('375', 'title', '0', 'en_gb', ' 73ae604 grey text '),
 ('4', 'slug', '0', 'en_gb', ' example project 1 '),
 ('4', 'title', '0', 'en_gb', ' example project 1 '),
 ('10', 'kind', '0', 'en_gb', ' image '),
 ('10', 'slug', '0', 'en_gb', ' untitled 3 '),
 ('10', 'title', '0', 'en_gb', ' untitled 3 '),
 ('4', 'field', '3', 'en_gb', ' proj1 '),
 ('6', 'filename', '0', 'en_gb', ' proj1 png '),
 ('6', 'extension', '0', 'en_gb', ' png '),
 ('6', 'kind', '0', 'en_gb', ' image '),
 ('6', 'slug', '0', 'en_gb', ' proj1 '),
 ('6', 'title', '0', 'en_gb', ' proj1 '),
 ('10', 'extension', '0', 'en_gb', ' jpg '),
 ('10', 'filename', '0', 'en_gb', ' untitled 3 jpg '),
 ('4', 'field', '4', 'en_gb', ' proj1 thumb thumb2 thumbt untitled 1 untitled 1f untitled 2 untitled 3 video by ipop digital video by ipop digital photography by andy le gresley photography by andy le gresley art direction jon moore art direction jon moore website www ipopdigital com website www ipopdigital com thumbt https www youtube com watch v=xcjtl7qggti night lorem ipsum dolor sit amet consectetuer adipiscing elit sed diam nonummy nibh euismod tincidunt ut laoreet dolore magna aliquam erat volutpat jon moore the chamber of commerce proj1 untitled 2 '),
 ('9', 'filename', '0', 'en_gb', ' untitled 2 jpg '),
 ('9', 'extension', '0', 'en_gb', ' jpg '),
 ('9', 'kind', '0', 'en_gb', ' image '),
 ('9', 'slug', '0', 'en_gb', ' untitled 2 '),
 ('9', 'title', '0', 'en_gb', ' untitled 2 '),
 ('326', 'field', '18', 'en_gb', ' f '),
 ('326', 'field', '19', 'en_gb', ' f '),
 ('326', 'field', '20', 'en_gb', ' f '),
 ('326', 'field', '21', 'en_gb', ''),
 ('4', 'field', '39', 'en_gb', ' proj1 '),
 ('18', 'kind', '0', 'en_gb', ' image '),
 ('18', 'slug', '0', 'en_gb', ' thumb '),
 ('18', 'extension', '0', 'en_gb', ' png '),
 ('18', 'filename', '0', 'en_gb', ' thumb png '),
 ('19', 'kind', '0', 'en_gb', ' image '),
 ('19', 'slug', '0', 'en_gb', ' thumb2 '),
 ('19', 'extension', '0', 'en_gb', ' png '),
 ('19', 'filename', '0', 'en_gb', ' thumb2 png '),
 ('20', 'kind', '0', 'en_gb', ' image '),
 ('20', 'slug', '0', 'en_gb', ' untitled 1 '),
 ('20', 'extension', '0', 'en_gb', ' jpg '),
 ('20', 'filename', '0', 'en_gb', ' untitled 1 jpg '),
 ('29', 'title', '0', 'en_gb', ' thumbt '),
 ('32', 'field', '11', 'en_gb', ' video by ipop digital video by ipop digital photography by andy le gresley photography by andy le gresley art direction jon moore art direction jon moore website www ipopdigital com website www ipopdigital com '),
 ('32', 'field', '10', 'en_gb', ' thumbt '),
 ('323', 'title', '0', 'en_gb', ' proj1 '),
 ('323', 'slug', '0', 'en_gb', ' proj1 '),
 ('323', 'kind', '0', 'en_gb', ' image '),
 ('323', 'extension', '0', 'en_gb', ' jpg '),
 ('36', 'field', '12', 'en_gb', ' lorem ipsum dolor sit amet consectetuer adipiscing elit sed diam nonummy nibh euismod tincidunt ut laoreet dolore magna aliquam erat volutpat '),
 ('18', 'title', '0', 'en_gb', ' thumb '),
 ('19', 'title', '0', 'en_gb', ' thumb2 '),
 ('20', 'title', '0', 'en_gb', ' untitled 1 '),
 ('29', 'kind', '0', 'en_gb', ' image '),
 ('29', 'slug', '0', 'en_gb', ' thumbt '),
 ('29', 'extension', '0', 'en_gb', ' jpg '),
 ('29', 'filename', '0', 'en_gb', ' thumbt jpg '),
 ('30', 'title', '0', 'en_gb', ' untitled 1f '),
 ('30', 'kind', '0', 'en_gb', ' image '),
 ('30', 'slug', '0', 'en_gb', ' untitled 1f '),
 ('30', 'extension', '0', 'en_gb', ' jpg '),
 ('30', 'filename', '0', 'en_gb', ' untitled 1f jpg '),
 ('32', 'slug', '0', 'en_gb', ''),
 ('32', 'field', '9', 'en_gb', ''),
 ('31', 'slug', '0', 'en_gb', ''),
 ('31', 'field', '7', 'en_gb', ' proj1 thumb thumb2 thumbt untitled 1 untitled 1f untitled 2 untitled 3 '),
 ('32', 'field', '8', 'en_gb', ' https www youtube com watch v=xcjtl7qggti '),
 ('110', 'slug', '0', 'en_gb', ''),
 ('174', 'title', '0', 'en_gb', ' hh '),
 ('36', 'field', '13', 'en_gb', ' jon moore '),
 ('36', 'field', '14', 'en_gb', ' night '),
 ('36', 'slug', '0', 'en_gb', ''),
 ('36', 'field', '15', 'en_gb', ' the chamber of commerce '),
 ('110', 'field', '35', 'en_gb', ' proj1 untitled 2 '),
 ('38', 'filename', '0', 'en_gb', ' night jpg '),
 ('38', 'extension', '0', 'en_gb', ' jpg '),
 ('38', 'kind', '0', 'en_gb', ' image '),
 ('38', 'slug', '0', 'en_gb', ' night '),
 ('38', 'title', '0', 'en_gb', ' night '),
 ('174', 'field', '36', 'en_gb', ''),
 ('174', 'field', '4', 'en_gb', ''),
 ('174', 'slug', '0', 'en_gb', ' hh '),
 ('174', 'field', '34', 'en_gb', ''),
 ('174', 'field', '3', 'en_gb', ' key '),
 ('174', 'field', '33', 'en_gb', ''),
 ('174', 'field', '32', 'en_gb', ''),
 ('354', 'kind', '0', 'en_gb', ' image '),
 ('325', 'extension', '0', 'en_gb', ' jpg '),
 ('324', 'slug', '0', 'en_gb', ' proj1 '),
 ('324', 'title', '0', 'en_gb', ' proj1 '),
 ('325', 'filename', '0', 'en_gb', ' proj1 jpg ');
INSERT INTO `craft_searchindex` (`elementId`, `attribute`, `fieldId`, `locale`, `keywords`) VALUES
 ('149', 'field', '34', 'en_gb', ''),
 ('149', 'field', '33', 'en_gb', ''),
 ('565', 'filename', '0', 'en_gb', ' d03970f chantelle arnold jpg '),
 ('564', 'email', '0', 'en_gb', ' arniejersey hotmail com '),
 ('564', 'slug', '0', 'en_gb', ''),
 ('564', 'fullname', '0', 'en_gb', ' chantelle arnold '),
 ('565', 'extension', '0', 'en_gb', ' jpg '),
 ('565', 'kind', '0', 'en_gb', ' image '),
 ('565', 'slug', '0', 'en_gb', ' d03970f chantelle arnold '),
 ('565', 'title', '0', 'en_gb', ' d03970f chantelle arnold '),
 ('1', 'field', '18', 'en_gb', ' aja '),
 ('1', 'field', '19', 'en_gb', ' arb '),
 ('1', 'field', '20', 'en_gb', ' riba '),
 ('1', 'field', '21', 'en_gb', ' companyf '),
 ('1', 'field', '22', 'en_gb', ' 123 '),
 ('1', 'field', '23', 'en_gb', ' fff '),
 ('1', 'field', '24', 'en_gb', ' b '),
 ('1', 'field', '26', 'en_gb', ' v '),
 ('1', 'field', '27', 'en_gb', ' d '),
 ('1', 'field', '28', 'en_gb', ' a '),
 ('1', 'field', '25', 'en_gb', ' th '),
 ('4', 'field', '29', 'en_gb', ' godel architects '),
 ('4', 'field', '30', 'en_gb', ' example project 1 '),
 ('4', 'field', '31', 'en_gb', ' st peter jersey '),
 ('4', 'field', '32', 'en_gb', ' www godelarchitects com '),
 ('4', 'field', '33', 'en_gb', ' john smitg '),
 ('4', 'field', '36', 'en_gb', ' proj1 thumb thumb2 thumbt '),
 ('4', 'field', '34', 'en_gb', ' lorem ipsum dolor sit amet consectetuer adipiscing elit sed diam nonummy nibh euismod tincidunt ut laoreet dolore magna aliquam erat volutpat ut wisi enim ad minim '),
 ('354', 'slug', '0', 'en_gb', ' justin gallaher '),
 ('319', 'extension', '0', 'en_gb', ' png '),
 ('319', 'kind', '0', 'en_gb', ' image '),
 ('319', 'slug', '0', 'en_gb', ' defaultuserphoto '),
 ('319', 'title', '0', 'en_gb', ' defaultuserphoto '),
 ('323', 'filename', '0', 'en_gb', ' proj1 jpg '),
 ('320', 'filename', '0', 'en_gb', ' defaultuserphoto png '),
 ('320', 'extension', '0', 'en_gb', ' png '),
 ('320', 'kind', '0', 'en_gb', ' image '),
 ('320', 'slug', '0', 'en_gb', ' defaultuserphoto '),
 ('320', 'title', '0', 'en_gb', ' defaultuserphoto '),
 ('325', 'title', '0', 'en_gb', ' proj1 '),
 ('4', 'field', '38', 'en_gb', ' proj1 '),
 ('325', 'slug', '0', 'en_gb', ' proj1 '),
 ('325', 'kind', '0', 'en_gb', ' image '),
 ('606', 'title', '0', 'en_gb', ' 11fc873 montage superimposed model '),
 ('606', 'slug', '0', 'en_gb', ' 11fc873 montage superimposed model '),
 ('606', 'kind', '0', 'en_gb', ' image '),
 ('250', 'slug', '0', 'en_gb', ' example slide 1 '),
 ('250', 'title', '0', 'en_gb', ' example slide 1 '),
 ('250', 'kind', '0', 'en_gb', ' image '),
 ('250', 'extension', '0', 'en_gb', ' jpg '),
 ('250', 'filename', '0', 'en_gb', ' example slide 1 jpg '),
 ('352', 'filename', '0', 'en_gb', ' b7300c6 justin gallaher jpg '),
 ('352', 'extension', '0', 'en_gb', ' jpg '),
 ('352', 'kind', '0', 'en_gb', ' image '),
 ('352', 'slug', '0', 'en_gb', ' b7300c6 justin gallaher '),
 ('352', 'title', '0', 'en_gb', ' b7300c6 justin gallaher '),
 ('353', 'filename', '0', 'en_gb', ' 03d4c3a justin gallaher jpg '),
 ('353', 'extension', '0', 'en_gb', ' jpg '),
 ('361', 'filename', '0', 'en_gb', ' b8e59c7 bright 1519639355286 png '),
 ('360', 'kind', '0', 'en_gb', ' image '),
 ('356', 'slug', '0', 'en_gb', ' da85d79 robert bar '),
 ('356', 'filename', '0', 'en_gb', ' da85d79 robertbar jpg '),
 ('356', 'extension', '0', 'en_gb', ' jpg '),
 ('356', 'kind', '0', 'en_gb', ' image '),
 ('564', 'firstname', '0', 'en_gb', ' chantelle '),
 ('564', 'username', '0', 'en_gb', ' chantellearnold '),
 ('358', 'title', '0', 'en_gb', ' robert bar '),
 ('358', 'slug', '0', 'en_gb', ' robert bar '),
 ('358', 'kind', '0', 'en_gb', ' image '),
 ('358', 'extension', '0', 'en_gb', ' jpg '),
 ('174', 'field', '31', 'en_gb', ''),
 ('174', 'field', '29', 'en_gb', ''),
 ('150', 'field', '6', 'en_gb', ''),
 ('150', 'slug', '0', 'en_gb', ''),
 ('149', 'title', '0', 'en_gb', ' fff '),
 ('149', 'slug', '0', 'en_gb', ' fff '),
 ('149', 'field', '32', 'en_gb', ''),
 ('149', 'field', '31', 'en_gb', ''),
 ('149', 'field', '3', 'en_gb', ' logo '),
 ('149', 'field', '4', 'en_gb', ''),
 ('324', 'kind', '0', 'en_gb', ' image '),
 ('149', 'field', '29', 'en_gb', ''),
 ('326', 'field', '22', 'en_gb', ''),
 ('564', 'field', '25', 'en_gb', ''),
 ('564', 'field', '28', 'en_gb', ''),
 ('354', 'title', '0', 'en_gb', ' justin gallaher '),
 ('357', 'filename', '0', 'en_gb', ' 877031e robertbar jpg '),
 ('357', 'extension', '0', 'en_gb', ' jpg '),
 ('357', 'kind', '0', 'en_gb', ' image '),
 ('357', 'slug', '0', 'en_gb', ' 877031e robert bar '),
 ('357', 'title', '0', 'en_gb', ' 877031e robert bar '),
 ('356', 'title', '0', 'en_gb', ' da85d79 robert bar '),
 ('564', 'field', '48', 'en_gb', ' d03970f chantelle arnold '),
 ('564', 'field', '18', 'en_gb', ' 1 '),
 ('564', 'field', '19', 'en_gb', ' 1 '),
 ('564', 'field', '20', 'en_gb', ' 12564507 '),
 ('564', 'field', '21', 'en_gb', ' http www architects je '),
 ('564', 'field', '22', 'en_gb', ' 01534 724394 '),
 ('326', 'slug', '0', 'en_gb', ''),
 ('326', 'username', '0', 'en_gb', ' justingallaher ');
INSERT INTO `craft_searchindex` (`elementId`, `attribute`, `fieldId`, `locale`, `keywords`) VALUES
 ('326', 'firstname', '0', 'en_gb', ' justin '),
 ('326', 'lastname', '0', 'en_gb', ' gallaher '),
 ('326', 'fullname', '0', 'en_gb', ' justin gallaher '),
 ('326', 'email', '0', 'en_gb', ' placeholder email com '),
 ('324', 'extension', '0', 'en_gb', ' jpg '),
 ('324', 'filename', '0', 'en_gb', ' proj1 jpg '),
 ('319', 'filename', '0', 'en_gb', ' defaultuserphoto png '),
 ('564', 'lastname', '0', 'en_gb', ' arnold '),
 ('564', 'field', '23', 'en_gb', ' chantelle arnold ba hons march riba chantelle gained her qualification as a chartered architect in 2015 in between her studies at the university of lincoln and liverpool university she gained experience with dyson buesnel architects working on a varied range of housing schemes in 2013 chantelle joined gallaher architects gaining further experience on both domestic and community projects '),
 ('327', 'filename', '0', 'en_gb', ' 46c2373 default skin png '),
 ('326', 'field', '28', 'en_gb', ''),
 ('326', 'field', '25', 'en_gb', ''),
 ('326', 'field', '24', 'en_gb', ''),
 ('326', 'field', '26', 'en_gb', ''),
 ('326', 'field', '27', 'en_gb', ''),
 ('326', 'field', '23', 'en_gb', ' justin gallaher ba hons dip arch riba justin gained his qualification as a chartered architect in 2000 in between his studies at brighton university he spent some of his training practical experience working for an architectural firm in huntsville alabama this work varied from university campus projects space craft inc factories to the 2006 atlanta olympic hockey stadium since joining gallaher architects full time justin became a director in 2007 when the practice changed to a limited company from hewitt gallaher partnership to gallaher architects ltd '),
 ('327', 'title', '0', 'en_gb', ' 46c2373 default skin '),
 ('327', 'slug', '0', 'en_gb', ' 46c2373 default skin '),
 ('327', 'kind', '0', 'en_gb', ' image '),
 ('327', 'extension', '0', 'en_gb', ' png '),
 ('600', 'filename', '0', 'en_gb', ' 45cfce8 after front facade jpg '),
 ('564', 'field', '24', 'en_gb', ' https www facebook com gallaherarchitects '),
 ('564', 'field', '26', 'en_gb', ''),
 ('564', 'field', '27', 'en_gb', ''),
 ('358', 'filename', '0', 'en_gb', ' robertbar jpg '),
 ('351', 'slug', '0', 'en_gb', ' 0364039 justin gallaher '),
 ('351', 'title', '0', 'en_gb', ' 0364039 justin gallaher '),
 ('351', 'extension', '0', 'en_gb', ' jpg '),
 ('351', 'kind', '0', 'en_gb', ' image '),
 ('351', 'filename', '0', 'en_gb', ' 0364039 justin gallaher jpg '),
 ('336', 'filename', '0', 'en_gb', ' ezgif com optimize gif '),
 ('336', 'extension', '0', 'en_gb', ' gif '),
 ('336', 'kind', '0', 'en_gb', ' image '),
 ('336', 'slug', '0', 'en_gb', ' ezgif com optimize '),
 ('336', 'title', '0', 'en_gb', ' ezgif com optimize '),
 ('337', 'field', '39', 'en_gb', ' ezgif com optimize '),
 ('337', 'field', '29', 'en_gb', ''),
 ('337', 'field', '31', 'en_gb', ''),
 ('337', 'field', '32', 'en_gb', ''),
 ('337', 'field', '33', 'en_gb', ''),
 ('337', 'field', '34', 'en_gb', ''),
 ('337', 'field', '36', 'en_gb', ''),
 ('337', 'field', '4', 'en_gb', ''),
 ('337', 'slug', '0', 'en_gb', ' wef '),
 ('337', 'title', '0', 'en_gb', ' wef '),
 ('338', 'filename', '0', 'en_gb', ' 99956ba justin gallaher jpg '),
 ('338', 'extension', '0', 'en_gb', ' jpg '),
 ('338', 'kind', '0', 'en_gb', ' image '),
 ('338', 'slug', '0', 'en_gb', ' 99956ba justin gallaher '),
 ('338', 'title', '0', 'en_gb', ' 99956ba justin gallaher '),
 ('339', 'filename', '0', 'en_gb', ' robertbar jpg '),
 ('339', 'extension', '0', 'en_gb', ' jpg '),
 ('339', 'kind', '0', 'en_gb', ' image '),
 ('339', 'slug', '0', 'en_gb', ' robert bar '),
 ('339', 'title', '0', 'en_gb', ' robert bar '),
 ('350', 'kind', '0', 'en_gb', ' image '),
 ('350', 'slug', '0', 'en_gb', ' 94fd296 justin gallaher '),
 ('350', 'title', '0', 'en_gb', ' 94fd296 justin gallaher '),
 ('349', 'filename', '0', 'en_gb', ' 3f299da justin gallaher jpg '),
 ('349', 'extension', '0', 'en_gb', ' jpg '),
 ('349', 'kind', '0', 'en_gb', ' image '),
 ('349', 'slug', '0', 'en_gb', ' 3f299da justin gallaher '),
 ('349', 'title', '0', 'en_gb', ' 3f299da justin gallaher '),
 ('341', 'filename', '0', 'en_gb', ' example png '),
 ('341', 'extension', '0', 'en_gb', ' png '),
 ('341', 'kind', '0', 'en_gb', ' image '),
 ('341', 'slug', '0', 'en_gb', ' example '),
 ('341', 'title', '0', 'en_gb', ' example '),
 ('347', 'slug', '0', 'en_gb', ' justin gallaher '),
 ('347', 'title', '0', 'en_gb', ' justin gallaher '),
 ('350', 'filename', '0', 'en_gb', ' 94fd296 justin gallaher jpg '),
 ('350', 'extension', '0', 'en_gb', ' jpg '),
 ('346', 'filename', '0', 'en_gb', ' 2d126b5 justin gallaher jpg '),
 ('343', 'filename', '0', 'en_gb', ' 8cba771 justin gallaher jpg '),
 ('343', 'extension', '0', 'en_gb', ' jpg '),
 ('343', 'kind', '0', 'en_gb', ' image '),
 ('343', 'slug', '0', 'en_gb', ' 8cba771 justin gallaher '),
 ('343', 'title', '0', 'en_gb', ' 8cba771 justin gallaher '),
 ('344', 'filename', '0', 'en_gb', ' defaultuserphoto png '),
 ('344', 'extension', '0', 'en_gb', ' png '),
 ('344', 'kind', '0', 'en_gb', ' image '),
 ('344', 'slug', '0', 'en_gb', ' defaultuserphoto '),
 ('344', 'title', '0', 'en_gb', ' defaultuserphoto '),
 ('346', 'slug', '0', 'en_gb', ' 2d126b5 justin gallaher '),
 ('346', 'title', '0', 'en_gb', ' 2d126b5 justin gallaher '),
 ('347', 'filename', '0', 'en_gb', ' justin gallaher jpg '),
 ('347', 'kind', '0', 'en_gb', ' image '),
 ('347', 'extension', '0', 'en_gb', ' jpg '),
 ('346', 'extension', '0', 'en_gb', ' jpg '),
 ('346', 'kind', '0', 'en_gb', ' image '),
 ('311', 'filename', '0', 'en_gb', ' example png '),
 ('311', 'extension', '0', 'en_gb', ' png '),
 ('311', 'kind', '0', 'en_gb', ' image '),
 ('311', 'slug', '0', 'en_gb', ' example '),
 ('311', 'title', '0', 'en_gb', ' example '),
 ('353', 'kind', '0', 'en_gb', ' image '),
 ('353', 'slug', '0', 'en_gb', ' 03d4c3a justin gallaher '),
 ('353', 'title', '0', 'en_gb', ' 03d4c3a justin gallaher '),
 ('354', 'filename', '0', 'en_gb', ' justin gallaher jpg '),
 ('354', 'extension', '0', 'en_gb', ' jpg ');
INSERT INTO `craft_searchindex` (`elementId`, `attribute`, `fieldId`, `locale`, `keywords`) VALUES
 ('360', 'title', '0', 'en_gb', ' 1f68a86 bright 1519639355286 '),
 ('360', 'slug', '0', 'en_gb', ' 1f68a86 bright 1519639355286 '),
 ('360', 'extension', '0', 'en_gb', ' png '),
 ('360', 'filename', '0', 'en_gb', ' 1f68a86 bright 1519639355286 png '),
 ('361', 'extension', '0', 'en_gb', ' png '),
 ('361', 'kind', '0', 'en_gb', ' image '),
 ('361', 'slug', '0', 'en_gb', ' b8e59c7 bright 1519639355286 '),
 ('361', 'title', '0', 'en_gb', ' b8e59c7 bright 1519639355286 '),
 ('374', 'title', '0', 'en_gb', ' 74ac968 grey text '),
 ('374', 'slug', '0', 'en_gb', ' 74ac968 grey text '),
 ('374', 'kind', '0', 'en_gb', ' image '),
 ('374', 'extension', '0', 'en_gb', ' png '),
 ('374', 'filename', '0', 'en_gb', ' 74ac968 grey text png '),
 ('373', 'title', '0', 'en_gb', ' 63af28b house '),
 ('373', 'slug', '0', 'en_gb', ' 63af28b house '),
 ('373', 'kind', '0', 'en_gb', ' image '),
 ('373', 'extension', '0', 'en_gb', ' jpg '),
 ('373', 'filename', '0', 'en_gb', ' 63af28b house jpg '),
 ('372', 'title', '0', 'en_gb', ' cacc01b grey text '),
 ('372', 'slug', '0', 'en_gb', ' cacc01b grey text '),
 ('372', 'kind', '0', 'en_gb', ' image '),
 ('372', 'extension', '0', 'en_gb', ' png '),
 ('372', 'filename', '0', 'en_gb', ' cacc01b grey text png '),
 ('497', 'title', '0', 'en_gb', ' thumb1 '),
 ('497', 'slug', '0', 'en_gb', ' thumb1 '),
 ('497', 'kind', '0', 'en_gb', ' image '),
 ('497', 'filename', '0', 'en_gb', ' thumb1 jpg '),
 ('370', 'filename', '0', 'en_gb', ' justin gallaher jpg '),
 ('370', 'extension', '0', 'en_gb', ' jpg '),
 ('370', 'kind', '0', 'en_gb', ' image '),
 ('370', 'slug', '0', 'en_gb', ' justin gallaher '),
 ('370', 'title', '0', 'en_gb', ' justin gallaher '),
 ('497', 'extension', '0', 'en_gb', ' jpg '),
 ('375', 'slug', '0', 'en_gb', ' 73ae604 grey text '),
 ('375', 'filename', '0', 'en_gb', ' 73ae604 grey text png '),
 ('375', 'extension', '0', 'en_gb', ' png '),
 ('375', 'kind', '0', 'en_gb', ' image '),
 ('371', 'filename', '0', 'en_gb', ' testtesttest jpg '),
 ('371', 'extension', '0', 'en_gb', ' jpg '),
 ('371', 'kind', '0', 'en_gb', ' image '),
 ('371', 'slug', '0', 'en_gb', ' testtesttest '),
 ('371', 'title', '0', 'en_gb', ' testtesttest '),
 ('498', 'field', '39', 'en_gb', ' thumb1 '),
 ('498', 'field', '41', 'en_gb', ' lorem ipsum dolor sit amet consectetur adipiscing elit ut a mi lorem '),
 ('498', 'field', '1', 'en_gb', ' lorem ipsum dolor sit amet consectetur adipiscing elit ut a mi lorem ut condimentum feugiat urna a finibus suspendisse ullamcorper nulla id neque laoreet eu sollicitudin justo ornare nullam suscipit tincidunt sodales quisque sed arcu ut velit ultricies facilisis ut felis elit placerat vitae massa nec dictum rhoncus massa fusce cursus lacus ac tellus malesuada auctor morbi at nunc porta condimentum mauris id semper arcu sed sit amet dui sed ante tristique tincidunt ut vel velit quisque eleifend imperdiet lectus ut nulla leo convallis ac sagittis vitae eleifend quis nibh lorem ipsum dolor sit amet consectetur adipiscing elit ut a mi lorem ut condimentum feugiat urna a finibus suspendisse ullamcorper nulla id neque laoreet eu sollicitudin justo ornare nullam suscipit tincidunt sodales quisque sed arcu ut velit ultricies facilisis ut felis elit placerat vitae massa nec dictum rhoncus massa fusce cursus lacus ac tellus malesuada auctor morbi at nunc porta condimentum mauris id semper arcu sed sit amet dui sed ante tristique tincidunt ut vel velit quisque eleifend imperdiet lectus ut nulla leo convallis ac sagittis vitae eleifend quis nibh '),
 ('605', 'kind', '0', 'en_gb', ' image '),
 ('605', 'filename', '0', 'en_gb', ' 9877386 justin gallaher 2 jpg '),
 ('378', 'filename', '0', 'en_gb', ' 00dfc91 grey text png '),
 ('378', 'extension', '0', 'en_gb', ' png '),
 ('378', 'kind', '0', 'en_gb', ' image '),
 ('378', 'slug', '0', 'en_gb', ' 00dfc91 grey text '),
 ('378', 'title', '0', 'en_gb', ' 00dfc91 grey text '),
 ('379', 'filename', '0', 'en_gb', ' d65e602 house jpg '),
 ('379', 'extension', '0', 'en_gb', ' jpg '),
 ('379', 'kind', '0', 'en_gb', ' image '),
 ('379', 'slug', '0', 'en_gb', ' d65e602 house '),
 ('379', 'title', '0', 'en_gb', ' d65e602 house '),
 ('380', 'filename', '0', 'en_gb', ' a6dd58f house jpg '),
 ('380', 'extension', '0', 'en_gb', ' jpg '),
 ('380', 'kind', '0', 'en_gb', ' image '),
 ('380', 'slug', '0', 'en_gb', ' a6dd58f house '),
 ('380', 'title', '0', 'en_gb', ' a6dd58f house '),
 ('381', 'filename', '0', 'en_gb', ' 95b2ad6 house jpg '),
 ('381', 'extension', '0', 'en_gb', ' jpg '),
 ('381', 'kind', '0', 'en_gb', ' image '),
 ('381', 'slug', '0', 'en_gb', ' 95b2ad6 house '),
 ('381', 'title', '0', 'en_gb', ' 95b2ad6 house '),
 ('382', 'filename', '0', 'en_gb', ' e3a6fb8 house jpg '),
 ('382', 'extension', '0', 'en_gb', ' jpg '),
 ('382', 'kind', '0', 'en_gb', ' image '),
 ('382', 'slug', '0', 'en_gb', ' e3a6fb8 house '),
 ('382', 'title', '0', 'en_gb', ' e3a6fb8 house '),
 ('604', 'slug', '0', 'en_gb', ' anchor house formally ancona '),
 ('604', 'title', '0', 'en_gb', ' anchor house formally ancona '),
 ('604', 'field', '4', 'en_gb', ''),
 ('384', 'filename', '0', 'en_gb', ' 7fcf396 defaultuserphoto png '),
 ('384', 'extension', '0', 'en_gb', ' png '),
 ('384', 'kind', '0', 'en_gb', ' image '),
 ('384', 'slug', '0', 'en_gb', ' 7fcf396 defaultuserphoto '),
 ('384', 'title', '0', 'en_gb', ' 7fcf396 defaultuserphoto '),
 ('385', 'filename', '0', 'en_gb', ' f391c87 grey text png '),
 ('385', 'extension', '0', 'en_gb', ' png '),
 ('385', 'kind', '0', 'en_gb', ' image '),
 ('385', 'slug', '0', 'en_gb', ' f391c87 grey text '),
 ('385', 'title', '0', 'en_gb', ' f391c87 grey text '),
 ('387', 'filename', '0', 'en_gb', ' 88be340 defaultuserphoto png '),
 ('387', 'extension', '0', 'en_gb', ' png '),
 ('387', 'kind', '0', 'en_gb', ' image '),
 ('387', 'slug', '0', 'en_gb', ' 88be340 defaultuserphoto '),
 ('387', 'title', '0', 'en_gb', ' 88be340 defaultuserphoto '),
 ('388', 'filename', '0', 'en_gb', ' 0be89bd grey text png '),
 ('388', 'extension', '0', 'en_gb', ' png '),
 ('388', 'kind', '0', 'en_gb', ' image '),
 ('388', 'slug', '0', 'en_gb', ' 0be89bd grey text '),
 ('388', 'title', '0', 'en_gb', ' 0be89bd grey text '),
 ('389', 'filename', '0', 'en_gb', ' 3b91adf key png '),
 ('389', 'extension', '0', 'en_gb', ' png '),
 ('389', 'kind', '0', 'en_gb', ' image '),
 ('389', 'slug', '0', 'en_gb', ' 3b91adf key '),
 ('389', 'title', '0', 'en_gb', ' 3b91adf key ');
INSERT INTO `craft_searchindex` (`elementId`, `attribute`, `fieldId`, `locale`, `keywords`) VALUES
 ('390', 'filename', '0', 'en_gb', ' 8be0521 defaultuserphoto png '),
 ('390', 'extension', '0', 'en_gb', ' png '),
 ('390', 'kind', '0', 'en_gb', ' image '),
 ('390', 'slug', '0', 'en_gb', ' 8be0521 defaultuserphoto '),
 ('390', 'title', '0', 'en_gb', ' 8be0521 defaultuserphoto '),
 ('391', 'filename', '0', 'en_gb', ' eb8b7d1 grey text png '),
 ('391', 'extension', '0', 'en_gb', ' png '),
 ('391', 'kind', '0', 'en_gb', ' image '),
 ('391', 'slug', '0', 'en_gb', ' eb8b7d1 grey text '),
 ('391', 'title', '0', 'en_gb', ' eb8b7d1 grey text '),
 ('604', 'field', '52', 'en_gb', ''),
 ('604', 'field', '47', 'en_gb', ' 6e5ad57 montage superimposed model d6041af before previous dwelling db1c432 after roadside view 45cfce8 after front facade 914ac0f after finished building a949442 after field view '),
 ('604', 'field', '51', 'en_gb', ''),
 ('604', 'field', '50', 'en_gb', ''),
 ('393', 'filename', '0', 'en_gb', ' aac62cb defaultuserphoto png '),
 ('393', 'extension', '0', 'en_gb', ' png '),
 ('393', 'kind', '0', 'en_gb', ' image '),
 ('393', 'slug', '0', 'en_gb', ' aac62cb defaultuserphoto '),
 ('393', 'title', '0', 'en_gb', ' aac62cb defaultuserphoto '),
 ('394', 'filename', '0', 'en_gb', ' 8a3a74e grey text png '),
 ('394', 'extension', '0', 'en_gb', ' png '),
 ('394', 'kind', '0', 'en_gb', ' image '),
 ('394', 'slug', '0', 'en_gb', ' 8a3a74e grey text '),
 ('394', 'title', '0', 'en_gb', ' 8a3a74e grey text '),
 ('604', 'field', '46', 'en_gb', ''),
 ('604', 'field', '49', 'en_gb', ''),
 ('604', 'field', '45', 'en_gb', ''),
 ('604', 'field', '44', 'en_gb', ''),
 ('396', 'filename', '0', 'en_gb', ' 8397c66 defaultuserphoto png '),
 ('396', 'extension', '0', 'en_gb', ' png '),
 ('396', 'kind', '0', 'en_gb', ' image '),
 ('396', 'slug', '0', 'en_gb', ' 8397c66 defaultuserphoto '),
 ('396', 'title', '0', 'en_gb', ' 8397c66 defaultuserphoto '),
 ('397', 'filename', '0', 'en_gb', ' add59d3 grey text png '),
 ('397', 'extension', '0', 'en_gb', ' png '),
 ('397', 'kind', '0', 'en_gb', ' image '),
 ('397', 'slug', '0', 'en_gb', ' add59d3 grey text '),
 ('397', 'title', '0', 'en_gb', ' add59d3 grey text '),
 ('398', 'filename', '0', 'en_gb', ' 893ca75 key png '),
 ('398', 'extension', '0', 'en_gb', ' png '),
 ('398', 'kind', '0', 'en_gb', ' image '),
 ('398', 'slug', '0', 'en_gb', ' 893ca75 key '),
 ('398', 'title', '0', 'en_gb', ' 893ca75 key '),
 ('604', 'field', '42', 'en_gb', ''),
 ('604', 'field', '43', 'en_gb', ''),
 ('604', 'field', '40', 'en_gb', ' 11fc873 montage superimposed model e3132bb before previous dwelling cdc8aee after roadside view 43ed732 after front facade 8bdef19 after finished building 5cb6b72 after field view '),
 ('400', 'filename', '0', 'en_gb', ' b231bba grey text png '),
 ('400', 'extension', '0', 'en_gb', ' png '),
 ('400', 'kind', '0', 'en_gb', ' image '),
 ('400', 'slug', '0', 'en_gb', ' b231bba grey text '),
 ('400', 'title', '0', 'en_gb', ' b231bba grey text '),
 ('604', 'field', '53', 'en_gb', ' refurbishment extension residential private dwelling '),
 ('604', 'field', '36', 'en_gb', ' 7569088 before previous dwelling 99e024b montage superimposed model '),
 ('604', 'field', '34', 'en_gb', ' this project involved demolishing an existing dwelling in the green zone and replacing it with a traditional jersey 3 bay vernacular building '),
 ('604', 'field', '33', 'en_gb', ''),
 ('604', 'field', '32', 'en_gb', ' www architects je '),
 ('604', 'field', '31', 'en_gb', ' la coupe st martin jersey '),
 ('604', 'field', '29', 'en_gb', ' gallaher architects '),
 ('604', 'field', '39', 'en_gb', ' after finished building '),
 ('603', 'title', '0', 'en_gb', ' after finished building '),
 ('603', 'slug', '0', 'en_gb', ' after finished building '),
 ('603', 'kind', '0', 'en_gb', ' image '),
 ('603', 'extension', '0', 'en_gb', ' jpg '),
 ('603', 'filename', '0', 'en_gb', ' after finished building jpg '),
 ('519', 'extension', '0', 'en_gb', ' png '),
 ('519', 'kind', '0', 'en_gb', ' image '),
 ('519', 'slug', '0', 'en_gb', ' 28515989 545970592448325 3832173685680234943 o '),
 ('519', 'title', '0', 'en_gb', ' 28515989 545970592448325 3832173685680234943 o '),
 ('517', 'extension', '0', 'en_gb', ' jpg '),
 ('517', 'slug', '0', 'en_gb', ' 2 mt vbo w '),
 ('517', 'title', '0', 'en_gb', ' 2 mt vbo w '),
 ('517', 'kind', '0', 'en_gb', ' image '),
 ('602', 'title', '0', 'en_gb', ' a949442 after field view '),
 ('602', 'kind', '0', 'en_gb', ' image '),
 ('602', 'slug', '0', 'en_gb', ' a949442 after field view '),
 ('602', 'extension', '0', 'en_gb', ' jpg '),
 ('602', 'filename', '0', 'en_gb', ' a949442 after field view jpg '),
 ('409', 'filename', '0', 'en_gb', ' defaultuserphoto png '),
 ('409', 'extension', '0', 'en_gb', ' png '),
 ('409', 'kind', '0', 'en_gb', ' image '),
 ('409', 'slug', '0', 'en_gb', ' defaultuserphoto '),
 ('409', 'title', '0', 'en_gb', ' defaultuserphoto '),
 ('601', 'filename', '0', 'en_gb', ' 914ac0f after finished building jpg '),
 ('412', 'filename', '0', 'en_gb', ' house jpg '),
 ('601', 'extension', '0', 'en_gb', ' jpg '),
 ('601', 'kind', '0', 'en_gb', ' image '),
 ('601', 'slug', '0', 'en_gb', ' 914ac0f after finished building '),
 ('601', 'title', '0', 'en_gb', ' 914ac0f after finished building '),
 ('412', 'extension', '0', 'en_gb', ' jpg '),
 ('412', 'kind', '0', 'en_gb', ' image '),
 ('412', 'slug', '0', 'en_gb', ' house '),
 ('412', 'title', '0', 'en_gb', ' house '),
 ('470', 'title', '0', 'en_gb', ' 78ea57d before garden view '),
 ('470', 'slug', '0', 'en_gb', ' 78ea57d before garden view '),
 ('470', 'kind', '0', 'en_gb', ' image '),
 ('470', 'extension', '0', 'en_gb', ' jpg '),
 ('470', 'filename', '0', 'en_gb', ' 78ea57d before garden view jpg '),
 ('469', 'title', '0', 'en_gb', ' cbca7e9 before front elevation '),
 ('414', 'filename', '0', 'en_gb', ' 7329bae justin gallaher jpg '),
 ('414', 'extension', '0', 'en_gb', ' jpg ');
INSERT INTO `craft_searchindex` (`elementId`, `attribute`, `fieldId`, `locale`, `keywords`) VALUES
 ('414', 'kind', '0', 'en_gb', ' image '),
 ('414', 'slug', '0', 'en_gb', ' 7329bae justin gallaher '),
 ('414', 'title', '0', 'en_gb', ' 7329bae justin gallaher '),
 ('415', 'filename', '0', 'en_gb', ' 57a5f46 bright 1519639355286 png '),
 ('415', 'extension', '0', 'en_gb', ' png '),
 ('415', 'kind', '0', 'en_gb', ' image '),
 ('415', 'slug', '0', 'en_gb', ' 57a5f46 bright 1519639355286 '),
 ('415', 'title', '0', 'en_gb', ' 57a5f46 bright 1519639355286 '),
 ('416', 'filename', '0', 'en_gb', ' bfab748 bright 1519639355286 png '),
 ('416', 'extension', '0', 'en_gb', ' png '),
 ('416', 'kind', '0', 'en_gb', ' image '),
 ('416', 'slug', '0', 'en_gb', ' bfab748 bright 1519639355286 '),
 ('416', 'title', '0', 'en_gb', ' bfab748 bright 1519639355286 '),
 ('417', 'filename', '0', 'en_gb', ' 8d7caf2 after entrance hall jpg '),
 ('417', 'extension', '0', 'en_gb', ' jpg '),
 ('417', 'kind', '0', 'en_gb', ' image '),
 ('417', 'slug', '0', 'en_gb', ' 8d7caf2 after entrance hall '),
 ('417', 'title', '0', 'en_gb', ' 8d7caf2 after entrance hall '),
 ('418', 'filename', '0', 'en_gb', ' ff6cdb9 after garden view jpg '),
 ('418', 'extension', '0', 'en_gb', ' jpg '),
 ('418', 'kind', '0', 'en_gb', ' image '),
 ('418', 'slug', '0', 'en_gb', ' ff6cdb9 after garden view '),
 ('418', 'title', '0', 'en_gb', ' ff6cdb9 after garden view '),
 ('419', 'filename', '0', 'en_gb', ' 0b21171 after front elevation jpg '),
 ('419', 'extension', '0', 'en_gb', ' jpg '),
 ('419', 'kind', '0', 'en_gb', ' image '),
 ('419', 'slug', '0', 'en_gb', ' 0b21171 after front elevation '),
 ('419', 'title', '0', 'en_gb', ' 0b21171 after front elevation '),
 ('420', 'filename', '0', 'en_gb', ' c4ad654 after kitchen jpg '),
 ('420', 'extension', '0', 'en_gb', ' jpg '),
 ('420', 'kind', '0', 'en_gb', ' image '),
 ('420', 'slug', '0', 'en_gb', ' c4ad654 after kitchen '),
 ('420', 'title', '0', 'en_gb', ' c4ad654 after kitchen '),
 ('421', 'filename', '0', 'en_gb', ' c86c314 after pellet boiler jpg '),
 ('421', 'extension', '0', 'en_gb', ' jpg '),
 ('421', 'kind', '0', 'en_gb', ' image '),
 ('421', 'slug', '0', 'en_gb', ' c86c314 after pellet boiler '),
 ('421', 'title', '0', 'en_gb', ' c86c314 after pellet boiler '),
 ('422', 'filename', '0', 'en_gb', ' 553756e after master bedroom jpg '),
 ('422', 'extension', '0', 'en_gb', ' jpg '),
 ('422', 'kind', '0', 'en_gb', ' image '),
 ('422', 'slug', '0', 'en_gb', ' 553756e after master bedroom '),
 ('422', 'title', '0', 'en_gb', ' 553756e after master bedroom '),
 ('423', 'filename', '0', 'en_gb', ' cce4608 after staircase jpg '),
 ('423', 'extension', '0', 'en_gb', ' jpg '),
 ('423', 'kind', '0', 'en_gb', ' image '),
 ('423', 'slug', '0', 'en_gb', ' cce4608 after staircase '),
 ('423', 'title', '0', 'en_gb', ' cce4608 after staircase '),
 ('424', 'filename', '0', 'en_gb', ' 0408ea8 before front elevation jpg '),
 ('424', 'extension', '0', 'en_gb', ' jpg '),
 ('424', 'kind', '0', 'en_gb', ' image '),
 ('424', 'slug', '0', 'en_gb', ' 0408ea8 before front elevation '),
 ('424', 'title', '0', 'en_gb', ' 0408ea8 before front elevation '),
 ('425', 'filename', '0', 'en_gb', ' after dining room jpg '),
 ('425', 'extension', '0', 'en_gb', ' jpg '),
 ('425', 'kind', '0', 'en_gb', ' image '),
 ('425', 'slug', '0', 'en_gb', ' after dining room '),
 ('425', 'title', '0', 'en_gb', ' after dining room '),
 ('469', 'slug', '0', 'en_gb', ' cbca7e9 before front elevation '),
 ('469', 'kind', '0', 'en_gb', ' image '),
 ('469', 'filename', '0', 'en_gb', ' cbca7e9 before front elevation jpg '),
 ('469', 'extension', '0', 'en_gb', ' jpg '),
 ('468', 'slug', '0', 'en_gb', ' c009cda after staircase '),
 ('468', 'title', '0', 'en_gb', ' c009cda after staircase '),
 ('468', 'kind', '0', 'en_gb', ' image '),
 ('468', 'extension', '0', 'en_gb', ' jpg '),
 ('467', 'title', '0', 'en_gb', ' 6d58ef7 after pellet boiler '),
 ('467', 'extension', '0', 'en_gb', ' jpg '),
 ('467', 'kind', '0', 'en_gb', ' image '),
 ('467', 'slug', '0', 'en_gb', ' 6d58ef7 after pellet boiler '),
 ('427', 'filename', '0', 'en_gb', ' ezgif com optimize gif '),
 ('427', 'extension', '0', 'en_gb', ' gif '),
 ('427', 'kind', '0', 'en_gb', ' image '),
 ('427', 'slug', '0', 'en_gb', ' ezgif com optimize '),
 ('427', 'title', '0', 'en_gb', ' ezgif com optimize '),
 ('428', 'filename', '0', 'en_gb', ' 683da37 after kitchen jpg '),
 ('428', 'extension', '0', 'en_gb', ' jpg '),
 ('428', 'kind', '0', 'en_gb', ' image '),
 ('428', 'slug', '0', 'en_gb', ' 683da37 after kitchen '),
 ('428', 'title', '0', 'en_gb', ' 683da37 after kitchen '),
 ('429', 'filename', '0', 'en_gb', ' df5921e during 2 jpg '),
 ('429', 'extension', '0', 'en_gb', ' jpg '),
 ('429', 'kind', '0', 'en_gb', ' image '),
 ('429', 'slug', '0', 'en_gb', ' df5921e during 2 '),
 ('429', 'title', '0', 'en_gb', ' df5921e during 2 '),
 ('430', 'filename', '0', 'en_gb', ' b904b1b before front elevation jpg '),
 ('430', 'extension', '0', 'en_gb', ' jpg '),
 ('430', 'kind', '0', 'en_gb', ' image '),
 ('430', 'slug', '0', 'en_gb', ' b904b1b before front elevation '),
 ('430', 'title', '0', 'en_gb', ' b904b1b before front elevation '),
 ('468', 'filename', '0', 'en_gb', ' c009cda after staircase jpg '),
 ('600', 'title', '0', 'en_gb', ' 45cfce8 after front facade '),
 ('600', 'slug', '0', 'en_gb', ' 45cfce8 after front facade '),
 ('600', 'extension', '0', 'en_gb', ' jpg '),
 ('600', 'kind', '0', 'en_gb', ' image '),
 ('326', 'field', '48', 'en_gb', ' 9877386 justin gallaher 2 '),
 ('599', 'title', '0', 'en_gb', ' db1c432 after roadside view '),
 ('599', 'kind', '0', 'en_gb', ' image '),
 ('599', 'slug', '0', 'en_gb', ' db1c432 after roadside view '),
 ('433', 'filename', '0', 'en_gb', ' 531caeb during 2 jpg ');
INSERT INTO `craft_searchindex` (`elementId`, `attribute`, `fieldId`, `locale`, `keywords`) VALUES
 ('433', 'extension', '0', 'en_gb', ' jpg '),
 ('433', 'kind', '0', 'en_gb', ' image '),
 ('433', 'slug', '0', 'en_gb', ' 531caeb during 2 '),
 ('433', 'title', '0', 'en_gb', ' 531caeb during 2 '),
 ('434', 'filename', '0', 'en_gb', ' 2c40cbf after dining room jpg '),
 ('434', 'extension', '0', 'en_gb', ' jpg '),
 ('434', 'kind', '0', 'en_gb', ' image '),
 ('434', 'slug', '0', 'en_gb', ' 2c40cbf after dining room '),
 ('434', 'title', '0', 'en_gb', ' 2c40cbf after dining room '),
 ('435', 'filename', '0', 'en_gb', ' 91a7faa after entrance hall jpg '),
 ('435', 'extension', '0', 'en_gb', ' jpg '),
 ('435', 'kind', '0', 'en_gb', ' image '),
 ('435', 'slug', '0', 'en_gb', ' 91a7faa after entrance hall '),
 ('435', 'title', '0', 'en_gb', ' 91a7faa after entrance hall '),
 ('436', 'filename', '0', 'en_gb', ' 556832c after front elevation jpg '),
 ('436', 'extension', '0', 'en_gb', ' jpg '),
 ('436', 'kind', '0', 'en_gb', ' image '),
 ('436', 'slug', '0', 'en_gb', ' 556832c after front elevation '),
 ('436', 'title', '0', 'en_gb', ' 556832c after front elevation '),
 ('437', 'filename', '0', 'en_gb', ' bca7954 after garden view jpg '),
 ('437', 'extension', '0', 'en_gb', ' jpg '),
 ('437', 'kind', '0', 'en_gb', ' image '),
 ('437', 'slug', '0', 'en_gb', ' bca7954 after garden view '),
 ('437', 'title', '0', 'en_gb', ' bca7954 after garden view '),
 ('438', 'filename', '0', 'en_gb', ' 9443979 after kitchen jpg '),
 ('438', 'extension', '0', 'en_gb', ' jpg '),
 ('438', 'kind', '0', 'en_gb', ' image '),
 ('438', 'slug', '0', 'en_gb', ' 9443979 after kitchen '),
 ('438', 'title', '0', 'en_gb', ' 9443979 after kitchen '),
 ('439', 'filename', '0', 'en_gb', ' af31814 after master bedroom jpg '),
 ('439', 'extension', '0', 'en_gb', ' jpg '),
 ('439', 'kind', '0', 'en_gb', ' image '),
 ('439', 'slug', '0', 'en_gb', ' af31814 after master bedroom '),
 ('439', 'title', '0', 'en_gb', ' af31814 after master bedroom '),
 ('440', 'filename', '0', 'en_gb', ' 0afc5dc after pellet boiler jpg '),
 ('440', 'extension', '0', 'en_gb', ' jpg '),
 ('440', 'kind', '0', 'en_gb', ' image '),
 ('440', 'slug', '0', 'en_gb', ' 0afc5dc after pellet boiler '),
 ('440', 'title', '0', 'en_gb', ' 0afc5dc after pellet boiler '),
 ('441', 'filename', '0', 'en_gb', ' 335fe2c after staircase jpg '),
 ('441', 'extension', '0', 'en_gb', ' jpg '),
 ('441', 'kind', '0', 'en_gb', ' image '),
 ('441', 'slug', '0', 'en_gb', ' 335fe2c after staircase '),
 ('441', 'title', '0', 'en_gb', ' 335fe2c after staircase '),
 ('442', 'filename', '0', 'en_gb', ' 1bbf187 before front elevation jpg '),
 ('442', 'extension', '0', 'en_gb', ' jpg '),
 ('442', 'kind', '0', 'en_gb', ' image '),
 ('442', 'slug', '0', 'en_gb', ' 1bbf187 before front elevation '),
 ('442', 'title', '0', 'en_gb', ' 1bbf187 before front elevation '),
 ('443', 'filename', '0', 'en_gb', ' 8fcedfc during 2 jpg '),
 ('443', 'extension', '0', 'en_gb', ' jpg '),
 ('443', 'kind', '0', 'en_gb', ' image '),
 ('443', 'slug', '0', 'en_gb', ' 8fcedfc during 2 '),
 ('443', 'title', '0', 'en_gb', ' 8fcedfc during 2 '),
 ('444', 'filename', '0', 'en_gb', ' b06b193 before garden view jpg '),
 ('444', 'extension', '0', 'en_gb', ' jpg '),
 ('444', 'kind', '0', 'en_gb', ' image '),
 ('444', 'slug', '0', 'en_gb', ' b06b193 before garden view '),
 ('444', 'title', '0', 'en_gb', ' b06b193 before garden view '),
 ('445', 'filename', '0', 'en_gb', ' 6eda5e8 after pellet boiler jpg '),
 ('445', 'extension', '0', 'en_gb', ' jpg '),
 ('445', 'kind', '0', 'en_gb', ' image '),
 ('445', 'slug', '0', 'en_gb', ' 6eda5e8 after pellet boiler '),
 ('445', 'title', '0', 'en_gb', ' 6eda5e8 after pellet boiler '),
 ('446', 'filename', '0', 'en_gb', ' after front elevation jpg '),
 ('446', 'extension', '0', 'en_gb', ' jpg '),
 ('446', 'kind', '0', 'en_gb', ' image '),
 ('446', 'slug', '0', 'en_gb', ' after front elevation '),
 ('446', 'title', '0', 'en_gb', ' after front elevation '),
 ('466', 'filename', '0', 'en_gb', ' af7d865 after master bedroom jpg '),
 ('466', 'extension', '0', 'en_gb', ' jpg '),
 ('466', 'kind', '0', 'en_gb', ' image '),
 ('466', 'slug', '0', 'en_gb', ' af7d865 after master bedroom '),
 ('466', 'title', '0', 'en_gb', ' af7d865 after master bedroom '),
 ('467', 'filename', '0', 'en_gb', ' 6d58ef7 after pellet boiler jpg '),
 ('465', 'title', '0', 'en_gb', ' 77930d4 after kitchen '),
 ('465', 'slug', '0', 'en_gb', ' 77930d4 after kitchen '),
 ('465', 'filename', '0', 'en_gb', ' 77930d4 after kitchen jpg '),
 ('465', 'extension', '0', 'en_gb', ' jpg '),
 ('465', 'kind', '0', 'en_gb', ' image '),
 ('464', 'title', '0', 'en_gb', ' e64e1e2 after garden view '),
 ('464', 'slug', '0', 'en_gb', ' e64e1e2 after garden view '),
 ('464', 'kind', '0', 'en_gb', ' image '),
 ('448', 'filename', '0', 'en_gb', ' 04d6f6c after dining room jpg '),
 ('448', 'extension', '0', 'en_gb', ' jpg '),
 ('448', 'kind', '0', 'en_gb', ' image '),
 ('448', 'slug', '0', 'en_gb', ' 04d6f6c after dining room '),
 ('448', 'title', '0', 'en_gb', ' 04d6f6c after dining room '),
 ('449', 'filename', '0', 'en_gb', ' d3056c8 after entrance hall jpg '),
 ('449', 'extension', '0', 'en_gb', ' jpg '),
 ('449', 'kind', '0', 'en_gb', ' image '),
 ('449', 'slug', '0', 'en_gb', ' d3056c8 after entrance hall '),
 ('449', 'title', '0', 'en_gb', ' d3056c8 after entrance hall '),
 ('450', 'filename', '0', 'en_gb', ' 7a39702 after front elevation jpg '),
 ('450', 'extension', '0', 'en_gb', ' jpg '),
 ('450', 'kind', '0', 'en_gb', ' image '),
 ('450', 'slug', '0', 'en_gb', ' 7a39702 after front elevation '),
 ('450', 'title', '0', 'en_gb', ' 7a39702 after front elevation '),
 ('451', 'filename', '0', 'en_gb', ' e4fd0cc after garden view jpg '),
 ('451', 'extension', '0', 'en_gb', ' jpg ');
INSERT INTO `craft_searchindex` (`elementId`, `attribute`, `fieldId`, `locale`, `keywords`) VALUES
 ('451', 'kind', '0', 'en_gb', ' image '),
 ('451', 'slug', '0', 'en_gb', ' e4fd0cc after garden view '),
 ('451', 'title', '0', 'en_gb', ' e4fd0cc after garden view '),
 ('452', 'filename', '0', 'en_gb', ' ef10724 after kitchen jpg '),
 ('452', 'extension', '0', 'en_gb', ' jpg '),
 ('452', 'kind', '0', 'en_gb', ' image '),
 ('452', 'slug', '0', 'en_gb', ' ef10724 after kitchen '),
 ('452', 'title', '0', 'en_gb', ' ef10724 after kitchen '),
 ('453', 'filename', '0', 'en_gb', ' ce05d15 after master bedroom jpg '),
 ('453', 'extension', '0', 'en_gb', ' jpg '),
 ('453', 'kind', '0', 'en_gb', ' image '),
 ('453', 'slug', '0', 'en_gb', ' ce05d15 after master bedroom '),
 ('453', 'title', '0', 'en_gb', ' ce05d15 after master bedroom '),
 ('454', 'filename', '0', 'en_gb', ' d49b838 after pellet boiler jpg '),
 ('454', 'extension', '0', 'en_gb', ' jpg '),
 ('454', 'kind', '0', 'en_gb', ' image '),
 ('454', 'slug', '0', 'en_gb', ' d49b838 after pellet boiler '),
 ('454', 'title', '0', 'en_gb', ' d49b838 after pellet boiler '),
 ('455', 'filename', '0', 'en_gb', ' dee246e after staircase jpg '),
 ('455', 'extension', '0', 'en_gb', ' jpg '),
 ('455', 'kind', '0', 'en_gb', ' image '),
 ('455', 'slug', '0', 'en_gb', ' dee246e after staircase '),
 ('455', 'title', '0', 'en_gb', ' dee246e after staircase '),
 ('456', 'filename', '0', 'en_gb', ' 61c6a71 before front elevation jpg '),
 ('456', 'extension', '0', 'en_gb', ' jpg '),
 ('456', 'kind', '0', 'en_gb', ' image '),
 ('456', 'slug', '0', 'en_gb', ' 61c6a71 before front elevation '),
 ('456', 'title', '0', 'en_gb', ' 61c6a71 before front elevation '),
 ('457', 'filename', '0', 'en_gb', ' 5d24668 before garden view jpg '),
 ('457', 'extension', '0', 'en_gb', ' jpg '),
 ('457', 'kind', '0', 'en_gb', ' image '),
 ('457', 'slug', '0', 'en_gb', ' 5d24668 before garden view '),
 ('457', 'title', '0', 'en_gb', ' 5d24668 before garden view '),
 ('458', 'filename', '0', 'en_gb', ' 924d336 during 2 jpg '),
 ('458', 'extension', '0', 'en_gb', ' jpg '),
 ('458', 'kind', '0', 'en_gb', ' image '),
 ('458', 'slug', '0', 'en_gb', ' 924d336 during 2 '),
 ('458', 'title', '0', 'en_gb', ' 924d336 during 2 '),
 ('459', 'filename', '0', 'en_gb', ' after pellet boiler jpg '),
 ('459', 'extension', '0', 'en_gb', ' jpg '),
 ('459', 'kind', '0', 'en_gb', ' image '),
 ('459', 'slug', '0', 'en_gb', ' after pellet boiler '),
 ('459', 'title', '0', 'en_gb', ' after pellet boiler '),
 ('462', 'title', '0', 'en_gb', ' fb0b6af after entrance hall '),
 ('464', 'extension', '0', 'en_gb', ' jpg '),
 ('464', 'filename', '0', 'en_gb', ' e64e1e2 after garden view jpg '),
 ('463', 'filename', '0', 'en_gb', ' 3db66b7 after front elevation jpg '),
 ('463', 'extension', '0', 'en_gb', ' jpg '),
 ('463', 'kind', '0', 'en_gb', ' image '),
 ('463', 'slug', '0', 'en_gb', ' 3db66b7 after front elevation '),
 ('463', 'title', '0', 'en_gb', ' 3db66b7 after front elevation '),
 ('462', 'filename', '0', 'en_gb', ' fb0b6af after entrance hall jpg '),
 ('462', 'extension', '0', 'en_gb', ' jpg '),
 ('462', 'kind', '0', 'en_gb', ' image '),
 ('462', 'slug', '0', 'en_gb', ' fb0b6af after entrance hall '),
 ('461', 'title', '0', 'en_gb', ' 95f7625 after dining room '),
 ('461', 'slug', '0', 'en_gb', ' 95f7625 after dining room '),
 ('461', 'kind', '0', 'en_gb', ' image '),
 ('461', 'extension', '0', 'en_gb', ' jpg '),
 ('461', 'filename', '0', 'en_gb', ' 95f7625 after dining room jpg '),
 ('471', 'filename', '0', 'en_gb', ' 345fffc during 2 jpg '),
 ('471', 'extension', '0', 'en_gb', ' jpg '),
 ('471', 'kind', '0', 'en_gb', ' image '),
 ('471', 'slug', '0', 'en_gb', ' 345fffc during 2 '),
 ('471', 'title', '0', 'en_gb', ' 345fffc during 2 '),
 ('472', 'filename', '0', 'en_gb', ' f0646b5 during 2 jpg '),
 ('472', 'extension', '0', 'en_gb', ' jpg '),
 ('472', 'kind', '0', 'en_gb', ' image '),
 ('472', 'slug', '0', 'en_gb', ' f0646b5 during 2 '),
 ('472', 'title', '0', 'en_gb', ' f0646b5 during 2 '),
 ('473', 'filename', '0', 'en_gb', ' c72cf5a before front elevation jpg '),
 ('473', 'extension', '0', 'en_gb', ' jpg '),
 ('473', 'kind', '0', 'en_gb', ' image '),
 ('473', 'slug', '0', 'en_gb', ' c72cf5a before front elevation '),
 ('473', 'title', '0', 'en_gb', ' c72cf5a before front elevation '),
 ('474', 'filename', '0', 'en_gb', ' 8f2403a before garden view jpg '),
 ('474', 'extension', '0', 'en_gb', ' jpg '),
 ('474', 'kind', '0', 'en_gb', ' image '),
 ('474', 'slug', '0', 'en_gb', ' 8f2403a before garden view '),
 ('474', 'title', '0', 'en_gb', ' 8f2403a before garden view '),
 ('475', 'filename', '0', 'en_gb', ' 60a228f after dining room jpg '),
 ('475', 'extension', '0', 'en_gb', ' jpg '),
 ('475', 'kind', '0', 'en_gb', ' image '),
 ('475', 'slug', '0', 'en_gb', ' 60a228f after dining room '),
 ('475', 'title', '0', 'en_gb', ' 60a228f after dining room '),
 ('476', 'filename', '0', 'en_gb', ' 8c7db55 after entrance hall jpg '),
 ('476', 'extension', '0', 'en_gb', ' jpg '),
 ('476', 'kind', '0', 'en_gb', ' image '),
 ('476', 'slug', '0', 'en_gb', ' 8c7db55 after entrance hall '),
 ('476', 'title', '0', 'en_gb', ' 8c7db55 after entrance hall '),
 ('477', 'filename', '0', 'en_gb', ' 650f3cb after front elevation jpg '),
 ('477', 'extension', '0', 'en_gb', ' jpg '),
 ('477', 'kind', '0', 'en_gb', ' image '),
 ('477', 'slug', '0', 'en_gb', ' 650f3cb after front elevation '),
 ('477', 'title', '0', 'en_gb', ' 650f3cb after front elevation '),
 ('478', 'filename', '0', 'en_gb', ' 29b501d after garden view jpg '),
 ('478', 'extension', '0', 'en_gb', ' jpg '),
 ('478', 'kind', '0', 'en_gb', ' image '),
 ('478', 'slug', '0', 'en_gb', ' 29b501d after garden view '),
 ('478', 'title', '0', 'en_gb', ' 29b501d after garden view ');
INSERT INTO `craft_searchindex` (`elementId`, `attribute`, `fieldId`, `locale`, `keywords`) VALUES
 ('479', 'filename', '0', 'en_gb', ' 0e63690 after kitchen jpg '),
 ('479', 'extension', '0', 'en_gb', ' jpg '),
 ('479', 'kind', '0', 'en_gb', ' image '),
 ('479', 'slug', '0', 'en_gb', ' 0e63690 after kitchen '),
 ('479', 'title', '0', 'en_gb', ' 0e63690 after kitchen '),
 ('480', 'filename', '0', 'en_gb', ' 3403ab6 after master bedroom jpg '),
 ('480', 'extension', '0', 'en_gb', ' jpg '),
 ('480', 'kind', '0', 'en_gb', ' image '),
 ('480', 'slug', '0', 'en_gb', ' 3403ab6 after master bedroom '),
 ('480', 'title', '0', 'en_gb', ' 3403ab6 after master bedroom '),
 ('481', 'filename', '0', 'en_gb', ' 991ffaf after pellet boiler jpg '),
 ('481', 'extension', '0', 'en_gb', ' jpg '),
 ('481', 'kind', '0', 'en_gb', ' image '),
 ('481', 'slug', '0', 'en_gb', ' 991ffaf after pellet boiler '),
 ('481', 'title', '0', 'en_gb', ' 991ffaf after pellet boiler '),
 ('482', 'filename', '0', 'en_gb', ' 99b608f after staircase jpg '),
 ('482', 'extension', '0', 'en_gb', ' jpg '),
 ('482', 'kind', '0', 'en_gb', ' image '),
 ('482', 'slug', '0', 'en_gb', ' 99b608f after staircase '),
 ('482', 'title', '0', 'en_gb', ' 99b608f after staircase '),
 ('483', 'filename', '0', 'en_gb', ' 86ac71f before front elevation jpg '),
 ('483', 'extension', '0', 'en_gb', ' jpg '),
 ('483', 'kind', '0', 'en_gb', ' image '),
 ('483', 'slug', '0', 'en_gb', ' 86ac71f before front elevation '),
 ('483', 'title', '0', 'en_gb', ' 86ac71f before front elevation '),
 ('484', 'filename', '0', 'en_gb', ' 7f8cc79 before garden view jpg '),
 ('484', 'extension', '0', 'en_gb', ' jpg '),
 ('484', 'kind', '0', 'en_gb', ' image '),
 ('484', 'slug', '0', 'en_gb', ' 7f8cc79 before garden view '),
 ('484', 'title', '0', 'en_gb', ' 7f8cc79 before garden view '),
 ('485', 'filename', '0', 'en_gb', ' 1461db3 during 2 jpg '),
 ('485', 'extension', '0', 'en_gb', ' jpg '),
 ('485', 'kind', '0', 'en_gb', ' image '),
 ('485', 'slug', '0', 'en_gb', ' 1461db3 during 2 '),
 ('485', 'title', '0', 'en_gb', ' 1461db3 during 2 '),
 ('486', 'filename', '0', 'en_gb', ' 017e50a after pellet boiler jpg '),
 ('486', 'extension', '0', 'en_gb', ' jpg '),
 ('486', 'kind', '0', 'en_gb', ' image '),
 ('486', 'slug', '0', 'en_gb', ' 017e50a after pellet boiler '),
 ('486', 'title', '0', 'en_gb', ' 017e50a after pellet boiler '),
 ('487', 'filename', '0', 'en_gb', ' 4c08ad2 after front elevation jpg '),
 ('487', 'extension', '0', 'en_gb', ' jpg '),
 ('487', 'kind', '0', 'en_gb', ' image '),
 ('487', 'slug', '0', 'en_gb', ' 4c08ad2 after front elevation '),
 ('487', 'title', '0', 'en_gb', ' 4c08ad2 after front elevation '),
 ('488', 'filename', '0', 'en_gb', ' 2d1f6cf after garden view jpg '),
 ('488', 'extension', '0', 'en_gb', ' jpg '),
 ('488', 'kind', '0', 'en_gb', ' image '),
 ('488', 'slug', '0', 'en_gb', ' 2d1f6cf after garden view '),
 ('488', 'title', '0', 'en_gb', ' 2d1f6cf after garden view '),
 ('489', 'filename', '0', 'en_gb', ' cc5bb00 after kitchen jpg '),
 ('489', 'extension', '0', 'en_gb', ' jpg '),
 ('489', 'kind', '0', 'en_gb', ' image '),
 ('489', 'slug', '0', 'en_gb', ' cc5bb00 after kitchen '),
 ('489', 'title', '0', 'en_gb', ' cc5bb00 after kitchen '),
 ('490', 'filename', '0', 'en_gb', ' after garden view jpg '),
 ('490', 'extension', '0', 'en_gb', ' jpg '),
 ('490', 'kind', '0', 'en_gb', ' image '),
 ('490', 'slug', '0', 'en_gb', ' after garden view '),
 ('490', 'title', '0', 'en_gb', ' after garden view '),
 ('491', 'field', '39', 'en_gb', ' after garden view '),
 ('491', 'field', '29', 'en_gb', ' gallaher architects '),
 ('491', 'field', '31', 'en_gb', ' la rue du mont pellier trinity '),
 ('491', 'field', '32', 'en_gb', ' architects je '),
 ('491', 'field', '33', 'en_gb', ''),
 ('491', 'field', '34', 'en_gb', ' this project involved refurbishing the existing cottage and replacing substandard extensions into a new contemporary family home '),
 ('491', 'field', '36', 'en_gb', ' deaea88 after kitchen '),
 ('492', 'filename', '0', 'en_gb', ' 7621090 after garden view jpg '),
 ('491', 'field', '40', 'en_gb', ' 60a228f after dining room 8c7db55 after entrance hall 650f3cb after front elevation 29b501d after garden view 0e63690 after kitchen 3403ab6 after master bedroom 99b608f after staircase 86ac71f before front elevation 7f8cc79 before garden view 1461db3 during 2 '),
 ('491', 'field', '42', 'en_gb', ''),
 ('491', 'field', '43', 'en_gb', ' the client was also very keen to have a sustainable house and has installed a pellet boiler to embrace biodiversity credentials '),
 ('491', 'field', '44', 'en_gb', ' justin gallaher '),
 ('491', 'field', '45', 'en_gb', ' gallaher architects '),
 ('491', 'field', '46', 'en_gb', ' 017e50a after pellet boiler '),
 ('491', 'field', '47', 'en_gb', ' 4c08ad2 after front elevation 2d1f6cf after garden view cc5bb00 after kitchen '),
 ('491', 'field', '4', 'en_gb', ''),
 ('491', 'slug', '0', 'en_gb', ' le rocher '),
 ('491', 'title', '0', 'en_gb', ' le rocher '),
 ('4', 'field', '40', 'en_gb', ''),
 ('4', 'field', '42', 'en_gb', ''),
 ('4', 'field', '43', 'en_gb', ''),
 ('4', 'field', '44', 'en_gb', ''),
 ('4', 'field', '45', 'en_gb', ''),
 ('4', 'field', '46', 'en_gb', ''),
 ('4', 'field', '47', 'en_gb', ''),
 ('492', 'extension', '0', 'en_gb', ' jpg '),
 ('492', 'kind', '0', 'en_gb', ' image '),
 ('492', 'slug', '0', 'en_gb', ' 7621090 after garden view '),
 ('492', 'title', '0', 'en_gb', ' 7621090 after garden view '),
 ('493', 'filename', '0', 'en_gb', ' deaea88 after kitchen jpg '),
 ('493', 'extension', '0', 'en_gb', ' jpg '),
 ('493', 'kind', '0', 'en_gb', ' image '),
 ('493', 'slug', '0', 'en_gb', ' deaea88 after kitchen '),
 ('493', 'title', '0', 'en_gb', ' deaea88 after kitchen '),
 ('599', 'extension', '0', 'en_gb', ' jpg '),
 ('599', 'filename', '0', 'en_gb', ' db1c432 after roadside view jpg '),
 ('491', 'field', '49', 'en_gb', ''),
 ('491', 'field', '50', 'en_gb', ''),
 ('491', 'field', '51', 'en_gb', ''),
 ('491', 'field', '52', 'en_gb', '');
INSERT INTO `craft_searchindex` (`elementId`, `attribute`, `fieldId`, `locale`, `keywords`) VALUES
 ('598', 'title', '0', 'en_gb', ' d6041af before previous dwelling '),
 ('598', 'slug', '0', 'en_gb', ' d6041af before previous dwelling '),
 ('598', 'extension', '0', 'en_gb', ' jpg '),
 ('598', 'kind', '0', 'en_gb', ' image '),
 ('566', 'filename', '0', 'en_gb', ' 1a5fbf7 before staircase jpg '),
 ('517', 'filename', '0', 'en_gb', ' 2mtvbow jpg '),
 ('516', 'title', '0', 'en_gb', ' social housing '),
 ('516', 'slug', '0', 'en_gb', ' social housing '),
 ('515', 'title', '0', 'en_gb', ' private dwelling '),
 ('513', 'title', '0', 'en_gb', ' commercial '),
 ('514', 'title', '0', 'en_gb', ' office '),
 ('515', 'slug', '0', 'en_gb', ' private dwelling '),
 ('514', 'slug', '0', 'en_gb', ' office '),
 ('498', 'field', '2', 'en_gb', ''),
 ('498', 'slug', '0', 'en_gb', ' lorme '),
 ('498', 'title', '0', 'en_gb', ' lorme '),
 ('510', 'title', '0', 'en_gb', ' refurbishment '),
 ('513', 'slug', '0', 'en_gb', ' commercial '),
 ('512', 'title', '0', 'en_gb', ' residential '),
 ('512', 'slug', '0', 'en_gb', ' residential '),
 ('511', 'title', '0', 'en_gb', ' extension '),
 ('511', 'slug', '0', 'en_gb', ' extension '),
 ('509', 'slug', '0', 'en_gb', ' new build '),
 ('510', 'slug', '0', 'en_gb', ' refurbishment '),
 ('509', 'title', '0', 'en_gb', ' new build '),
 ('500', 'filename', '0', 'en_gb', ' 57dfb40 before previous dwelling jpg '),
 ('500', 'extension', '0', 'en_gb', ' jpg '),
 ('500', 'kind', '0', 'en_gb', ' image '),
 ('500', 'slug', '0', 'en_gb', ' 57dfb40 before previous dwelling '),
 ('500', 'title', '0', 'en_gb', ' 57dfb40 before previous dwelling '),
 ('501', 'filename', '0', 'en_gb', ' 821fa8d after field view jpg '),
 ('501', 'extension', '0', 'en_gb', ' jpg '),
 ('501', 'kind', '0', 'en_gb', ' image '),
 ('501', 'slug', '0', 'en_gb', ' 821fa8d after field view '),
 ('501', 'title', '0', 'en_gb', ' 821fa8d after field view '),
 ('502', 'filename', '0', 'en_gb', ' eca51db after roadside view jpg '),
 ('502', 'extension', '0', 'en_gb', ' jpg '),
 ('502', 'kind', '0', 'en_gb', ' image '),
 ('502', 'slug', '0', 'en_gb', ' eca51db after roadside view '),
 ('502', 'title', '0', 'en_gb', ' eca51db after roadside view '),
 ('503', 'filename', '0', 'en_gb', ' 8cfc04f after front facade jpg '),
 ('503', 'extension', '0', 'en_gb', ' jpg '),
 ('503', 'kind', '0', 'en_gb', ' image '),
 ('503', 'slug', '0', 'en_gb', ' 8cfc04f after front facade '),
 ('503', 'title', '0', 'en_gb', ' 8cfc04f after front facade '),
 ('504', 'filename', '0', 'en_gb', ' 4d38847 after finished building jpg '),
 ('504', 'extension', '0', 'en_gb', ' jpg '),
 ('504', 'kind', '0', 'en_gb', ' image '),
 ('504', 'slug', '0', 'en_gb', ' 4d38847 after finished building '),
 ('504', 'title', '0', 'en_gb', ' 4d38847 after finished building '),
 ('505', 'filename', '0', 'en_gb', ' d69dee7 before previous dwelling jpg '),
 ('505', 'extension', '0', 'en_gb', ' jpg '),
 ('505', 'kind', '0', 'en_gb', ' image '),
 ('505', 'slug', '0', 'en_gb', ' d69dee7 before previous dwelling '),
 ('505', 'title', '0', 'en_gb', ' d69dee7 before previous dwelling '),
 ('506', 'filename', '0', 'en_gb', ' 3c53f2d montage superimposed model jpg '),
 ('506', 'extension', '0', 'en_gb', ' jpg '),
 ('506', 'kind', '0', 'en_gb', ' image '),
 ('506', 'slug', '0', 'en_gb', ' 3c53f2d montage superimposed model '),
 ('506', 'title', '0', 'en_gb', ' 3c53f2d montage superimposed model '),
 ('507', 'filename', '0', 'en_gb', ' after field view jpg '),
 ('507', 'extension', '0', 'en_gb', ' jpg '),
 ('507', 'kind', '0', 'en_gb', ' image '),
 ('507', 'slug', '0', 'en_gb', ' after field view '),
 ('507', 'title', '0', 'en_gb', ' after field view '),
 ('596', 'title', '0', 'en_gb', ' 99e024b montage superimposed model '),
 ('597', 'title', '0', 'en_gb', ' 6e5ad57 montage superimposed model '),
 ('597', 'slug', '0', 'en_gb', ' 6e5ad57 montage superimposed model '),
 ('597', 'filename', '0', 'en_gb', ' 6e5ad57 montage superimposed model jpg '),
 ('597', 'extension', '0', 'en_gb', ' jpg '),
 ('597', 'kind', '0', 'en_gb', ' image '),
 ('596', 'filename', '0', 'en_gb', ' 99e024b montage superimposed model jpg '),
 ('596', 'extension', '0', 'en_gb', ' jpg '),
 ('596', 'kind', '0', 'en_gb', ' image '),
 ('596', 'slug', '0', 'en_gb', ' 99e024b montage superimposed model '),
 ('595', 'title', '0', 'en_gb', ' 7569088 before previous dwelling '),
 ('595', 'slug', '0', 'en_gb', ' 7569088 before previous dwelling '),
 ('595', 'kind', '0', 'en_gb', ' image '),
 ('595', 'extension', '0', 'en_gb', ' jpg '),
 ('595', 'filename', '0', 'en_gb', ' 7569088 before previous dwelling jpg '),
 ('567', 'extension', '0', 'en_gb', ' jpg '),
 ('519', 'filename', '0', 'en_gb', ' 28515989_545970592448325_3832173685680234943_o png '),
 ('567', 'title', '0', 'en_gb', ' 7310206 before lounge '),
 ('567', 'slug', '0', 'en_gb', ' 7310206 before lounge '),
 ('567', 'kind', '0', 'en_gb', ' image '),
 ('567', 'filename', '0', 'en_gb', ' 7310206 before lounge jpg '),
 ('566', 'title', '0', 'en_gb', ' 1a5fbf7 before staircase '),
 ('566', 'kind', '0', 'en_gb', ' image '),
 ('566', 'extension', '0', 'en_gb', ' jpg '),
 ('2', 'field', '54', 'en_gb', ' promoting local architects working to global standards '),
 ('2', 'field', '55', 'en_gb', ' whether altering extending or building new you want high quality results and value for money so consult a local jersey architect who will share these concerns and seek to achieve your objectives '),
 ('2', 'field', '56', 'en_gb', ' altering extending or building consult a local jersey architect '),
 ('2', 'field', '57', 'en_gb', ' the title architect is legally protected by statue and may only be used by fully trained and qualified persons registered to that effect members of the association of jersey architects are registered with the royal court they are also registered with the architects registration board of the united kingdom bound by arb s standards of conduct and or riba chartered architect members of the royal institute of british architects bound by the riba code of conduct their members are required to carry professional indemnity insurance to a value commensurate with size of projects they undertake protecting you as their client undertakings using terms such as architectural consultants or planning consultants may not have qualified staff in control of the firm allowing them to use the legally protected title of architect and may not carry professional indemnity insurance for reliable realistic advice with assurance of professional indemnity cover contact a fully qualified jersey architect s practice listed inside this leaflet '),
 ('491', 'field', '53', 'en_gb', ' extension residential '),
 ('1', 'field', '48', 'en_gb', ''),
 ('566', 'slug', '0', 'en_gb', ' 1a5fbf7 before staircase '),
 ('598', 'filename', '0', 'en_gb', ' d6041af before previous dwelling jpg '),
 ('498', 'field', '58', 'en_gb', ' lorem ipsum dolor sit amet consectetur adipiscing elit ut a mi lorem lorem ipsum dolor sit amet consectetur adipiscing elit ut a mi lorem lorem ipsum dolor sit amet consectetur adipiscing elit ut a mi lorem ut condimentum feugiat urna a finibus suspendisse ullamcorper nulla id neque laoreet eu sollicitudin justo ornare nullam suscipit tincidunt sodales quisque sed arcu ut velit ultricies facilisis ut felis elit placerat vitae massa nec dictum rhoncus massa fusce cursus lacus ac tellus malesuada auctor morbi at nunc porta condimentum mauris id semper arcu sed sit amet dui sed ante tristique tincidunt ut vel velit quisque eleifend imperdiet lectus ut nulla leo convallis ac sagittis vitae eleifend quis nibh lorem ipsum dolor sit amet consectetur adipiscing elit ut a mi lorem ut condimentum feugiat urna a finibus suspendisse ullamcorper nulla id neque laoreet eu sollicitudin justo ornare nullam suscipit tincidunt sodales quisque sed arcu ut velit ultricies facilisis ut felis elit placerat vitae massa nec dictum rhoncus massa fusce cursus lacus ac tellus malesuada auctor morbi at nunc porta condimentum mauris id semper arcu sed sit amet dui sed ante tristique tincidunt ut vel velit quisque eleifend imperdiet lectus ut nulla leo convallis ac sagittis vitae eleifend quis nibh '),
 ('522', 'field', '59', 'en_gb', ' lorem ipsum dolor sit amet consectetur adipiscing elit ut a mi lorem lorem ipsum dolor sit amet consectetur adipiscing elit ut a mi lorem '),
 ('522', 'slug', '0', 'en_gb', '');
INSERT INTO `craft_searchindex` (`elementId`, `attribute`, `fieldId`, `locale`, `keywords`) VALUES
 ('523', 'field', '60', 'en_gb', ' lorem ipsum dolor sit amet consectetur adipiscing elit ut a mi lorem ut condimentum feugiat urna a finibus suspendisse ullamcorper nulla id neque laoreet eu sollicitudin justo ornare nullam suscipit tincidunt sodales quisque sed arcu ut velit ultricies facilisis ut felis elit placerat vitae massa nec dictum rhoncus massa fusce cursus lacus ac tellus malesuada auctor morbi at nunc porta condimentum mauris id semper arcu sed sit amet dui sed ante tristique tincidunt ut vel velit quisque eleifend imperdiet lectus ut nulla leo convallis ac sagittis vitae eleifend quis nibh lorem ipsum dolor sit amet consectetur adipiscing elit ut a mi lorem ut condimentum feugiat urna a finibus suspendisse ullamcorper nulla id neque laoreet eu sollicitudin justo ornare nullam suscipit tincidunt sodales quisque sed arcu ut velit ultricies facilisis ut felis elit placerat vitae massa nec dictum rhoncus massa fusce cursus lacus ac tellus malesuada auctor morbi at nunc porta condimentum mauris id semper arcu sed sit amet dui sed ante tristique tincidunt ut vel velit quisque eleifend imperdiet lectus ut nulla leo convallis ac sagittis vitae eleifend quis nibh '),
 ('523', 'slug', '0', 'en_gb', ''),
 ('524', 'slug', '0', 'en_gb', ' education '),
 ('524', 'title', '0', 'en_gb', ' education '),
 ('524', 'field', '39', 'en_gb', ''),
 ('524', 'field', '58', 'en_gb', ' lorem ipsum dolor sit amet consectetur adipiscing elit nam et neque vitae turpis sagittis elementum non et elit donec quam neque pretium vel massa eu accumsan rutrum ante sed vel vestibulum arcu lorem ipsum dolor sit amet consectetur adipiscing elit nam et neque vitae turpis sagittis elementum non et elit donec quam neque pretium vel massa eu accumsan rutrum ante sed vel vestibulum arcu wef anchor house le rocher lorem ipsum dolor sit amet consectetur adipiscing elit nam et neque vitae turpis sagittis elementum non et elit donec quam neque pretium vel massa eu accumsan rutrum ante sed vel vestibulum arcu education '),
 ('616', 'slug', '0', 'en_gb', ' andrew harvey architects '),
 ('616', 'title', '0', 'en_gb', ' andrew harvey architects '),
 ('616', 'field', '81', 'en_gb', ' andrew aha co je '),
 ('616', 'field', '82', 'en_gb', ' 869291 '),
 ('616', 'field', '83', 'en_gb', ' 1st floor beresford house bellozanne road st helier je2 3jw '),
 ('616', 'field', '21', 'en_gb', ''),
 ('534', 'field', '74', 'en_gb', ' education aja '),
 ('534', 'slug', '0', 'en_gb', ''),
 ('534', 'field', '73', 'en_gb', ' 1 '),
 ('534', 'field', '71', 'en_gb', ' whether altering extending or building new you want high quality results and value for money so consult a local jersey architect who will share these concerns and seek to achieve your objectives an architect brings four crucial qualities to a project '),
 ('534', 'field', '72', 'en_gb', ''),
 ('534', 'field', '79', 'en_gb', ' planning expertise jersey architects have a comprehensive understanding of planning law policy and procedure so should be your first port of call for reliable authoritative advice about the feasibility of anything relating to the built environment we will be realistic about your opportunities set within context of the planning framework many practices will provide an initial site visit consultation and general advice on planning implications without charge planning expertise jersey architects have a comprehensive understanding of planning law policy and procedure so should be your first port of call for reliable authoritative advice about the feasibility of anything relating to the built environment we will be realistic about your opportunities set within context of the planning framework many practices will provide an initial site visit consultation and general advice on planning implications without charge imagination an architect can lift your project out of the ordinary it takes considerable skill relating your requirements to the site and fusing them into a single harmonious vision that is a pleasure to inhabit imagination an architect can lift your project out of the ordinary it takes considerable skill relating your requirements to the site and fusing them into a single harmonious vision that is a pleasure to inhabit value for money an architect will create an arrangement of light and space you didn t know you could have suggest materials you didn t realise you could fit and make sure you find the appropriate builder at the right price value for money an architect will create an arrangement of light and space you didn t know you could have suggest materials you didn t realise you could fit and make sure you find the appropriate builder at the right price professional guidance an architect is also a trouble shooter guiding your project through the involved procedures of planning application and building regulation the architect attends to the details and monitors the builder s work to completion talk to one of the local jersey architects listed inside this leaflet and start getting the building you need professional guidance an architect is also a trouble shooter guiding your project through the involved procedures of planning application and building regulation the architect attends to the details and monitors the builder s work to completion talk to one of the local jersey architects listed inside this leaflet and start getting the building you need '),
 ('534', 'field', '70', 'en_gb', ' about '),
 ('524', 'field', '69', 'en_gb', ' lorem ipsum dolor sit amet consectetur adipiscing elit nam vel lorem non mauris ultrices maximus ut vel enim proin tempus dolor bibendum blandit porta diam nibh lobortis justo suscipit auctor dolor nisi ac leo pellentesque accumsan cursus aliquam vestibulum laoreet vestibulum mauris eget semper vivamus vel urna fringilla auctor leo at lorem ipsum dolor sit amet consectetur adipiscing elit nam vel lorem non mauris ultrices maximus ut vel enim proin tempus dolor bibendum blandit porta diam nibh lobortis justo suscipit auctor dolor nisi ac leo pellentesque accumsan cursus aliquam vestibulum laoreet vestibulum mauris eget semper vivamus vel urna fringilla auctor leo at lorem ipsum dolor sit amet consectetur adipiscing elit nam vel lorem non mauris ultrices maximus ut vel enim proin tempus dolor bibendum blandit porta diam nibh lobortis justo suscipit auctor dolor nisi ac leo pellentesque accumsan cursus aliquam vestibulum laoreet vestibulum mauris eget semper vivamus vel urna fringilla auctor leo at education 1 '),
 ('530', 'field', '69', 'en_gb', ' planning expertise jersey architects have a comprehensive understanding of planning law policy and procedure so should be your first port of call for reliable authoritative advice about the feasibility of anything relating to the built environment we will be realistic about your opportunities set within context of the planning framework many practices will provide an initial site visit consultation and general advice on planning implications without charge planning expertise jersey architects have a comprehensive understanding of planning law policy and procedure so should be your first port of call for reliable authoritative advice about the feasibility of anything relating to the built environment we will be realistic about your opportunities set within context of the planning framework many practices will provide an initial site visit consultation and general advice on planning implications without charge imagination an architect can lift your project out of the ordinary it takes considerable skill relating your requirements to the site and fusing them into a single harmonious vision that is a pleasure to inhabit imagination an architect can lift your project out of the ordinary it takes considerable skill relating your requirements to the site and fusing them into a single harmonious vision that is a pleasure to inhabit value for money an architect will create an arrangement of light and space you didn t know you could have suggest materials you didn t realise you could fit and make sure you find the appropriate builder at the right price value for money an architect will create an arrangement of light and space you didn t know you could have suggest materials you didn t realise you could fit and make sure you find the appropriate builder at the right price professional guidance an architect is also a trouble shooter guiding your project through the involved procedures of planning application and building regulation the architect attends to the details and monitors the builder s work to completion talk to one of the local jersey architects listed inside this leaflet and start getting the building you need professional guidance an architect is also a trouble shooter guiding your project through the involved procedures of planning application and building regulation the architect attends to the details and monitors the builder s work to completion talk to one of the local jersey architects listed inside this leaflet and start getting the building you need whether altering extending or building new you want high quality results and value for money so consult a local jersey architect who will share these concerns and seek to achieve your objectives an architect brings four crucial qualities to a project about education aja 1 '),
 ('530', 'slug', '0', 'en_gb', ' about '),
 ('530', 'title', '0', 'en_gb', ' about '),
 ('530', 'field', '39', 'en_gb', ''),
 ('530', 'field', '58', 'en_gb', ' etiam dolor neque egestas id tempor eget placerat sed mauris in varius urna vitae blandit tincidunt donec faucibus dui quis tellus tempor fermentum sed a ipsum felis duis pellentesque vitae turpis eu convallis etiam dolor neque egestas id tempor eget placerat sed mauris in varius urna vitae blandit tincidunt donec faucibus dui quis tellus tempor fermentum sed a ipsum felis duis pellentesque vitae turpis eu convallis etiam dolor neque egestas id tempor eget placerat sed mauris in varius urna vitae blandit tincidunt donec faucibus dui quis tellus tempor fermentum sed a ipsum felis duis pellentesque vitae turpis eu convallis etiam dolor neque egestas id tempor eget placerat sed mauris in varius urna vitae blandit tincidunt donec faucibus dui quis tellus tempor fermentum sed a ipsum felis duis pellentesque vitae turpis eu convallis af7d865 after master bedroom '),
 ('531', 'field', '59', 'en_gb', ' etiam dolor neque egestas id tempor eget placerat sed mauris in varius urna vitae blandit tincidunt donec faucibus dui quis tellus tempor fermentum sed a ipsum felis duis pellentesque vitae turpis eu convallis '),
 ('531', 'slug', '0', 'en_gb', ''),
 ('532', 'field', '60', 'en_gb', ' etiam dolor neque egestas id tempor eget placerat sed mauris in varius urna vitae blandit tincidunt donec faucibus dui quis tellus tempor fermentum sed a ipsum felis duis pellentesque vitae turpis eu convallis etiam dolor neque egestas id tempor eget placerat sed mauris in varius urna vitae blandit tincidunt donec faucibus dui quis tellus tempor fermentum sed a ipsum felis duis pellentesque vitae turpis eu convallis etiam dolor neque egestas id tempor eget placerat sed mauris in varius urna vitae blandit tincidunt donec faucibus dui quis tellus tempor fermentum sed a ipsum felis duis pellentesque vitae turpis eu convallis '),
 ('532', 'slug', '0', 'en_gb', ''),
 ('533', 'field', '61', 'en_gb', ' af7d865 after master bedroom '),
 ('533', 'slug', '0', 'en_gb', ''),
 ('615', 'title', '0', 'en_gb', ' contact '),
 ('615', 'field', '80', 'en_gb', ' patron colin perchard patron colin perchard senior vice president alison horton alisonmhorton gmail com senior vice president alison horton alisonmhorton gmail com hon secretary chantelle arnold arniejersey hotmail com hon secretary chantelle arnold arniejersey hotmail com hon treasurer mark dennis origin arcstudio icloud com hon treasurer mark dennis origin arcstudio icloud com council anna robertson anna vestaarchitecture co uk council anna robertson anna vestaarchitecture co uk council carlo riva carlo riva architects com council carlo riva carlo riva architects com council mike waddington mikew waddington je council mike waddington mikew waddington je '),
 ('615', 'slug', '0', 'en_gb', ' contact '),
 ('541', 'title', '0', 'en_gb', ' 8059af1 picture 084 '),
 ('542', 'filename', '0', 'en_gb', ' 4d9466a img_3047 jpg '),
 ('542', 'extension', '0', 'en_gb', ' jpg '),
 ('542', 'kind', '0', 'en_gb', ' image '),
 ('542', 'slug', '0', 'en_gb', ' 4d9466a img 3047 '),
 ('542', 'title', '0', 'en_gb', ' 4d9466a img 3047 '),
 ('539', 'extension', '0', 'en_gb', ' jpg '),
 ('539', 'kind', '0', 'en_gb', ' image '),
 ('539', 'slug', '0', 'en_gb', ' 67f459c picture 532 '),
 ('539', 'title', '0', 'en_gb', ' 67f459c picture 532 '),
 ('540', 'filename', '0', 'en_gb', ' f8cb875 picture 205 jpg '),
 ('540', 'extension', '0', 'en_gb', ' jpg '),
 ('540', 'kind', '0', 'en_gb', ' image '),
 ('540', 'slug', '0', 'en_gb', ' f8cb875 picture 205 '),
 ('540', 'title', '0', 'en_gb', ' f8cb875 picture 205 '),
 ('541', 'filename', '0', 'en_gb', ' 8059af1 picture 084 jpg '),
 ('541', 'extension', '0', 'en_gb', ' jpg '),
 ('541', 'kind', '0', 'en_gb', ' image '),
 ('541', 'slug', '0', 'en_gb', ' 8059af1 picture 084 '),
 ('539', 'filename', '0', 'en_gb', ' 67f459c picture 532 jpg '),
 ('538', 'field', '70', 'en_gb', ' education '),
 ('538', 'field', '71', 'en_gb', ' lorem ipsum dolor sit amet consectetur adipiscing elit nam vel lorem non mauris ultrices maximus ut vel enim proin tempus dolor bibendum blandit porta diam nibh lobortis justo suscipit auctor dolor nisi ac leo pellentesque accumsan cursus aliquam vestibulum laoreet vestibulum mauris eget semper vivamus vel urna fringilla auctor leo at '),
 ('538', 'field', '72', 'en_gb', ' lorem ipsum dolor sit amet consectetur adipiscing elit nam vel lorem non mauris ultrices maximus ut vel enim proin tempus dolor bibendum blandit porta diam nibh lobortis justo suscipit auctor dolor nisi ac leo pellentesque accumsan cursus aliquam vestibulum laoreet vestibulum mauris eget semper vivamus vel urna fringilla auctor leo at lorem ipsum dolor sit amet consectetur adipiscing elit nam vel lorem non mauris ultrices maximus ut vel enim proin tempus dolor bibendum blandit porta diam nibh lobortis justo suscipit auctor dolor nisi ac leo pellentesque accumsan cursus aliquam vestibulum laoreet vestibulum mauris eget semper vivamus vel urna fringilla auctor leo at '),
 ('538', 'field', '73', 'en_gb', ' 1 '),
 ('538', 'field', '74', 'en_gb', ''),
 ('538', 'slug', '0', 'en_gb', ''),
 ('543', 'filename', '0', 'en_gb', ' 43f687c img_3040 jpg '),
 ('543', 'extension', '0', 'en_gb', ' jpg '),
 ('543', 'kind', '0', 'en_gb', ' image '),
 ('543', 'slug', '0', 'en_gb', ' 43f687c img 3040 '),
 ('543', 'title', '0', 'en_gb', ' 43f687c img 3040 '),
 ('544', 'filename', '0', 'en_gb', ' 23bd175 img_2868 jpg '),
 ('544', 'extension', '0', 'en_gb', ' jpg '),
 ('544', 'kind', '0', 'en_gb', ' image '),
 ('544', 'slug', '0', 'en_gb', ' 23bd175 img 2868 '),
 ('544', 'title', '0', 'en_gb', ' 23bd175 img 2868 '),
 ('545', 'filename', '0', 'en_gb', ' 03f0a9f img_2859 jpg '),
 ('545', 'extension', '0', 'en_gb', ' jpg '),
 ('545', 'kind', '0', 'en_gb', ' image '),
 ('545', 'slug', '0', 'en_gb', ' 03f0a9f img 2859 '),
 ('545', 'title', '0', 'en_gb', ' 03f0a9f img 2859 '),
 ('546', 'filename', '0', 'en_gb', ' f784faf img_2853 jpg '),
 ('546', 'extension', '0', 'en_gb', ' jpg '),
 ('546', 'kind', '0', 'en_gb', ' image '),
 ('546', 'slug', '0', 'en_gb', ' f784faf img 2853 '),
 ('546', 'title', '0', 'en_gb', ' f784faf img 2853 '),
 ('547', 'filename', '0', 'en_gb', ' 33fd793 img_2851 jpg '),
 ('547', 'extension', '0', 'en_gb', ' jpg '),
 ('547', 'kind', '0', 'en_gb', ' image '),
 ('547', 'slug', '0', 'en_gb', ' 33fd793 img 2851 '),
 ('547', 'title', '0', 'en_gb', ' 33fd793 img 2851 '),
 ('548', 'filename', '0', 'en_gb', ' 336924b img_2849 jpg '),
 ('548', 'extension', '0', 'en_gb', ' jpg '),
 ('548', 'kind', '0', 'en_gb', ' image '),
 ('548', 'slug', '0', 'en_gb', ' 336924b img 2849 '),
 ('548', 'title', '0', 'en_gb', ' 336924b img 2849 '),
 ('549', 'filename', '0', 'en_gb', ' 6b5b8a7 img_2848 jpg '),
 ('549', 'extension', '0', 'en_gb', ' jpg '),
 ('549', 'kind', '0', 'en_gb', ' image '),
 ('549', 'slug', '0', 'en_gb', ' 6b5b8a7 img 2848 '),
 ('549', 'title', '0', 'en_gb', ' 6b5b8a7 img 2848 '),
 ('550', 'filename', '0', 'en_gb', ' d277107 img_3047 jpg '),
 ('550', 'extension', '0', 'en_gb', ' jpg '),
 ('550', 'kind', '0', 'en_gb', ' image '),
 ('550', 'slug', '0', 'en_gb', ' d277107 img 3047 '),
 ('550', 'title', '0', 'en_gb', ' d277107 img 3047 ');
INSERT INTO `craft_searchindex` (`elementId`, `attribute`, `fieldId`, `locale`, `keywords`) VALUES
 ('551', 'filename', '0', 'en_gb', ' 3df1686 picture 532 jpg '),
 ('551', 'extension', '0', 'en_gb', ' jpg '),
 ('551', 'kind', '0', 'en_gb', ' image '),
 ('551', 'slug', '0', 'en_gb', ' 3df1686 picture 532 '),
 ('551', 'title', '0', 'en_gb', ' 3df1686 picture 532 '),
 ('552', 'filename', '0', 'en_gb', ' adb3978 picture 205 jpg '),
 ('552', 'extension', '0', 'en_gb', ' jpg '),
 ('552', 'kind', '0', 'en_gb', ' image '),
 ('552', 'slug', '0', 'en_gb', ' adb3978 picture 205 '),
 ('552', 'title', '0', 'en_gb', ' adb3978 picture 205 '),
 ('553', 'filename', '0', 'en_gb', ' 481b600 picture 084 jpg '),
 ('553', 'extension', '0', 'en_gb', ' jpg '),
 ('553', 'kind', '0', 'en_gb', ' image '),
 ('553', 'slug', '0', 'en_gb', ' 481b600 picture 084 '),
 ('553', 'title', '0', 'en_gb', ' 481b600 picture 084 '),
 ('554', 'filename', '0', 'en_gb', ' 246377f img_3047 jpg '),
 ('554', 'extension', '0', 'en_gb', ' jpg '),
 ('554', 'kind', '0', 'en_gb', ' image '),
 ('554', 'slug', '0', 'en_gb', ' 246377f img 3047 '),
 ('554', 'title', '0', 'en_gb', ' 246377f img 3047 '),
 ('555', 'filename', '0', 'en_gb', ' 1e71a30 img_3040 jpg '),
 ('555', 'extension', '0', 'en_gb', ' jpg '),
 ('555', 'kind', '0', 'en_gb', ' image '),
 ('555', 'slug', '0', 'en_gb', ' 1e71a30 img 3040 '),
 ('555', 'title', '0', 'en_gb', ' 1e71a30 img 3040 '),
 ('556', 'filename', '0', 'en_gb', ' d9a4bab img_2868 jpg '),
 ('556', 'extension', '0', 'en_gb', ' jpg '),
 ('556', 'kind', '0', 'en_gb', ' image '),
 ('556', 'slug', '0', 'en_gb', ' d9a4bab img 2868 '),
 ('556', 'title', '0', 'en_gb', ' d9a4bab img 2868 '),
 ('557', 'filename', '0', 'en_gb', ' 23fbe4b img_2859 jpg '),
 ('557', 'extension', '0', 'en_gb', ' jpg '),
 ('557', 'kind', '0', 'en_gb', ' image '),
 ('557', 'slug', '0', 'en_gb', ' 23fbe4b img 2859 '),
 ('557', 'title', '0', 'en_gb', ' 23fbe4b img 2859 '),
 ('558', 'filename', '0', 'en_gb', ' dad4f05 img_2853 jpg '),
 ('558', 'extension', '0', 'en_gb', ' jpg '),
 ('558', 'kind', '0', 'en_gb', ' image '),
 ('558', 'slug', '0', 'en_gb', ' dad4f05 img 2853 '),
 ('558', 'title', '0', 'en_gb', ' dad4f05 img 2853 '),
 ('559', 'filename', '0', 'en_gb', ' c6c1d82 img_2851 jpg '),
 ('559', 'extension', '0', 'en_gb', ' jpg '),
 ('559', 'kind', '0', 'en_gb', ' image '),
 ('559', 'slug', '0', 'en_gb', ' c6c1d82 img 2851 '),
 ('559', 'title', '0', 'en_gb', ' c6c1d82 img 2851 '),
 ('560', 'filename', '0', 'en_gb', ' 685e3cd img_2849 jpg '),
 ('560', 'extension', '0', 'en_gb', ' jpg '),
 ('560', 'kind', '0', 'en_gb', ' image '),
 ('560', 'slug', '0', 'en_gb', ' 685e3cd img 2849 '),
 ('560', 'title', '0', 'en_gb', ' 685e3cd img 2849 '),
 ('561', 'filename', '0', 'en_gb', ' a1e045a img_2848 jpg '),
 ('561', 'extension', '0', 'en_gb', ' jpg '),
 ('561', 'kind', '0', 'en_gb', ' image '),
 ('561', 'slug', '0', 'en_gb', ' a1e045a img 2848 '),
 ('561', 'title', '0', 'en_gb', ' a1e045a img 2848 '),
 ('562', 'filename', '0', 'en_gb', ' picture 532 jpg '),
 ('562', 'extension', '0', 'en_gb', ' jpg '),
 ('562', 'kind', '0', 'en_gb', ' image '),
 ('562', 'slug', '0', 'en_gb', ' picture 532 '),
 ('562', 'title', '0', 'en_gb', ' picture 532 '),
 ('563', 'field', '39', 'en_gb', ' picture 532 '),
 ('563', 'field', '29', 'en_gb', ' gallaher architects '),
 ('563', 'field', '31', 'en_gb', ' grouville jersey '),
 ('563', 'field', '32', 'en_gb', ' www architects je '),
 ('563', 'field', '33', 'en_gb', ''),
 ('563', 'field', '34', 'en_gb', ' one of a cluster of contemporary and energy efficient new build homes featuring a vaulted atrium lounge opening up into the garden '),
 ('563', 'field', '53', 'en_gb', ''),
 ('563', 'field', '36', 'en_gb', ''),
 ('563', 'field', '40', 'en_gb', ' 67f459c picture 532 f8cb875 picture 205 8059af1 picture 084 4d9466a img 3047 43f687c img 3040 23bd175 img 2868 03f0a9f img 2859 f784faf img 2853 33fd793 img 2851 336924b img 2849 6b5b8a7 img 2848 '),
 ('563', 'field', '42', 'en_gb', ''),
 ('563', 'field', '43', 'en_gb', ' our design approach was to respect and preserve the existing architectural style whilst making essential improvements to the performance of the building '),
 ('563', 'field', '44', 'en_gb', ' justin gallaher '),
 ('563', 'field', '45', 'en_gb', ' gallaher architects '),
 ('563', 'field', '46', 'en_gb', ' d277107 img 3047 '),
 ('563', 'field', '49', 'en_gb', ''),
 ('563', 'field', '50', 'en_gb', ''),
 ('563', 'field', '51', 'en_gb', ''),
 ('563', 'field', '52', 'en_gb', ''),
 ('563', 'field', '47', 'en_gb', ' 3df1686 picture 532 adb3978 picture 205 481b600 picture 084 246377f img 3047 1e71a30 img 3040 d9a4bab img 2868 23fbe4b img 2859 dad4f05 img 2853 c6c1d82 img 2851 685e3cd img 2849 a1e045a img 2848 '),
 ('563', 'field', '4', 'en_gb', ''),
 ('563', 'slug', '0', 'en_gb', ' 1 les fougeres '),
 ('563', 'title', '0', 'en_gb', ' 1 les fougeres '),
 ('568', 'filename', '0', 'en_gb', ' ce5790e before front elevation jpg '),
 ('568', 'extension', '0', 'en_gb', ' jpg '),
 ('568', 'kind', '0', 'en_gb', ' image '),
 ('568', 'slug', '0', 'en_gb', ' ce5790e before front elevation '),
 ('568', 'title', '0', 'en_gb', ' ce5790e before front elevation '),
 ('569', 'filename', '0', 'en_gb', ' 5dbaccf before entrance jpg '),
 ('569', 'extension', '0', 'en_gb', ' jpg '),
 ('569', 'kind', '0', 'en_gb', ' image '),
 ('569', 'slug', '0', 'en_gb', ' 5dbaccf before entrance '),
 ('569', 'title', '0', 'en_gb', ' 5dbaccf before entrance '),
 ('570', 'filename', '0', 'en_gb', ' a57063a after staircase jpg '),
 ('570', 'extension', '0', 'en_gb', ' jpg '),
 ('570', 'kind', '0', 'en_gb', ' image '),
 ('570', 'slug', '0', 'en_gb', ' a57063a after staircase '),
 ('570', 'title', '0', 'en_gb', ' a57063a after staircase '),
 ('571', 'filename', '0', 'en_gb', ' e2b27ab after modernised hallway jpg '),
 ('571', 'extension', '0', 'en_gb', ' jpg '),
 ('571', 'kind', '0', 'en_gb', ' image ');
INSERT INTO `craft_searchindex` (`elementId`, `attribute`, `fieldId`, `locale`, `keywords`) VALUES
 ('571', 'slug', '0', 'en_gb', ' e2b27ab after modernised hallway '),
 ('571', 'title', '0', 'en_gb', ' e2b27ab after modernised hallway '),
 ('572', 'filename', '0', 'en_gb', ' d36e3e3 after roadside elevation jpg '),
 ('572', 'extension', '0', 'en_gb', ' jpg '),
 ('572', 'kind', '0', 'en_gb', ' image '),
 ('572', 'slug', '0', 'en_gb', ' d36e3e3 after roadside elevation '),
 ('572', 'title', '0', 'en_gb', ' d36e3e3 after roadside elevation '),
 ('573', 'filename', '0', 'en_gb', ' 1d1c4e9 after kitchen jpg '),
 ('573', 'extension', '0', 'en_gb', ' jpg '),
 ('573', 'kind', '0', 'en_gb', ' image '),
 ('573', 'slug', '0', 'en_gb', ' 1d1c4e9 after kitchen '),
 ('573', 'title', '0', 'en_gb', ' 1d1c4e9 after kitchen '),
 ('574', 'filename', '0', 'en_gb', ' 3ca6645 after front elevation jpg '),
 ('574', 'extension', '0', 'en_gb', ' jpg '),
 ('574', 'kind', '0', 'en_gb', ' image '),
 ('574', 'slug', '0', 'en_gb', ' 3ca6645 after front elevation '),
 ('574', 'title', '0', 'en_gb', ' 3ca6645 after front elevation '),
 ('575', 'filename', '0', 'en_gb', ' 4154768 after entrance jpg '),
 ('575', 'extension', '0', 'en_gb', ' jpg '),
 ('575', 'kind', '0', 'en_gb', ' image '),
 ('575', 'slug', '0', 'en_gb', ' 4154768 after entrance '),
 ('575', 'title', '0', 'en_gb', ' 4154768 after entrance '),
 ('576', 'filename', '0', 'en_gb', ' ee21618 after dining with sliding doors jpg '),
 ('576', 'extension', '0', 'en_gb', ' jpg '),
 ('576', 'kind', '0', 'en_gb', ' image '),
 ('576', 'slug', '0', 'en_gb', ' ee21618 after dining with sliding doors '),
 ('576', 'title', '0', 'en_gb', ' ee21618 after dining with sliding doors '),
 ('577', 'filename', '0', 'en_gb', ' 7877013 after frameless glass balustrade jpg '),
 ('577', 'extension', '0', 'en_gb', ' jpg '),
 ('577', 'kind', '0', 'en_gb', ' image '),
 ('577', 'slug', '0', 'en_gb', ' 7877013 after frameless glass balustrade '),
 ('577', 'title', '0', 'en_gb', ' 7877013 after frameless glass balustrade '),
 ('578', 'filename', '0', 'en_gb', ' d953e52 before staircase jpg '),
 ('578', 'extension', '0', 'en_gb', ' jpg '),
 ('578', 'kind', '0', 'en_gb', ' image '),
 ('578', 'slug', '0', 'en_gb', ' d953e52 before staircase '),
 ('578', 'title', '0', 'en_gb', ' d953e52 before staircase '),
 ('579', 'filename', '0', 'en_gb', ' a313960 before lounge jpg '),
 ('579', 'extension', '0', 'en_gb', ' jpg '),
 ('579', 'kind', '0', 'en_gb', ' image '),
 ('579', 'slug', '0', 'en_gb', ' a313960 before lounge '),
 ('579', 'title', '0', 'en_gb', ' a313960 before lounge '),
 ('580', 'filename', '0', 'en_gb', ' 4173386 before front elevation jpg '),
 ('580', 'extension', '0', 'en_gb', ' jpg '),
 ('580', 'kind', '0', 'en_gb', ' image '),
 ('580', 'slug', '0', 'en_gb', ' 4173386 before front elevation '),
 ('580', 'title', '0', 'en_gb', ' 4173386 before front elevation '),
 ('581', 'filename', '0', 'en_gb', ' e2293c4 before entrance jpg '),
 ('581', 'extension', '0', 'en_gb', ' jpg '),
 ('581', 'kind', '0', 'en_gb', ' image '),
 ('581', 'slug', '0', 'en_gb', ' e2293c4 before entrance '),
 ('581', 'title', '0', 'en_gb', ' e2293c4 before entrance '),
 ('582', 'filename', '0', 'en_gb', ' 91c318d before staircase jpg '),
 ('582', 'extension', '0', 'en_gb', ' jpg '),
 ('582', 'kind', '0', 'en_gb', ' image '),
 ('582', 'slug', '0', 'en_gb', ' 91c318d before staircase '),
 ('582', 'title', '0', 'en_gb', ' 91c318d before staircase '),
 ('583', 'filename', '0', 'en_gb', ' b73b879 after staircase jpg '),
 ('583', 'extension', '0', 'en_gb', ' jpg '),
 ('583', 'kind', '0', 'en_gb', ' image '),
 ('583', 'slug', '0', 'en_gb', ' b73b879 after staircase '),
 ('583', 'title', '0', 'en_gb', ' b73b879 after staircase '),
 ('584', 'filename', '0', 'en_gb', ' b67a158 before lounge jpg '),
 ('584', 'extension', '0', 'en_gb', ' jpg '),
 ('584', 'kind', '0', 'en_gb', ' image '),
 ('584', 'slug', '0', 'en_gb', ' b67a158 before lounge '),
 ('584', 'title', '0', 'en_gb', ' b67a158 before lounge '),
 ('585', 'filename', '0', 'en_gb', ' 7487b50 after staircase jpg '),
 ('585', 'extension', '0', 'en_gb', ' jpg '),
 ('585', 'kind', '0', 'en_gb', ' image '),
 ('585', 'slug', '0', 'en_gb', ' 7487b50 after staircase '),
 ('585', 'title', '0', 'en_gb', ' 7487b50 after staircase '),
 ('586', 'filename', '0', 'en_gb', ' 91d71db after modernised hallway jpg '),
 ('586', 'extension', '0', 'en_gb', ' jpg '),
 ('586', 'kind', '0', 'en_gb', ' image '),
 ('586', 'slug', '0', 'en_gb', ' 91d71db after modernised hallway '),
 ('586', 'title', '0', 'en_gb', ' 91d71db after modernised hallway '),
 ('587', 'filename', '0', 'en_gb', ' b2f6542 after roadside elevation jpg '),
 ('587', 'extension', '0', 'en_gb', ' jpg '),
 ('587', 'kind', '0', 'en_gb', ' image '),
 ('587', 'slug', '0', 'en_gb', ' b2f6542 after roadside elevation '),
 ('587', 'title', '0', 'en_gb', ' b2f6542 after roadside elevation '),
 ('588', 'filename', '0', 'en_gb', ' 2983bad after kitchen jpg '),
 ('588', 'extension', '0', 'en_gb', ' jpg '),
 ('588', 'kind', '0', 'en_gb', ' image '),
 ('588', 'slug', '0', 'en_gb', ' 2983bad after kitchen '),
 ('588', 'title', '0', 'en_gb', ' 2983bad after kitchen '),
 ('589', 'filename', '0', 'en_gb', ' 100e16b after front elevation jpg '),
 ('589', 'extension', '0', 'en_gb', ' jpg '),
 ('589', 'kind', '0', 'en_gb', ' image '),
 ('589', 'slug', '0', 'en_gb', ' 100e16b after front elevation '),
 ('589', 'title', '0', 'en_gb', ' 100e16b after front elevation '),
 ('590', 'filename', '0', 'en_gb', ' 6f651a6 after entrance jpg '),
 ('590', 'extension', '0', 'en_gb', ' jpg '),
 ('590', 'kind', '0', 'en_gb', ' image '),
 ('590', 'slug', '0', 'en_gb', ' 6f651a6 after entrance '),
 ('590', 'title', '0', 'en_gb', ' 6f651a6 after entrance '),
 ('591', 'filename', '0', 'en_gb', ' 2ef3984 after dining with sliding doors jpg '),
 ('591', 'extension', '0', 'en_gb', ' jpg '),
 ('591', 'kind', '0', 'en_gb', ' image ');
INSERT INTO `craft_searchindex` (`elementId`, `attribute`, `fieldId`, `locale`, `keywords`) VALUES
 ('591', 'slug', '0', 'en_gb', ' 2ef3984 after dining with sliding doors '),
 ('591', 'title', '0', 'en_gb', ' 2ef3984 after dining with sliding doors '),
 ('592', 'filename', '0', 'en_gb', ' cae428e after frameless glass balustrade jpg '),
 ('592', 'extension', '0', 'en_gb', ' jpg '),
 ('592', 'kind', '0', 'en_gb', ' image '),
 ('592', 'slug', '0', 'en_gb', ' cae428e after frameless glass balustrade '),
 ('592', 'title', '0', 'en_gb', ' cae428e after frameless glass balustrade '),
 ('593', 'filename', '0', 'en_gb', ' after roadside elevation jpg '),
 ('593', 'extension', '0', 'en_gb', ' jpg '),
 ('593', 'kind', '0', 'en_gb', ' image '),
 ('593', 'slug', '0', 'en_gb', ' after roadside elevation '),
 ('593', 'title', '0', 'en_gb', ' after roadside elevation '),
 ('594', 'field', '39', 'en_gb', ' after roadside elevation '),
 ('594', 'field', '29', 'en_gb', ' gallaher architects '),
 ('594', 'field', '31', 'en_gb', ' grouville jersey '),
 ('594', 'field', '32', 'en_gb', ' www architects je '),
 ('594', 'field', '33', 'en_gb', ''),
 ('594', 'field', '34', 'en_gb', ' this 60 s style dwelling was modernised internally and a small extension added in a minimalist style complimenting the architecture of the original buildings '),
 ('594', 'field', '53', 'en_gb', ''),
 ('594', 'field', '36', 'en_gb', ' 1a5fbf7 before staircase 7310206 before lounge ce5790e before front elevation 5dbaccf before entrance '),
 ('594', 'field', '40', 'en_gb', ' a57063a after staircase e2b27ab after modernised hallway d36e3e3 after roadside elevation 1d1c4e9 after kitchen 3ca6645 after front elevation 4154768 after entrance ee21618 after dining with sliding doors 7877013 after frameless glass balustrade d953e52 before staircase a313960 before lounge 4173386 before front elevation e2293c4 before entrance '),
 ('594', 'field', '42', 'en_gb', ''),
 ('594', 'field', '43', 'en_gb', ' our design approach was to respect and preserve the existing architectural style whilst making essential improvements to the performance of the building '),
 ('594', 'field', '44', 'en_gb', ' justin gallaher '),
 ('594', 'field', '45', 'en_gb', ' gallaher architects '),
 ('594', 'field', '46', 'en_gb', ''),
 ('594', 'field', '49', 'en_gb', ''),
 ('594', 'field', '50', 'en_gb', ''),
 ('594', 'field', '51', 'en_gb', ''),
 ('594', 'field', '52', 'en_gb', ''),
 ('594', 'field', '47', 'en_gb', ' b73b879 after staircase 7487b50 after staircase 91d71db after modernised hallway b2f6542 after roadside elevation 2983bad after kitchen 100e16b after front elevation 6f651a6 after entrance 2ef3984 after dining with sliding doors cae428e after frameless glass balustrade '),
 ('594', 'field', '4', 'en_gb', ''),
 ('594', 'slug', '0', 'en_gb', ' 5 jardin des cures '),
 ('594', 'title', '0', 'en_gb', ' 5 jardin des cures '),
 ('607', 'filename', '0', 'en_gb', ' e3132bb before previous dwelling jpg '),
 ('607', 'extension', '0', 'en_gb', ' jpg '),
 ('607', 'kind', '0', 'en_gb', ' image '),
 ('607', 'slug', '0', 'en_gb', ' e3132bb before previous dwelling '),
 ('607', 'title', '0', 'en_gb', ' e3132bb before previous dwelling '),
 ('608', 'filename', '0', 'en_gb', ' cdc8aee after roadside view jpg '),
 ('608', 'extension', '0', 'en_gb', ' jpg '),
 ('608', 'kind', '0', 'en_gb', ' image '),
 ('608', 'slug', '0', 'en_gb', ' cdc8aee after roadside view '),
 ('608', 'title', '0', 'en_gb', ' cdc8aee after roadside view '),
 ('609', 'filename', '0', 'en_gb', ' 43ed732 after front facade jpg '),
 ('609', 'extension', '0', 'en_gb', ' jpg '),
 ('609', 'kind', '0', 'en_gb', ' image '),
 ('609', 'slug', '0', 'en_gb', ' 43ed732 after front facade '),
 ('609', 'title', '0', 'en_gb', ' 43ed732 after front facade '),
 ('610', 'filename', '0', 'en_gb', ' 8bdef19 after finished building jpg '),
 ('610', 'extension', '0', 'en_gb', ' jpg '),
 ('610', 'kind', '0', 'en_gb', ' image '),
 ('610', 'slug', '0', 'en_gb', ' 8bdef19 after finished building '),
 ('610', 'title', '0', 'en_gb', ' 8bdef19 after finished building '),
 ('611', 'filename', '0', 'en_gb', ' 5cb6b72 after field view jpg '),
 ('611', 'extension', '0', 'en_gb', ' jpg '),
 ('611', 'kind', '0', 'en_gb', ' image '),
 ('611', 'slug', '0', 'en_gb', ' 5cb6b72 after field view '),
 ('611', 'title', '0', 'en_gb', ' 5cb6b72 after field view '),
 ('4', 'field', '53', 'en_gb', ' commercial office social housing '),
 ('4', 'field', '49', 'en_gb', ''),
 ('4', 'field', '50', 'en_gb', ''),
 ('4', 'field', '51', 'en_gb', ''),
 ('4', 'field', '52', 'en_gb', ''),
 ('612', 'filename', '0', 'en_gb', ' 1393078 2mtvbow jpg '),
 ('612', 'extension', '0', 'en_gb', ' jpg '),
 ('612', 'kind', '0', 'en_gb', ' image '),
 ('612', 'slug', '0', 'en_gb', ' 1393078 2 mt vbo w '),
 ('612', 'title', '0', 'en_gb', ' 1393078 2 mt vbo w '),
 ('613', 'filename', '0', 'en_gb', ' de7e61b image 2 png '),
 ('613', 'extension', '0', 'en_gb', ' png '),
 ('613', 'kind', '0', 'en_gb', ' image '),
 ('613', 'slug', '0', 'en_gb', ' de7e61b image 2 '),
 ('613', 'title', '0', 'en_gb', ' de7e61b image 2 '),
 ('614', 'field', '48', 'en_gb', ''),
 ('614', 'field', '18', 'en_gb', ' 34 '),
 ('614', 'field', '19', 'en_gb', ' 048290k '),
 ('614', 'field', '20', 'en_gb', ' 4780645 '),
 ('614', 'field', '21', 'en_gb', ' https www bdkarchitects com '),
 ('614', 'field', '22', 'en_gb', ' 44 1534 768740 '),
 ('614', 'field', '23', 'en_gb', ' principal of bdk architects multiple award winning chartered architects planning consultants heritage advisers designers development consultants project managers and expert witness providing a perfect blend of of professional expertise at highest level combined with island experience and local knowledge we used bdk architects and found them to be quick reasonably priced creative great to work with approachable and with a complete understanding of all planning and building bye law aspects we would recommend them for any construction project '),
 ('614', 'field', '24', 'en_gb', ' https www facebook com jerseyarchitects '),
 ('614', 'field', '26', 'en_gb', ' https www instagram com bdk_architects '),
 ('614', 'field', '27', 'en_gb', ' https www linkedin com company 797205 '),
 ('614', 'field', '28', 'en_gb', ''),
 ('614', 'field', '25', 'en_gb', ' https twitter com jerseyarchitect '),
 ('614', 'username', '0', 'en_gb', ' pharding1 '),
 ('614', 'firstname', '0', 'en_gb', ' paul w '),
 ('614', 'lastname', '0', 'en_gb', ' harding ba hons diparch dist riba miod '),
 ('614', 'fullname', '0', 'en_gb', ' paul w harding ba hons diparch dist riba miod '),
 ('614', 'email', '0', 'en_gb', ' paul harding bdkarchitects com '),
 ('614', 'slug', '0', 'en_gb', ''),
 ('617', 'field', '81', 'en_gb', ' mail a bcf com '),
 ('617', 'field', '82', 'en_gb', ' 733100 '),
 ('617', 'field', '83', 'en_gb', ' 13 royal square st helier je2 4wa '),
 ('617', 'field', '21', 'en_gb', ' www a bcf com '),
 ('617', 'slug', '0', 'en_gb', ' architecture barnes collie fischer '),
 ('617', 'title', '0', 'en_gb', ' architecture barnes collie fischer '),
 ('618', 'field', '81', 'en_gb', ' chris c3darchitect com '),
 ('618', 'field', '82', 'en_gb', ' 747978 ');
INSERT INTO `craft_searchindex` (`elementId`, `attribute`, `fieldId`, `locale`, `keywords`) VALUES
 ('618', 'field', '83', 'en_gb', ' the studio near patch coal la rue de la vallee st mary je3 3dl '),
 ('618', 'field', '21', 'en_gb', ' www c3darchitect com '),
 ('618', 'slug', '0', 'en_gb', ' architecture d3 ltd '),
 ('618', 'title', '0', 'en_gb', ' architecture d3 ltd '),
 ('619', 'field', '81', 'en_gb', ' enquiries jerseyarkitecture co uk '),
 ('619', 'field', '82', 'en_gb', ' 852306 '),
 ('619', 'field', '83', 'en_gb', ' 4 le petit catelet la route de st jean st john je3 4en '),
 ('619', 'field', '21', 'en_gb', ''),
 ('619', 'slug', '0', 'en_gb', ' arkitecture ltd '),
 ('619', 'title', '0', 'en_gb', ' arkitecture ltd '),
 ('620', 'field', '81', 'en_gb', ' all amarchitects net '),
 ('620', 'field', '82', 'en_gb', ' 736728 '),
 ('620', 'field', '83', 'en_gb', ' 12 britannia place bath street st helier jersey je2 4su '),
 ('620', 'field', '21', 'en_gb', ' www amarchitects net '),
 ('620', 'slug', '0', 'en_gb', ' am architects '),
 ('620', 'title', '0', 'en_gb', ' am architects '),
 ('621', 'field', '81', 'en_gb', ' jersey axismason com '),
 ('621', 'field', '82', 'en_gb', ' 870137 '),
 ('621', 'field', '83', 'en_gb', ' sommerville house phillips street st helier je2 4sw '),
 ('621', 'field', '21', 'en_gb', ' www axismason com '),
 ('621', 'slug', '0', 'en_gb', ' axis mason limited '),
 ('621', 'title', '0', 'en_gb', ' axis mason limited '),
 ('622', 'field', '81', 'en_gb', ' enquiry bdkarchitects com '),
 ('622', 'field', '82', 'en_gb', ' 768740 '),
 ('622', 'field', '83', 'en_gb', ' white lodge wellington road st saviour je2 7te '),
 ('622', 'field', '21', 'en_gb', ' www bdkarchitects com '),
 ('622', 'slug', '0', 'en_gb', ' bdk architects '),
 ('622', 'title', '0', 'en_gb', ' bdk architects '),
 ('623', 'field', '81', 'en_gb', ' contact dbarchitects co je '),
 ('623', 'field', '82', 'en_gb', ' 880861 '),
 ('623', 'field', '83', 'en_gb', ' 108 halkett place st helier je2 4wh '),
 ('623', 'field', '21', 'en_gb', ' www dbarchitects co je '),
 ('623', 'slug', '0', 'en_gb', ' dyson and buesnel architects '),
 ('623', 'title', '0', 'en_gb', ' dyson and buesnel architects '),
 ('624', 'field', '81', 'en_gb', ' info architects je '),
 ('624', 'field', '82', 'en_gb', ' 724394 '),
 ('624', 'field', '83', 'en_gb', ' 12 dumaresq st st helier je2 3rl '),
 ('624', 'field', '21', 'en_gb', ' www architects je '),
 ('624', 'slug', '0', 'en_gb', ' gallaher architects '),
 ('624', 'title', '0', 'en_gb', ' gallaher architects '),
 ('625', 'field', '81', 'en_gb', ' enquiry godelarchitects com '),
 ('625', 'field', '82', 'en_gb', ' 486050 '),
 ('625', 'field', '83', 'en_gb', ' la chasse studio la rue de la vallee st mary je3 3dl '),
 ('625', 'field', '21', 'en_gb', ' www godelarchitects com '),
 ('625', 'slug', '0', 'en_gb', ' godel architects '),
 ('625', 'title', '0', 'en_gb', ' godel architects '),
 ('626', 'field', '81', 'en_gb', ' info jamesnaish co uk '),
 ('626', 'field', '82', 'en_gb', ' 490028 '),
 ('626', 'field', '83', 'en_gb', ' the studio clos du mur route de plemont st ouen je3 2bd '),
 ('626', 'field', '21', 'en_gb', ' www jamesnaish co uk '),
 ('626', 'slug', '0', 'en_gb', ' james naish architect '),
 ('626', 'title', '0', 'en_gb', ' james naish architect '),
 ('627', 'field', '81', 'en_gb', ' janef localdial com '),
 ('627', 'field', '82', 'en_gb', ' 744773 '),
 ('627', 'field', '83', 'en_gb', ' the studio no 4 petit port close la route de petit port st brelade je3 8hj '),
 ('627', 'field', '21', 'en_gb', ' www jfa architect com '),
 ('627', 'slug', '0', 'en_gb', ' jane faulkner architect riba jfa '),
 ('627', 'title', '0', 'en_gb', ' jane faulkner architect riba jfa '),
 ('628', 'field', '81', 'en_gb', ' marc_medland yahoo co uk '),
 ('628', 'field', '82', 'en_gb', ' 07797 838229 '),
 ('628', 'field', '83', 'en_gb', ' 2 heron mews la petite rue du val plaisant st helier je2 4ya '),
 ('628', 'field', '21', 'en_gb', ' www marcmedland co uk '),
 ('628', 'slug', '0', 'en_gb', ' marc medland architect '),
 ('628', 'title', '0', 'en_gb', ' marc medland architect '),
 ('629', 'field', '81', 'en_gb', ' mike mbraveryarchitect com '),
 ('629', 'field', '82', 'en_gb', ' 631312 '),
 ('629', 'field', '83', 'en_gb', ' felsted studio la rue de guilleaume et d anneville st martin je3 6dp '),
 ('629', 'field', '21', 'en_gb', ' www mbraveryarchitect com '),
 ('629', 'slug', '0', 'en_gb', ' michael bravery chartered architect '),
 ('629', 'title', '0', 'en_gb', ' michael bravery chartered architect '),
 ('630', 'field', '81', 'en_gb', ' info morrisarchitects co uk '),
 ('630', 'field', '82', 'en_gb', ' 738635 '),
 ('630', 'field', '83', 'en_gb', ' 17 la motte street st helier je2 4sy '),
 ('630', 'field', '21', 'en_gb', ' www morrisarchitects co uk '),
 ('630', 'slug', '0', 'en_gb', ' morris architects ltd '),
 ('630', 'title', '0', 'en_gb', ' morris architects ltd '),
 ('631', 'field', '81', 'en_gb', ' rcl nbandpjersey com '),
 ('631', 'field', '82', 'en_gb', ' 731391 '),
 ('631', 'field', '83', 'en_gb', ' shadingfield studio mont a la brune st brelade je3 8fl '),
 ('631', 'field', '21', 'en_gb', ' www nigelbiggar com '),
 ('631', 'slug', '0', 'en_gb', ' nigel biggar partners '),
 ('631', 'title', '0', 'en_gb', ' nigel biggar partners '),
 ('632', 'field', '81', 'en_gb', ' origin arcstudio icloud com '),
 ('632', 'field', '82', 'en_gb', ' 484658 '),
 ('632', 'field', '83', 'en_gb', ' the beach hut two watkin villa victoria avenue st helier je2 3lu '),
 ('632', 'field', '21', 'en_gb', ''),
 ('632', 'slug', '0', 'en_gb', ' origin architecture studio '),
 ('632', 'title', '0', 'en_gb', ' origin architecture studio '),
 ('633', 'field', '81', 'en_gb', ' info pagearchitects co uk '),
 ('633', 'field', '82', 'en_gb', ' 869054 '),
 ('633', 'field', '83', 'en_gb', ' crahamel house 1 3 duhamel place st helier je2 4tp '),
 ('633', 'field', '21', 'en_gb', ' www pagearchitects co uk '),
 ('633', 'slug', '0', 'en_gb', ' page architects ltd '),
 ('633', 'title', '0', 'en_gb', ' page architects ltd '),
 ('634', 'field', '81', 'en_gb', ' rlesarch gmail com '),
 ('634', 'field', '82', 'en_gb', ' 626874 '),
 ('634', 'field', '83', 'en_gb', ' 5 minden place st helier je2 4wq '),
 ('634', 'field', '21', 'en_gb', ' www rlesarchitects co uk '),
 ('634', 'slug', '0', 'en_gb', ' richard le sueur architects '),
 ('634', 'title', '0', 'en_gb', ' richard le sueur architects ');
INSERT INTO `craft_searchindex` (`elementId`, `attribute`, `fieldId`, `locale`, `keywords`) VALUES
 ('635', 'field', '81', 'en_gb', ' office riva architects com '),
 ('635', 'field', '82', 'en_gb', ' 499383 '),
 ('635', 'field', '83', 'en_gb', ' industria house red houses st brelade je3 8ld '),
 ('635', 'field', '21', 'en_gb', ' www riva architects com '),
 ('635', 'slug', '0', 'en_gb', ' riva architects ltd '),
 ('635', 'title', '0', 'en_gb', ' riva architects ltd '),
 ('636', 'field', '81', 'en_gb', ' sara sarahart uk '),
 ('636', 'field', '82', 'en_gb', ' 733732 '),
 ('636', 'field', '83', 'en_gb', ' la bouque 2 the gables le hurel st ouen je3 2le '),
 ('636', 'field', '21', 'en_gb', ' www sarahart uk '),
 ('636', 'slug', '0', 'en_gb', ' sara hart architect limited '),
 ('636', 'title', '0', 'en_gb', ' sara hart architect limited '),
 ('637', 'field', '81', 'en_gb', ' info tsajersey com '),
 ('637', 'field', '82', 'en_gb', ' 481743 '),
 ('637', 'field', '83', 'en_gb', ' fisher s gate route des laveurs st ouen je3 2fh '),
 ('637', 'field', '21', 'en_gb', ' www tsajersey com '),
 ('637', 'slug', '0', 'en_gb', ' tsassociates ltd tim skudder '),
 ('637', 'title', '0', 'en_gb', ' tsassociates ltd tim skudder '),
 ('638', 'field', '81', 'en_gb', ' anna vestaarchitecture co uk '),
 ('638', 'field', '82', 'en_gb', ' 745167 '),
 ('638', 'field', '83', 'en_gb', ' vale lodge mont fallu st peter je3 7ef '),
 ('638', 'field', '21', 'en_gb', ' www vestaarchitecture co uk '),
 ('638', 'slug', '0', 'en_gb', ' vesta architecture '),
 ('638', 'title', '0', 'en_gb', ' vesta architecture '),
 ('639', 'field', '81', 'en_gb', ' mail waddington je '),
 ('639', 'field', '82', 'en_gb', ' 766788 '),
 ('639', 'field', '83', 'en_gb', ' 3 st andrew s place charing cross st helier je2 3rp '),
 ('639', 'field', '21', 'en_gb', ' www waddington je '),
 ('639', 'slug', '0', 'en_gb', ' waddington architects '),
 ('639', 'title', '0', 'en_gb', ' waddington architects '),
 ('640', 'field', '81', 'en_gb', ' mail wildborehands com '),
 ('640', 'field', '82', 'en_gb', ' 605087 '),
 ('640', 'field', '83', 'en_gb', ' doue house 1b longueville rd st saviours je2 7sa '),
 ('640', 'field', '21', 'en_gb', ' www wildborehands com '),
 ('640', 'slug', '0', 'en_gb', ' wildbore hands ltd '),
 ('640', 'title', '0', 'en_gb', ' wildbore hands ltd ');



DROP TABLE IF EXISTS `craft_sections`;


--
-- Schema for table `craft_sections`
--
CREATE TABLE `craft_sections` (
  `id` int(11) NOT NULL AUTO_INCREMENT,
  `structureId` int(11) DEFAULT NULL,
  `name` varchar(255) COLLATE utf8_unicode_ci NOT NULL,
  `handle` varchar(255) COLLATE utf8_unicode_ci NOT NULL,
  `type` enum('single','channel','structure') COLLATE utf8_unicode_ci NOT NULL DEFAULT 'channel',
  `hasUrls` tinyint(1) unsigned NOT NULL DEFAULT '1',
  `template` varchar(500) COLLATE utf8_unicode_ci DEFAULT NULL,
  `enableVersioning` tinyint(1) unsigned NOT NULL DEFAULT '0',
  `dateCreated` datetime NOT NULL,
  `dateUpdated` datetime NOT NULL,
  `uid` char(36) COLLATE utf8_unicode_ci NOT NULL DEFAULT '0',
  PRIMARY KEY (`id`),
  UNIQUE KEY `craft_sections_name_unq_idx` (`name`),
  UNIQUE KEY `craft_sections_handle_unq_idx` (`handle`),
  KEY `craft_sections_structureId_fk` (`structureId`)
) ENGINE=InnoDB AUTO_INCREMENT=9 DEFAULT CHARSET=utf8 COLLATE=utf8_unicode_ci;

--
-- Data for table `craft_sections`
--

INSERT INTO `craft_sections` (`id`, `structureId`, `name`, `handle`, `type`, `hasUrls`, `template`, `enableVersioning`, `dateCreated`, `dateUpdated`, `uid`) VALUES
 ('1', NULL, 'Homepage', 'homepage', 'single', '1', 'index', '1', '2018-01-18 10:53:40', '2018-01-18 10:53:40', '69f58a75-47d1-412b-9097-c15ad0282f38'),
 ('2', NULL, 'News', 'news', 'channel', '1', '_default-entry/_news-entry', '1', '2018-01-18 10:53:41', '2018-04-10 10:22:55', 'e4d1fd8d-09b2-47cf-a6a7-f11b48edf517'),
 ('3', NULL, 'Projects', 'projects', 'channel', '1', 'projects/_entry', '1', '2018-01-26 15:50:35', '2018-01-26 15:50:35', 'b589c3b8-5a3c-4a4c-80e0-04bfbda2945e'),
 ('4', NULL, 'Education', 'education', 'single', '1', '_default-entry/_default-entry', '1', '2018-04-10 09:08:45', '2018-04-10 10:30:37', 'feaec62c-d597-4bfa-b3a1-0d30b2d6cc52'),
 ('6', NULL, 'About', 'about', 'single', '1', '_default-entry/_default-entry', '1', '2018-04-10 09:50:11', '2018-04-10 10:30:26', '858b2ea6-ed14-4cdd-af1e-f88bb22ec6d9'),
 ('7', NULL, 'Contact', 'contact', 'single', '1', 'contact', '1', '2018-07-11 10:25:16', '2018-07-11 10:25:16', '8fb65c38-1e5d-4fa3-9b54-e616b865cd11'),
 ('8', '2', 'Companies', 'companies', 'structure', '1', 'companies/_entry', '1', '2018-07-11 12:55:57', '2018-07-11 12:55:57', '2a2f7a2a-dba6-464f-be98-0a480d6c3027');



DROP TABLE IF EXISTS `craft_sections_i18n`;


--
-- Schema for table `craft_sections_i18n`
--
CREATE TABLE `craft_sections_i18n` (
  `id` int(11) NOT NULL AUTO_INCREMENT,
  `sectionId` int(11) NOT NULL,
  `locale` char(12) COLLATE utf8_unicode_ci NOT NULL,
  `enabledByDefault` tinyint(1) unsigned NOT NULL DEFAULT '1',
  `urlFormat` text COLLATE utf8_unicode_ci,
  `nestedUrlFormat` text COLLATE utf8_unicode_ci,
  `dateCreated` datetime NOT NULL,
  `dateUpdated` datetime NOT NULL,
  `uid` char(36) COLLATE utf8_unicode_ci NOT NULL DEFAULT '0',
  PRIMARY KEY (`id`),
  UNIQUE KEY `craft_sections_i18n_sectionId_locale_unq_idx` (`sectionId`,`locale`),
  KEY `craft_sections_i18n_locale_fk` (`locale`)
) ENGINE=InnoDB AUTO_INCREMENT=9 DEFAULT CHARSET=utf8 COLLATE=utf8_unicode_ci;

--
-- Data for table `craft_sections_i18n`
--

INSERT INTO `craft_sections_i18n` (`id`, `sectionId`, `locale`, `enabledByDefault`, `urlFormat`, `nestedUrlFormat`, `dateCreated`, `dateUpdated`, `uid`) VALUES
 ('1', '1', 'en_gb', '1', '__home__', NULL, '2018-01-18 10:53:40', '2018-01-18 10:53:40', '15adafe7-e489-4c26-a547-402e1f0557f5'),
 ('2', '2', 'en_gb', '1', 'news/{postDate.year}/{slug}', NULL, '2018-01-18 10:53:41', '2018-01-18 10:53:41', 'd6f1e704-30c2-49ba-94c4-c419f1c52776'),
 ('3', '3', 'en_gb', '1', 'projects/{slug}', NULL, '2018-01-26 15:50:35', '2018-01-26 15:50:35', 'b1269f21-ec2a-416f-8d5e-87d7237518c5'),
 ('4', '4', 'en_gb', '1', 'education', NULL, '2018-04-10 09:08:45', '2018-04-10 09:08:45', '438ee2d6-3d3e-430e-95c7-fe13afe90f81'),
 ('6', '6', 'en_gb', '1', 'about', NULL, '2018-04-10 09:50:11', '2018-04-10 09:50:11', '4e106767-c0cb-420f-8a06-a0987da98005'),
 ('7', '7', 'en_gb', '1', 'contact', NULL, '2018-07-11 10:25:16', '2018-07-11 10:25:16', 'e559fe86-1d9f-451e-b646-9b8ec58e5827'),
 ('8', '8', 'en_gb', '1', 'companies/{slug}', NULL, '2018-07-11 12:55:57', '2018-07-11 12:55:57', '5629dc5d-78a3-417e-82dc-6e29de948d01');



DROP TABLE IF EXISTS `craft_sessions`;


--
-- Schema for table `craft_sessions`
--
CREATE TABLE `craft_sessions` (
  `id` int(11) NOT NULL AUTO_INCREMENT,
  `userId` int(11) NOT NULL,
  `token` char(100) COLLATE utf8_unicode_ci NOT NULL,
  `dateCreated` datetime NOT NULL,
  `dateUpdated` datetime NOT NULL,
  `uid` char(36) COLLATE utf8_unicode_ci NOT NULL DEFAULT '0',
  PRIMARY KEY (`id`),
  KEY `craft_sessions_uid_idx` (`uid`),
  KEY `craft_sessions_token_idx` (`token`),
  KEY `craft_sessions_dateUpdated_idx` (`dateUpdated`),
  KEY `craft_sessions_userId_fk` (`userId`)
) ENGINE=InnoDB AUTO_INCREMENT=139 DEFAULT CHARSET=utf8 COLLATE=utf8_unicode_ci;

DROP TABLE IF EXISTS `craft_shunnedmessages`;


--
-- Schema for table `craft_shunnedmessages`
--
CREATE TABLE `craft_shunnedmessages` (
  `id` int(11) NOT NULL AUTO_INCREMENT,
  `userId` int(11) NOT NULL,
  `message` varchar(255) COLLATE utf8_unicode_ci NOT NULL,
  `expiryDate` datetime DEFAULT NULL,
  `dateCreated` datetime NOT NULL,
  `dateUpdated` datetime NOT NULL,
  `uid` char(36) COLLATE utf8_unicode_ci NOT NULL DEFAULT '0',
  PRIMARY KEY (`id`),
  UNIQUE KEY `craft_shunnedmessages_userId_message_unq_idx` (`userId`,`message`)
) ENGINE=InnoDB DEFAULT CHARSET=utf8 COLLATE=utf8_unicode_ci;

DROP TABLE IF EXISTS `craft_structureelements`;


--
-- Schema for table `craft_structureelements`
--
CREATE TABLE `craft_structureelements` (
  `id` int(11) NOT NULL AUTO_INCREMENT,
  `structureId` int(11) NOT NULL,
  `elementId` int(11) DEFAULT NULL,
  `root` int(11) unsigned DEFAULT NULL,
  `lft` int(11) unsigned NOT NULL,
  `rgt` int(11) unsigned NOT NULL,
  `level` smallint(6) unsigned NOT NULL,
  `dateCreated` datetime NOT NULL,
  `dateUpdated` datetime NOT NULL,
  `uid` char(36) COLLATE utf8_unicode_ci NOT NULL DEFAULT '0',
  PRIMARY KEY (`id`),
  UNIQUE KEY `craft_structureelements_structureId_elementId_unq_idx` (`structureId`,`elementId`),
  KEY `craft_structureelements_root_idx` (`root`),
  KEY `craft_structureelements_lft_idx` (`lft`),
  KEY `craft_structureelements_rgt_idx` (`rgt`),
  KEY `craft_structureelements_level_idx` (`level`),
  KEY `craft_structureelements_elementId_fk` (`elementId`)
) ENGINE=InnoDB AUTO_INCREMENT=36 DEFAULT CHARSET=utf8 COLLATE=utf8_unicode_ci;

--
-- Data for table `craft_structureelements`
--

INSERT INTO `craft_structureelements` (`id`, `structureId`, `elementId`, `root`, `lft`, `rgt`, `level`, `dateCreated`, `dateUpdated`, `uid`) VALUES
 ('1', '1', NULL, '1', '1', '18', '0', '2018-04-04 14:22:10', '2018-04-04 14:22:10', '039c0be9-57dc-411c-99f3-e54a17570806'),
 ('2', '1', '509', '1', '2', '3', '1', '2018-04-04 14:22:10', '2018-04-04 14:22:10', 'a52044a9-4599-40d9-b6aa-5fbbc1200465'),
 ('3', '1', '510', '1', '4', '5', '1', '2018-04-04 14:22:20', '2018-04-04 14:22:20', '7f22a1d7-8b0d-4e0c-b6e6-e4b47f38fd08'),
 ('4', '1', '511', '1', '6', '7', '1', '2018-04-04 14:22:31', '2018-04-04 14:22:31', 'b487264d-fb06-4075-83cd-9a7614a53d00'),
 ('5', '1', '512', '1', '8', '9', '1', '2018-04-04 14:22:45', '2018-04-04 14:22:45', '2b8b91ce-6919-4c06-a6ed-e8b83b8e4500'),
 ('6', '1', '513', '1', '10', '11', '1', '2018-04-04 14:22:58', '2018-04-04 14:22:58', '300fc16f-33b6-4bee-bd75-1b84bfe25f12'),
 ('7', '1', '514', '1', '12', '13', '1', '2018-04-04 14:23:09', '2018-04-04 14:23:09', '9386f0bf-d232-405f-a0e5-902216d6ff02'),
 ('8', '1', '515', '1', '14', '15', '1', '2018-04-04 14:23:21', '2018-04-04 14:23:21', '8cd827ad-572a-48a7-8a16-b39671bbd312'),
 ('9', '1', '516', '1', '16', '17', '1', '2018-04-04 14:23:30', '2018-04-04 14:23:30', 'ddc12921-da2c-47e2-8b6b-c6028ee10e88'),
 ('10', '2', NULL, '10', '1', '52', '0', '2018-07-11 12:59:30', '2018-07-11 12:59:30', '6dd7a707-691b-4120-b8f5-b0c3d8c1674a'),
 ('11', '2', '616', '10', '2', '3', '1', '2018-07-11 12:59:30', '2018-07-11 12:59:30', '79836ada-7a63-4950-a073-35ef43d860dd'),
 ('12', '2', '617', '10', '4', '5', '1', '2018-07-11 13:03:33', '2018-07-11 13:03:33', '9d866025-8cbd-4814-b669-c4b29838372a'),
 ('13', '2', '618', '10', '6', '7', '1', '2018-07-11 13:04:45', '2018-07-11 13:04:45', '532cb26d-ce8c-45b6-92b8-5ba3a3db9ebc'),
 ('14', '2', '619', '10', '8', '9', '1', '2018-07-11 13:05:32', '2018-07-11 13:05:32', '44905ed1-89a7-406a-b43a-5007f946ce43'),
 ('15', '2', '620', '10', '10', '11', '1', '2018-07-11 13:06:20', '2018-07-11 13:06:20', '85cfa451-38e3-4a39-8142-7738793508a0'),
 ('16', '2', '621', '10', '12', '13', '1', '2018-07-11 13:07:47', '2018-07-11 13:07:47', '60e19219-855a-40e9-a640-ff085d7f3cae'),
 ('17', '2', '622', '10', '14', '15', '1', '2018-07-11 13:08:32', '2018-07-11 13:08:32', '3222d52f-f2e1-4dc4-a06a-632ba3495209'),
 ('18', '2', '623', '10', '16', '17', '1', '2018-07-11 13:09:39', '2018-07-11 13:09:39', '105c17e4-a595-4f7a-974c-8cb0911d241d'),
 ('19', '2', '624', '10', '18', '19', '1', '2018-07-11 13:10:19', '2018-07-11 13:10:19', 'ffb5dbe1-317c-40a1-9d5a-d81d42db8e76'),
 ('20', '2', '625', '10', '20', '21', '1', '2018-07-11 13:12:21', '2018-07-11 13:12:21', '17b679a4-d3d2-4790-b5ef-9bdbf82eb6c8'),
 ('21', '2', '626', '10', '22', '23', '1', '2018-07-11 13:13:30', '2018-07-11 13:13:30', '292f0db3-5e41-4fc3-a3c6-4e96c5fbfc09'),
 ('22', '2', '627', '10', '24', '25', '1', '2018-07-11 13:14:00', '2018-07-11 13:14:00', 'a5330866-51f1-4140-a4ed-fa243edca9d4'),
 ('23', '2', '628', '10', '26', '27', '1', '2018-07-11 13:14:32', '2018-07-11 13:14:32', '95605410-18b1-47dc-a12e-45b2cae7977e'),
 ('24', '2', '629', '10', '28', '29', '1', '2018-07-11 13:15:25', '2018-07-11 13:15:25', '3eb61db5-05f8-4cf7-b2a9-bb117d1831dd'),
 ('25', '2', '630', '10', '30', '31', '1', '2018-07-11 13:15:54', '2018-07-11 13:15:54', '8f8ecee2-9267-4d52-90e1-93ba3a517e40'),
 ('26', '2', '631', '10', '32', '33', '1', '2018-07-11 13:17:20', '2018-07-11 13:17:20', 'e0830ff2-af52-4c8f-8d97-7229fabd0328'),
 ('27', '2', '632', '10', '34', '35', '1', '2018-07-11 13:17:48', '2018-07-11 13:17:48', '25806b3c-6915-492d-90b6-d366b9f0f0e1'),
 ('28', '2', '633', '10', '36', '37', '1', '2018-07-11 13:19:16', '2018-07-11 13:19:16', '87609bfc-effd-4bd0-aa60-832519bd2a74'),
 ('29', '2', '634', '10', '38', '39', '1', '2018-07-11 13:19:49', '2018-07-11 13:19:49', '74ca2dd8-85a3-4752-8871-da58257ab560'),
 ('30', '2', '635', '10', '40', '41', '1', '2018-07-11 13:20:21', '2018-07-11 13:20:21', '5b0a63cf-fc64-49cd-bec7-f37c7d67c168'),
 ('31', '2', '636', '10', '42', '43', '1', '2018-07-11 13:32:29', '2018-07-11 13:32:29', '78d5d75a-6988-49f4-8ea5-f613b705c756'),
 ('32', '2', '637', '10', '44', '45', '1', '2018-07-11 13:33:02', '2018-07-11 13:33:02', 'b49e6526-c5fc-4323-820e-24e93e09674f'),
 ('33', '2', '638', '10', '46', '47', '1', '2018-07-11 13:33:55', '2018-07-11 13:33:55', '2c35ce2f-b77f-4a86-9ef8-fa4488a3f80b'),
 ('34', '2', '639', '10', '48', '49', '1', '2018-07-11 13:34:31', '2018-07-11 13:34:31', '5f0203da-390e-480c-a575-7e31e6bb4259'),
 ('35', '2', '640', '10', '50', '51', '1', '2018-07-11 13:35:37', '2018-07-11 13:35:37', '6f30408c-3597-4772-8e10-23177d8e7a61');



DROP TABLE IF EXISTS `craft_structures`;


--
-- Schema for table `craft_structures`
--
CREATE TABLE `craft_structures` (
  `id` int(11) NOT NULL AUTO_INCREMENT,
  `maxLevels` smallint(6) unsigned DEFAULT NULL,
  `dateCreated` datetime NOT NULL,
  `dateUpdated` datetime NOT NULL,
  `uid` char(36) COLLATE utf8_unicode_ci NOT NULL DEFAULT '0',
  PRIMARY KEY (`id`)
) ENGINE=InnoDB AUTO_INCREMENT=3 DEFAULT CHARSET=utf8 COLLATE=utf8_unicode_ci;

--
-- Data for table `craft_structures`
--

INSERT INTO `craft_structures` (`id`, `maxLevels`, `dateCreated`, `dateUpdated`, `uid`) VALUES
 ('1', NULL, '2018-02-21 12:04:50', '2018-02-21 12:04:50', '804a2051-9a42-43ca-9a48-45babbb34dd0'),
 ('2', '1', '2018-07-11 12:55:57', '2018-07-11 12:55:57', '8830ef56-64ef-4bfd-9386-8ddf5b69520d');



DROP TABLE IF EXISTS `craft_systemsettings`;


--
-- Schema for table `craft_systemsettings`
--
CREATE TABLE `craft_systemsettings` (
  `id` int(11) NOT NULL AUTO_INCREMENT,
  `category` varchar(15) COLLATE utf8_unicode_ci NOT NULL,
  `settings` text COLLATE utf8_unicode_ci,
  `dateCreated` datetime NOT NULL,
  `dateUpdated` datetime NOT NULL,
  `uid` char(36) COLLATE utf8_unicode_ci NOT NULL DEFAULT '0',
  PRIMARY KEY (`id`),
  UNIQUE KEY `craft_systemsettings_category_unq_idx` (`category`)
) ENGINE=InnoDB AUTO_INCREMENT=3 DEFAULT CHARSET=utf8 COLLATE=utf8_unicode_ci;

--
-- Data for table `craft_systemsettings`
--

INSERT INTO `craft_systemsettings` (`id`, `category`, `settings`, `dateCreated`, `dateUpdated`, `uid`) VALUES
 ('1', 'email', '{\"template\":\"\",\"protocol\":\"php\",\"emailAddress\":\"luca@ipopdigital.com\",\"senderName\":\"AJA\"}', '2018-01-18 10:53:38', '2018-04-27 10:30:16', '52af550d-5639-44c4-8471-5f0550926584'),
 ('2', 'users', '{\"requireEmailVerification\":0,\"allowPublicRegistration\":1,\"defaultGroup\":\"1\"}', '2018-01-26 15:23:22', '2018-02-05 09:26:34', 'eef04e8c-92bb-4e20-b138-15d3179b8268');



DROP TABLE IF EXISTS `craft_taggroups`;


--
-- Schema for table `craft_taggroups`
--
CREATE TABLE `craft_taggroups` (
  `id` int(11) NOT NULL AUTO_INCREMENT,
  `name` varchar(255) COLLATE utf8_unicode_ci NOT NULL,
  `handle` varchar(255) COLLATE utf8_unicode_ci NOT NULL,
  `fieldLayoutId` int(10) DEFAULT NULL,
  `dateCreated` datetime NOT NULL,
  `dateUpdated` datetime NOT NULL,
  `uid` char(36) COLLATE utf8_unicode_ci NOT NULL DEFAULT '0',
  PRIMARY KEY (`id`),
  UNIQUE KEY `craft_taggroups_name_unq_idx` (`name`),
  UNIQUE KEY `craft_taggroups_handle_unq_idx` (`handle`),
  KEY `craft_taggroups_fieldLayoutId_fk` (`fieldLayoutId`)
) ENGINE=InnoDB AUTO_INCREMENT=2 DEFAULT CHARSET=utf8 COLLATE=utf8_unicode_ci;

--
-- Data for table `craft_taggroups`
--

INSERT INTO `craft_taggroups` (`id`, `name`, `handle`, `fieldLayoutId`, `dateCreated`, `dateUpdated`, `uid`) VALUES
 ('1', 'Default', 'default', '1', '2018-01-18 10:53:38', '2018-01-18 10:53:38', '22d5e880-af56-4ca6-8a45-35ae29098aa6');



DROP TABLE IF EXISTS `craft_tags`;


--
-- Schema for table `craft_tags`
--
CREATE TABLE `craft_tags` (
  `id` int(11) NOT NULL,
  `groupId` int(11) NOT NULL,
  `dateCreated` datetime NOT NULL,
  `dateUpdated` datetime NOT NULL,
  `uid` char(36) COLLATE utf8_unicode_ci NOT NULL DEFAULT '0',
  PRIMARY KEY (`id`),
  KEY `craft_tags_groupId_fk` (`groupId`)
) ENGINE=InnoDB DEFAULT CHARSET=utf8 COLLATE=utf8_unicode_ci;

DROP TABLE IF EXISTS `craft_tasks`;


--
-- Schema for table `craft_tasks`
--
CREATE TABLE `craft_tasks` (
  `id` int(11) NOT NULL AUTO_INCREMENT,
  `root` int(11) unsigned DEFAULT NULL,
  `lft` int(11) unsigned NOT NULL,
  `rgt` int(11) unsigned NOT NULL,
  `level` smallint(6) unsigned NOT NULL,
  `currentStep` int(11) unsigned DEFAULT NULL,
  `totalSteps` int(11) unsigned DEFAULT NULL,
  `status` enum('pending','error','running') COLLATE utf8_unicode_ci DEFAULT NULL,
  `type` varchar(150) COLLATE utf8_unicode_ci NOT NULL,
  `description` varchar(255) COLLATE utf8_unicode_ci DEFAULT NULL,
  `settings` mediumtext COLLATE utf8_unicode_ci,
  `dateCreated` datetime NOT NULL,
  `dateUpdated` datetime NOT NULL,
  `uid` char(36) COLLATE utf8_unicode_ci NOT NULL DEFAULT '0',
  PRIMARY KEY (`id`),
  KEY `craft_tasks_root_idx` (`root`),
  KEY `craft_tasks_lft_idx` (`lft`),
  KEY `craft_tasks_rgt_idx` (`rgt`),
  KEY `craft_tasks_level_idx` (`level`)
) ENGINE=InnoDB AUTO_INCREMENT=89 DEFAULT CHARSET=utf8 COLLATE=utf8_unicode_ci;

DROP TABLE IF EXISTS `craft_templatecachecriteria`;


--
-- Schema for table `craft_templatecachecriteria`
--
CREATE TABLE `craft_templatecachecriteria` (
  `id` int(11) NOT NULL AUTO_INCREMENT,
  `cacheId` int(11) NOT NULL,
  `type` varchar(150) COLLATE utf8_unicode_ci NOT NULL,
  `criteria` text COLLATE utf8_unicode_ci NOT NULL,
  PRIMARY KEY (`id`),
  KEY `craft_templatecachecriteria_cacheId_fk` (`cacheId`),
  KEY `craft_templatecachecriteria_type_idx` (`type`)
) ENGINE=InnoDB DEFAULT CHARSET=utf8 COLLATE=utf8_unicode_ci;

DROP TABLE IF EXISTS `craft_templatecacheelements`;


--
-- Schema for table `craft_templatecacheelements`
--
CREATE TABLE `craft_templatecacheelements` (
  `cacheId` int(11) NOT NULL,
  `elementId` int(11) NOT NULL,
  KEY `craft_templatecacheelements_cacheId_fk` (`cacheId`),
  KEY `craft_templatecacheelements_elementId_fk` (`elementId`)
) ENGINE=InnoDB DEFAULT CHARSET=utf8 COLLATE=utf8_unicode_ci;

DROP TABLE IF EXISTS `craft_templatecaches`;


--
-- Schema for table `craft_templatecaches`
--
CREATE TABLE `craft_templatecaches` (
  `id` int(11) NOT NULL AUTO_INCREMENT,
  `cacheKey` varchar(255) COLLATE utf8_unicode_ci NOT NULL,
  `locale` char(12) COLLATE utf8_unicode_ci NOT NULL,
  `path` varchar(255) COLLATE utf8_unicode_ci DEFAULT NULL,
  `expiryDate` datetime NOT NULL,
  `body` mediumtext COLLATE utf8_unicode_ci NOT NULL,
  PRIMARY KEY (`id`),
  KEY `craft_templatecaches_cacheKey_locale_expiryDate_path_idx` (`cacheKey`,`locale`,`expiryDate`,`path`),
  KEY `craft_templatecaches_cacheKey_locale_expiryDate_idx` (`cacheKey`,`locale`,`expiryDate`),
  KEY `craft_templatecaches_locale_fk` (`locale`)
) ENGINE=InnoDB DEFAULT CHARSET=utf8 COLLATE=utf8_unicode_ci;

DROP TABLE IF EXISTS `craft_tokens`;


--
-- Schema for table `craft_tokens`
--
CREATE TABLE `craft_tokens` (
  `id` int(11) NOT NULL AUTO_INCREMENT,
  `token` char(32) COLLATE utf8_unicode_ci NOT NULL,
  `route` text COLLATE utf8_unicode_ci,
  `usageLimit` tinyint(3) unsigned DEFAULT NULL,
  `usageCount` tinyint(3) unsigned DEFAULT NULL,
  `expiryDate` datetime NOT NULL,
  `dateCreated` datetime NOT NULL,
  `dateUpdated` datetime NOT NULL,
  `uid` char(36) COLLATE utf8_unicode_ci NOT NULL DEFAULT '0',
  PRIMARY KEY (`id`),
  UNIQUE KEY `craft_tokens_token_unq_idx` (`token`),
  KEY `craft_tokens_expiryDate_idx` (`expiryDate`)
) ENGINE=InnoDB AUTO_INCREMENT=2 DEFAULT CHARSET=utf8 COLLATE=utf8_unicode_ci;

--
-- Data for table `craft_tokens`
--

INSERT INTO `craft_tokens` (`id`, `token`, `route`, `usageLimit`, `usageCount`, `expiryDate`, `dateCreated`, `dateUpdated`, `uid`) VALUES
 ('1', 'MkA7eQjhrel5n4~dccyqb9sKgJgYLJlb', '{\"action\":\"entries\\/viewSharedEntry\",\"params\":{\"entryId\":\"59\",\"locale\":\"en_gb\"}}', NULL, NULL, '2018-02-02 14:23:55', '2018-02-01 14:23:55', '2018-02-01 14:23:55', '45371b72-0893-4768-b3e0-0fb2ba32a019');



DROP TABLE IF EXISTS `craft_usergroups`;


--
-- Schema for table `craft_usergroups`
--
CREATE TABLE `craft_usergroups` (
  `id` int(11) NOT NULL AUTO_INCREMENT,
  `name` varchar(255) COLLATE utf8_unicode_ci NOT NULL,
  `handle` varchar(255) COLLATE utf8_unicode_ci NOT NULL,
  `dateCreated` datetime NOT NULL,
  `dateUpdated` datetime NOT NULL,
  `uid` char(36) COLLATE utf8_unicode_ci NOT NULL DEFAULT '0',
  PRIMARY KEY (`id`),
  UNIQUE KEY `craft_usergroups_name_unq_idx` (`name`),
  UNIQUE KEY `craft_usergroups_handle_unq_idx` (`handle`)
) ENGINE=InnoDB AUTO_INCREMENT=2 DEFAULT CHARSET=utf8 COLLATE=utf8_unicode_ci;

--
-- Data for table `craft_usergroups`
--

INSERT INTO `craft_usergroups` (`id`, `name`, `handle`, `dateCreated`, `dateUpdated`, `uid`) VALUES
 ('1', 'Members', 'members', '2018-01-30 14:57:09', '2018-02-23 16:55:43', 'fd1fba22-c0c8-4cc4-ae05-2fbeaf3c992d');



DROP TABLE IF EXISTS `craft_usergroups_users`;


--
-- Schema for table `craft_usergroups_users`
--
CREATE TABLE `craft_usergroups_users` (
  `id` int(11) NOT NULL AUTO_INCREMENT,
  `groupId` int(11) NOT NULL,
  `userId` int(11) NOT NULL,
  `dateCreated` datetime NOT NULL,
  `dateUpdated` datetime NOT NULL,
  `uid` char(36) COLLATE utf8_unicode_ci NOT NULL DEFAULT '0',
  PRIMARY KEY (`id`),
  UNIQUE KEY `craft_usergroups_users_groupId_userId_unq_idx` (`groupId`,`userId`),
  KEY `craft_usergroups_users_userId_fk` (`userId`)
) ENGINE=InnoDB AUTO_INCREMENT=31 DEFAULT CHARSET=utf8 COLLATE=utf8_unicode_ci;

--
-- Data for table `craft_usergroups_users`
--

INSERT INTO `craft_usergroups_users` (`id`, `groupId`, `userId`, `dateCreated`, `dateUpdated`, `uid`) VALUES
 ('28', '1', '326', '2018-04-23 13:45:28', '2018-04-23 13:45:28', '17ab6447-808f-40a4-a74a-84ff666a70f2'),
 ('29', '1', '614', '2018-04-27 07:56:54', '2018-04-27 07:56:54', '5adf67c9-32bc-4822-adc4-b31fc9d7f695'),
 ('30', '1', '564', '2018-04-27 10:31:11', '2018-04-27 10:31:11', '69e41eb0-91f2-4889-8165-47a19de3d1bc');



DROP TABLE IF EXISTS `craft_userpermissions`;


--
-- Schema for table `craft_userpermissions`
--
CREATE TABLE `craft_userpermissions` (
  `id` int(11) NOT NULL AUTO_INCREMENT,
  `name` varchar(255) COLLATE utf8_unicode_ci NOT NULL,
  `dateCreated` datetime NOT NULL,
  `dateUpdated` datetime NOT NULL,
  `uid` char(36) COLLATE utf8_unicode_ci NOT NULL DEFAULT '0',
  PRIMARY KEY (`id`),
  UNIQUE KEY `craft_userpermissions_name_unq_idx` (`name`)
) ENGINE=InnoDB AUTO_INCREMENT=7 DEFAULT CHARSET=utf8 COLLATE=utf8_unicode_ci;

--
-- Data for table `craft_userpermissions`
--

INSERT INTO `craft_userpermissions` (`id`, `name`, `dateCreated`, `dateUpdated`, `uid`) VALUES
 ('1', 'createentries:3', '2018-01-30 14:57:09', '2018-01-30 14:57:09', '8e39cf5c-a781-4d62-b83e-40af369a0618'),
 ('2', 'editentries:3', '2018-01-30 14:57:09', '2018-01-30 14:57:09', '7908972e-2145-4e89-b9e1-c2cf417b033e'),
 ('3', 'uploadtoassetsource:1', '2018-01-30 14:57:09', '2018-01-30 14:57:09', '42227b3c-c42a-47c6-bede-bdcc90eb153c'),
 ('4', 'viewassetsource:1', '2018-01-30 14:57:09', '2018-01-30 14:57:09', '6df83c62-9e2a-46f0-ad45-5bd3c991cc2e'),
 ('5', 'deleteentries:3', '2018-02-01 13:31:40', '2018-02-01 13:31:40', '093e93aa-e3f5-4d13-a67b-a4e347468917'),
 ('6', 'publishentries:3', '2018-02-23 16:55:43', '2018-02-23 16:55:43', '372ab316-4ff7-4e1a-adfd-cbc7d640fe7c');



DROP TABLE IF EXISTS `craft_userpermissions_usergroups`;


--
-- Schema for table `craft_userpermissions_usergroups`
--
CREATE TABLE `craft_userpermissions_usergroups` (
  `id` int(11) NOT NULL AUTO_INCREMENT,
  `permissionId` int(11) NOT NULL,
  `groupId` int(11) NOT NULL,
  `dateCreated` datetime NOT NULL,
  `dateUpdated` datetime NOT NULL,
  `uid` char(36) COLLATE utf8_unicode_ci NOT NULL DEFAULT '0',
  PRIMARY KEY (`id`),
  UNIQUE KEY `craft_userpermissions_usergroups_permissionId_groupId_unq_idx` (`permissionId`,`groupId`),
  KEY `craft_userpermissions_usergroups_groupId_fk` (`groupId`)
) ENGINE=InnoDB AUTO_INCREMENT=21 DEFAULT CHARSET=utf8 COLLATE=utf8_unicode_ci;

--
-- Data for table `craft_userpermissions_usergroups`
--

INSERT INTO `craft_userpermissions_usergroups` (`id`, `permissionId`, `groupId`, `dateCreated`, `dateUpdated`, `uid`) VALUES
 ('15', '1', '1', '2018-02-23 16:55:43', '2018-02-23 16:55:43', 'a3c91a96-7ce6-4f60-83c6-d3fb3bb4502e'),
 ('16', '6', '1', '2018-02-23 16:55:43', '2018-02-23 16:55:43', '37945a72-5ec8-4283-8332-150fe39f7524'),
 ('17', '5', '1', '2018-02-23 16:55:43', '2018-02-23 16:55:43', '94e1acdf-6cfb-4314-b3ff-a58574adb0de'),
 ('18', '2', '1', '2018-02-23 16:55:43', '2018-02-23 16:55:43', '6173f5bf-1c05-48f9-aa5d-db5beb94fa71'),
 ('19', '3', '1', '2018-02-23 16:55:43', '2018-02-23 16:55:43', '561b362d-43a7-4f3e-ad1c-a1d7677544e5'),
 ('20', '4', '1', '2018-02-23 16:55:43', '2018-02-23 16:55:43', 'f57b0853-c05b-40f3-ba7b-b6ee69d9c3a8');



DROP TABLE IF EXISTS `craft_userpermissions_users`;


--
-- Schema for table `craft_userpermissions_users`
--
CREATE TABLE `craft_userpermissions_users` (
  `id` int(11) NOT NULL AUTO_INCREMENT,
  `permissionId` int(11) NOT NULL,
  `userId` int(11) NOT NULL,
  `dateCreated` datetime NOT NULL,
  `dateUpdated` datetime NOT NULL,
  `uid` char(36) COLLATE utf8_unicode_ci NOT NULL DEFAULT '0',
  PRIMARY KEY (`id`),
  UNIQUE KEY `craft_userpermissions_users_permissionId_userId_unq_idx` (`permissionId`,`userId`),
  KEY `craft_userpermissions_users_userId_fk` (`userId`)
) ENGINE=InnoDB DEFAULT CHARSET=utf8 COLLATE=utf8_unicode_ci;

DROP TABLE IF EXISTS `craft_users`;


--
-- Schema for table `craft_users`
--
CREATE TABLE `craft_users` (
  `id` int(11) NOT NULL,
  `username` varchar(100) COLLATE utf8_unicode_ci NOT NULL,
  `photo` varchar(100) COLLATE utf8_unicode_ci DEFAULT NULL,
  `firstName` varchar(100) COLLATE utf8_unicode_ci DEFAULT NULL,
  `lastName` varchar(100) COLLATE utf8_unicode_ci DEFAULT NULL,
  `email` varchar(255) COLLATE utf8_unicode_ci NOT NULL,
  `password` char(255) COLLATE utf8_unicode_ci DEFAULT NULL,
  `preferredLocale` char(12) COLLATE utf8_unicode_ci DEFAULT NULL,
  `weekStartDay` tinyint(1) unsigned NOT NULL DEFAULT '0',
  `admin` tinyint(1) unsigned NOT NULL DEFAULT '0',
  `client` tinyint(1) unsigned NOT NULL DEFAULT '0',
  `locked` tinyint(1) unsigned NOT NULL DEFAULT '0',
  `suspended` tinyint(1) unsigned NOT NULL DEFAULT '0',
  `pending` tinyint(1) unsigned NOT NULL DEFAULT '0',
  `archived` tinyint(1) unsigned NOT NULL DEFAULT '0',
  `lastLoginDate` datetime DEFAULT NULL,
  `lastLoginAttemptIPAddress` varchar(45) COLLATE utf8_unicode_ci DEFAULT NULL,
  `invalidLoginWindowStart` datetime DEFAULT NULL,
  `invalidLoginCount` tinyint(4) unsigned DEFAULT NULL,
  `lastInvalidLoginDate` datetime DEFAULT NULL,
  `lockoutDate` datetime DEFAULT NULL,
  `verificationCode` char(100) COLLATE utf8_unicode_ci DEFAULT NULL,
  `verificationCodeIssuedDate` datetime DEFAULT NULL,
  `unverifiedEmail` varchar(255) COLLATE utf8_unicode_ci DEFAULT NULL,
  `passwordResetRequired` tinyint(1) unsigned NOT NULL DEFAULT '0',
  `lastPasswordChangeDate` datetime DEFAULT NULL,
  `dateCreated` datetime NOT NULL,
  `dateUpdated` datetime NOT NULL,
  `uid` char(36) COLLATE utf8_unicode_ci NOT NULL DEFAULT '0',
  PRIMARY KEY (`id`),
  UNIQUE KEY `craft_users_username_unq_idx` (`username`),
  UNIQUE KEY `craft_users_email_unq_idx` (`email`),
  KEY `craft_users_verificationCode_idx` (`verificationCode`),
  KEY `craft_users_uid_idx` (`uid`),
  KEY `craft_users_preferredLocale_fk` (`preferredLocale`)
) ENGINE=InnoDB DEFAULT CHARSET=utf8 COLLATE=utf8_unicode_ci;

--
-- Data for table `craft_users`
--

INSERT INTO `craft_users` (`id`, `username`, `photo`, `firstName`, `lastName`, `email`, `password`, `preferredLocale`, `weekStartDay`, `admin`, `client`, `locked`, `suspended`, `pending`, `archived`, `lastLoginDate`, `lastLoginAttemptIPAddress`, `invalidLoginWindowStart`, `invalidLoginCount`, `lastInvalidLoginDate`, `lockoutDate`, `verificationCode`, `verificationCodeIssuedDate`, `unverifiedEmail`, `passwordResetRequired`, `lastPasswordChangeDate`, `dateCreated`, `dateUpdated`, `uid`) VALUES
 ('1', 'theboss', NULL, 'Luca', 'Jeg', 'luca@ipopdigital.com', '$2y$13$c.cLNRGpeLrY2jmUO7RJyeiBgZDHcY6iGbxu5uu2Dh.3jTMEJL74y', NULL, '0', '1', '0', '0', '0', '0', '0', '2018-07-11 14:36:52', '::1', NULL, NULL, '2018-02-19 11:05:37', NULL, NULL, NULL, NULL, '0', '2018-01-18 10:53:34', '2018-01-18 10:53:35', '2018-07-11 14:36:52', '3cbf1125-7a5f-4b86-9dd1-4d3757381b1e'),
 ('326', 'JustinGallaher', NULL, 'Justin', 'Gallaher', 'placeholder@email.com', '$2y$13$NOcLblo2u28oL.Wfn/mzQ.X51bRhQ8cHpWFJorxR1l3boeMG4Zz66', NULL, '0', '0', '0', '0', '0', '0', '0', '2018-04-10 11:38:55', '::1', NULL, NULL, NULL, NULL, '$2y$13$wl7L7QxLR/WXVRUnwaEbU.5j2789qIoUOLeFCzY3xC7XxucNbOGB.', '2018-04-23 13:18:57', NULL, '0', '2018-02-22 11:53:34', '2018-02-22 11:53:34', '2018-04-23 13:45:28', '5c0e6222-ef78-4ba6-a1f0-727967953885'),
 ('564', 'ChantelleArnold', NULL, 'Chantelle', 'Arnold', 'arniejersey@hotmail.com', '$2y$13$.OtI3yL8Hsqb35t3f3IIm.qioLUfesytf9Gp5u3iSjmpFEtdCy5re', NULL, '0', '0', '0', '0', '0', '0', '0', '2018-04-23 13:44:39', '87.244.76.174', NULL, NULL, NULL, NULL, NULL, NULL, NULL, '0', '2018-04-23 13:44:22', '2018-04-10 11:07:06', '2018-04-27 14:04:20', '27bbdbcc-f1aa-4cb1-893f-a61538c16326'),
 ('614', 'pharding1', NULL, 'Paul W.', 'Harding BA(Hons) DipArch(Dist) RIBA MIoD', 'paul.harding@bdkarchitects.com', '$2y$13$IOUYI.z705Eu4rqgLmjUYeVqTr4KLHTWNQW9NGFOPEGUNgtpplsse', NULL, '0', '0', '0', '0', '0', '0', '0', NULL, NULL, NULL, NULL, NULL, NULL, NULL, NULL, NULL, '0', '2018-04-27 07:56:53', '2018-04-27 07:56:54', '2018-04-27 09:35:42', 'eac0cadf-be66-46f9-894b-50320f30b385');



DROP TABLE IF EXISTS `craft_widgets`;


--
-- Schema for table `craft_widgets`
--
CREATE TABLE `craft_widgets` (
  `id` int(11) NOT NULL AUTO_INCREMENT,
  `userId` int(11) NOT NULL,
  `type` varchar(150) COLLATE utf8_unicode_ci NOT NULL,
  `sortOrder` smallint(6) unsigned DEFAULT NULL,
  `colspan` tinyint(4) unsigned DEFAULT NULL,
  `settings` text COLLATE utf8_unicode_ci,
  `enabled` tinyint(1) unsigned NOT NULL DEFAULT '1',
  `dateCreated` datetime NOT NULL,
  `dateUpdated` datetime NOT NULL,
  `uid` char(36) COLLATE utf8_unicode_ci NOT NULL DEFAULT '0',
  PRIMARY KEY (`id`),
  KEY `craft_widgets_userId_fk` (`userId`)
) ENGINE=InnoDB AUTO_INCREMENT=5 DEFAULT CHARSET=utf8 COLLATE=utf8_unicode_ci;

--
-- Data for table `craft_widgets`
--

INSERT INTO `craft_widgets` (`id`, `userId`, `type`, `sortOrder`, `colspan`, `settings`, `enabled`, `dateCreated`, `dateUpdated`, `uid`) VALUES
 ('1', '1', 'RecentEntries', '1', NULL, NULL, '1', '2018-01-26 14:43:44', '2018-01-26 14:43:44', '62bd0adc-4722-42db-bed7-75f0453b3174'),
 ('2', '1', 'GetHelp', '2', NULL, NULL, '1', '2018-01-26 14:43:44', '2018-01-26 14:43:44', '40a9fb4c-4fcb-4fb2-bedb-9764a1e8780a'),
 ('3', '1', 'Updates', '3', NULL, NULL, '1', '2018-01-26 14:43:44', '2018-01-26 14:43:44', '8ae99ca0-efb6-4932-93b3-000b77d7f9c0'),
 ('4', '1', 'Feed', '4', NULL, '{\"url\":\"https:\\/\\/craftcms.com\\/news.rss\",\"title\":\"Craft News\"}', '1', '2018-01-26 14:43:44', '2018-01-26 14:43:44', 'e6f27384-6cc6-4f36-84bf-495aa595a551');


--
-- Constraints for tables
--


--
-- Constraints for table `craft_assetfiles`
--
ALTER TABLE `craft_assetfiles`
	ADD CONSTRAINT `craft_assetfiles_folderId_fk` FOREIGN KEY (`folderId`) REFERENCES `craft_assetfolders` (`id`) ON DELETE CASCADE,
	ADD CONSTRAINT `craft_assetfiles_id_fk` FOREIGN KEY (`id`) REFERENCES `craft_elements` (`id`) ON DELETE CASCADE,
	ADD CONSTRAINT `craft_assetfiles_sourceId_fk` FOREIGN KEY (`sourceId`) REFERENCES `craft_assetsources` (`id`) ON DELETE CASCADE;

--
-- Constraints for table `craft_assetfolders`
--
ALTER TABLE `craft_assetfolders`
	ADD CONSTRAINT `craft_assetfolders_parentId_fk` FOREIGN KEY (`parentId`) REFERENCES `craft_assetfolders` (`id`) ON DELETE CASCADE,
	ADD CONSTRAINT `craft_assetfolders_sourceId_fk` FOREIGN KEY (`sourceId`) REFERENCES `craft_assetsources` (`id`) ON DELETE CASCADE;

--
-- Constraints for table `craft_assetindexdata`
--
ALTER TABLE `craft_assetindexdata`
	ADD CONSTRAINT `craft_assetindexdata_sourceId_fk` FOREIGN KEY (`sourceId`) REFERENCES `craft_assetsources` (`id`) ON DELETE CASCADE;

--
-- Constraints for table `craft_assetsources`
--
ALTER TABLE `craft_assetsources`
	ADD CONSTRAINT `craft_assetsources_fieldLayoutId_fk` FOREIGN KEY (`fieldLayoutId`) REFERENCES `craft_fieldlayouts` (`id`) ON DELETE SET NULL;

--
-- Constraints for table `craft_categories`
--
ALTER TABLE `craft_categories`
	ADD CONSTRAINT `craft_categories_groupId_fk` FOREIGN KEY (`groupId`) REFERENCES `craft_categorygroups` (`id`) ON DELETE CASCADE,
	ADD CONSTRAINT `craft_categories_id_fk` FOREIGN KEY (`id`) REFERENCES `craft_elements` (`id`) ON DELETE CASCADE;

--
-- Constraints for table `craft_categorygroups`
--
ALTER TABLE `craft_categorygroups`
	ADD CONSTRAINT `craft_categorygroups_fieldLayoutId_fk` FOREIGN KEY (`fieldLayoutId`) REFERENCES `craft_fieldlayouts` (`id`) ON DELETE SET NULL,
	ADD CONSTRAINT `craft_categorygroups_structureId_fk` FOREIGN KEY (`structureId`) REFERENCES `craft_structures` (`id`) ON DELETE CASCADE;

--
-- Constraints for table `craft_categorygroups_i18n`
--
ALTER TABLE `craft_categorygroups_i18n`
	ADD CONSTRAINT `craft_categorygroups_i18n_groupId_fk` FOREIGN KEY (`groupId`) REFERENCES `craft_categorygroups` (`id`) ON DELETE CASCADE,
	ADD CONSTRAINT `craft_categorygroups_i18n_locale_fk` FOREIGN KEY (`locale`) REFERENCES `craft_locales` (`locale`) ON DELETE CASCADE ON UPDATE CASCADE;

--
-- Constraints for table `craft_contactform_message`
--
ALTER TABLE `craft_contactform_message`
	ADD CONSTRAINT `craft_contactform_message_formId_fk` FOREIGN KEY (`formId`) REFERENCES `craft_contactform_form` (`id`) ON DELETE SET NULL;

--
-- Constraints for table `craft_content`
--
ALTER TABLE `craft_content`
	ADD CONSTRAINT `craft_content_elementId_fk` FOREIGN KEY (`elementId`) REFERENCES `craft_elements` (`id`) ON DELETE CASCADE,
	ADD CONSTRAINT `craft_content_locale_fk` FOREIGN KEY (`locale`) REFERENCES `craft_locales` (`locale`) ON DELETE CASCADE ON UPDATE CASCADE;

--
-- Constraints for table `craft_elements_i18n`
--
ALTER TABLE `craft_elements_i18n`
	ADD CONSTRAINT `craft_elements_i18n_elementId_fk` FOREIGN KEY (`elementId`) REFERENCES `craft_elements` (`id`) ON DELETE CASCADE,
	ADD CONSTRAINT `craft_elements_i18n_locale_fk` FOREIGN KEY (`locale`) REFERENCES `craft_locales` (`locale`) ON DELETE CASCADE ON UPDATE CASCADE;

--
-- Constraints for table `craft_emailmessages`
--
ALTER TABLE `craft_emailmessages`
	ADD CONSTRAINT `craft_emailmessages_locale_fk` FOREIGN KEY (`locale`) REFERENCES `craft_locales` (`locale`) ON DELETE CASCADE ON UPDATE CASCADE;

--
-- Constraints for table `craft_entries`
--
ALTER TABLE `craft_entries`
	ADD CONSTRAINT `craft_entries_authorId_fk` FOREIGN KEY (`authorId`) REFERENCES `craft_users` (`id`) ON DELETE CASCADE,
	ADD CONSTRAINT `craft_entries_id_fk` FOREIGN KEY (`id`) REFERENCES `craft_elements` (`id`) ON DELETE CASCADE,
	ADD CONSTRAINT `craft_entries_sectionId_fk` FOREIGN KEY (`sectionId`) REFERENCES `craft_sections` (`id`) ON DELETE CASCADE,
	ADD CONSTRAINT `craft_entries_typeId_fk` FOREIGN KEY (`typeId`) REFERENCES `craft_entrytypes` (`id`) ON DELETE CASCADE;

--
-- Constraints for table `craft_entrycount`
--
ALTER TABLE `craft_entrycount`
	ADD CONSTRAINT `craft_entrycount_entryId_fk` FOREIGN KEY (`entryId`) REFERENCES `craft_entries` (`id`) ON DELETE CASCADE;

--
-- Constraints for table `craft_entrydrafts`
--
ALTER TABLE `craft_entrydrafts`
	ADD CONSTRAINT `craft_entrydrafts_creatorId_fk` FOREIGN KEY (`creatorId`) REFERENCES `craft_users` (`id`) ON DELETE CASCADE,
	ADD CONSTRAINT `craft_entrydrafts_entryId_fk` FOREIGN KEY (`entryId`) REFERENCES `craft_entries` (`id`) ON DELETE CASCADE,
	ADD CONSTRAINT `craft_entrydrafts_locale_fk` FOREIGN KEY (`locale`) REFERENCES `craft_locales` (`locale`) ON DELETE CASCADE ON UPDATE CASCADE,
	ADD CONSTRAINT `craft_entrydrafts_sectionId_fk` FOREIGN KEY (`sectionId`) REFERENCES `craft_sections` (`id`) ON DELETE CASCADE;

--
-- Constraints for table `craft_entrytypes`
--
ALTER TABLE `craft_entrytypes`
	ADD CONSTRAINT `craft_entrytypes_fieldLayoutId_fk` FOREIGN KEY (`fieldLayoutId`) REFERENCES `craft_fieldlayouts` (`id`) ON DELETE SET NULL,
	ADD CONSTRAINT `craft_entrytypes_sectionId_fk` FOREIGN KEY (`sectionId`) REFERENCES `craft_sections` (`id`) ON DELETE CASCADE;

--
-- Constraints for table `craft_entryversions`
--
ALTER TABLE `craft_entryversions`
	ADD CONSTRAINT `craft_entryversions_creatorId_fk` FOREIGN KEY (`creatorId`) REFERENCES `craft_users` (`id`) ON DELETE SET NULL,
	ADD CONSTRAINT `craft_entryversions_entryId_fk` FOREIGN KEY (`entryId`) REFERENCES `craft_entries` (`id`) ON DELETE CASCADE,
	ADD CONSTRAINT `craft_entryversions_locale_fk` FOREIGN KEY (`locale`) REFERENCES `craft_locales` (`locale`) ON DELETE CASCADE ON UPDATE CASCADE,
	ADD CONSTRAINT `craft_entryversions_sectionId_fk` FOREIGN KEY (`sectionId`) REFERENCES `craft_sections` (`id`) ON DELETE CASCADE;

--
-- Constraints for table `craft_fieldlayoutfields`
--
ALTER TABLE `craft_fieldlayoutfields`
	ADD CONSTRAINT `craft_fieldlayoutfields_fieldId_fk` FOREIGN KEY (`fieldId`) REFERENCES `craft_fields` (`id`) ON DELETE CASCADE,
	ADD CONSTRAINT `craft_fieldlayoutfields_layoutId_fk` FOREIGN KEY (`layoutId`) REFERENCES `craft_fieldlayouts` (`id`) ON DELETE CASCADE,
	ADD CONSTRAINT `craft_fieldlayoutfields_tabId_fk` FOREIGN KEY (`tabId`) REFERENCES `craft_fieldlayouttabs` (`id`) ON DELETE CASCADE;

--
-- Constraints for table `craft_fieldlayouttabs`
--
ALTER TABLE `craft_fieldlayouttabs`
	ADD CONSTRAINT `craft_fieldlayouttabs_layoutId_fk` FOREIGN KEY (`layoutId`) REFERENCES `craft_fieldlayouts` (`id`) ON DELETE CASCADE;

--
-- Constraints for table `craft_fields`
--
ALTER TABLE `craft_fields`
	ADD CONSTRAINT `craft_fields_groupId_fk` FOREIGN KEY (`groupId`) REFERENCES `craft_fieldgroups` (`id`) ON DELETE CASCADE;

--
-- Constraints for table `craft_globalsets`
--
ALTER TABLE `craft_globalsets`
	ADD CONSTRAINT `craft_globalsets_fieldLayoutId_fk` FOREIGN KEY (`fieldLayoutId`) REFERENCES `craft_fieldlayouts` (`id`) ON DELETE SET NULL,
	ADD CONSTRAINT `craft_globalsets_id_fk` FOREIGN KEY (`id`) REFERENCES `craft_elements` (`id`) ON DELETE CASCADE;

--
-- Constraints for table `craft_matrixblocks`
--
ALTER TABLE `craft_matrixblocks`
	ADD CONSTRAINT `craft_matrixblocks_fieldId_fk` FOREIGN KEY (`fieldId`) REFERENCES `craft_fields` (`id`) ON DELETE CASCADE,
	ADD CONSTRAINT `craft_matrixblocks_id_fk` FOREIGN KEY (`id`) REFERENCES `craft_elements` (`id`) ON DELETE CASCADE,
	ADD CONSTRAINT `craft_matrixblocks_ownerId_fk` FOREIGN KEY (`ownerId`) REFERENCES `craft_elements` (`id`) ON DELETE CASCADE,
	ADD CONSTRAINT `craft_matrixblocks_ownerLocale_fk` FOREIGN KEY (`ownerLocale`) REFERENCES `craft_locales` (`locale`) ON DELETE CASCADE ON UPDATE CASCADE,
	ADD CONSTRAINT `craft_matrixblocks_typeId_fk` FOREIGN KEY (`typeId`) REFERENCES `craft_matrixblocktypes` (`id`) ON DELETE CASCADE;

--
-- Constraints for table `craft_matrixblocktypes`
--
ALTER TABLE `craft_matrixblocktypes`
	ADD CONSTRAINT `craft_matrixblocktypes_fieldId_fk` FOREIGN KEY (`fieldId`) REFERENCES `craft_fields` (`id`) ON DELETE CASCADE,
	ADD CONSTRAINT `craft_matrixblocktypes_fieldLayoutId_fk` FOREIGN KEY (`fieldLayoutId`) REFERENCES `craft_fieldlayouts` (`id`) ON DELETE SET NULL;

--
-- Constraints for table `craft_matrixcontent_newscontent`
--
ALTER TABLE `craft_matrixcontent_newscontent`
	ADD CONSTRAINT `craft_matrixcontent_newscontent_elementId_fk` FOREIGN KEY (`elementId`) REFERENCES `craft_elements` (`id`) ON DELETE CASCADE,
	ADD CONSTRAINT `craft_matrixcontent_newscontent_locale_fk` FOREIGN KEY (`locale`) REFERENCES `craft_locales` (`locale`) ON DELETE CASCADE ON UPDATE CASCADE;

--
-- Constraints for table `craft_matrixcontent_pagecontent`
--
ALTER TABLE `craft_matrixcontent_pagecontent`
	ADD CONSTRAINT `craft_matrixcontent_pagecontent_elementId_fk` FOREIGN KEY (`elementId`) REFERENCES `craft_elements` (`id`) ON DELETE CASCADE,
	ADD CONSTRAINT `craft_matrixcontent_pagecontent_locale_fk` FOREIGN KEY (`locale`) REFERENCES `craft_locales` (`locale`) ON DELETE CASCADE ON UPDATE CASCADE;

--
-- Constraints for table `craft_matrixcontent_projectcontent`
--
ALTER TABLE `craft_matrixcontent_projectcontent`
	ADD CONSTRAINT `craft_matrixcontent_projectcontent_elementId_fk` FOREIGN KEY (`elementId`) REFERENCES `craft_elements` (`id`) ON DELETE CASCADE,
	ADD CONSTRAINT `craft_matrixcontent_projectcontent_locale_fk` FOREIGN KEY (`locale`) REFERENCES `craft_locales` (`locale`) ON DELETE CASCADE ON UPDATE CASCADE;

--
-- Constraints for table `craft_migrations`
--
ALTER TABLE `craft_migrations`
	ADD CONSTRAINT `craft_migrations_pluginId_fk` FOREIGN KEY (`pluginId`) REFERENCES `craft_plugins` (`id`) ON DELETE CASCADE;

--
-- Constraints for table `craft_relations`
--
ALTER TABLE `craft_relations`
	ADD CONSTRAINT `craft_relations_fieldId_fk` FOREIGN KEY (`fieldId`) REFERENCES `craft_fields` (`id`) ON DELETE CASCADE,
	ADD CONSTRAINT `craft_relations_sourceId_fk` FOREIGN KEY (`sourceId`) REFERENCES `craft_elements` (`id`) ON DELETE CASCADE,
	ADD CONSTRAINT `craft_relations_sourceLocale_fk` FOREIGN KEY (`sourceLocale`) REFERENCES `craft_locales` (`locale`) ON DELETE CASCADE ON UPDATE CASCADE,
	ADD CONSTRAINT `craft_relations_targetId_fk` FOREIGN KEY (`targetId`) REFERENCES `craft_elements` (`id`) ON DELETE CASCADE;

--
-- Constraints for table `craft_routes`
--
ALTER TABLE `craft_routes`
	ADD CONSTRAINT `craft_routes_locale_fk` FOREIGN KEY (`locale`) REFERENCES `craft_locales` (`locale`) ON DELETE CASCADE ON UPDATE CASCADE;

--
-- Constraints for table `craft_sections`
--
ALTER TABLE `craft_sections`
	ADD CONSTRAINT `craft_sections_structureId_fk` FOREIGN KEY (`structureId`) REFERENCES `craft_structures` (`id`) ON DELETE SET NULL;

--
-- Constraints for table `craft_sections_i18n`
--
ALTER TABLE `craft_sections_i18n`
	ADD CONSTRAINT `craft_sections_i18n_locale_fk` FOREIGN KEY (`locale`) REFERENCES `craft_locales` (`locale`) ON DELETE CASCADE ON UPDATE CASCADE,
	ADD CONSTRAINT `craft_sections_i18n_sectionId_fk` FOREIGN KEY (`sectionId`) REFERENCES `craft_sections` (`id`) ON DELETE CASCADE;

--
-- Constraints for table `craft_sessions`
--
ALTER TABLE `craft_sessions`
	ADD CONSTRAINT `craft_sessions_userId_fk` FOREIGN KEY (`userId`) REFERENCES `craft_users` (`id`) ON DELETE CASCADE;

--
-- Constraints for table `craft_shunnedmessages`
--
ALTER TABLE `craft_shunnedmessages`
	ADD CONSTRAINT `craft_shunnedmessages_userId_fk` FOREIGN KEY (`userId`) REFERENCES `craft_users` (`id`) ON DELETE CASCADE;

--
-- Constraints for table `craft_structureelements`
--
ALTER TABLE `craft_structureelements`
	ADD CONSTRAINT `craft_structureelements_elementId_fk` FOREIGN KEY (`elementId`) REFERENCES `craft_elements` (`id`) ON DELETE CASCADE,
	ADD CONSTRAINT `craft_structureelements_structureId_fk` FOREIGN KEY (`structureId`) REFERENCES `craft_structures` (`id`) ON DELETE CASCADE;

--
-- Constraints for table `craft_taggroups`
--
ALTER TABLE `craft_taggroups`
	ADD CONSTRAINT `craft_taggroups_fieldLayoutId_fk` FOREIGN KEY (`fieldLayoutId`) REFERENCES `craft_fieldlayouts` (`id`) ON DELETE SET NULL;

--
-- Constraints for table `craft_tags`
--
ALTER TABLE `craft_tags`
	ADD CONSTRAINT `craft_tags_groupId_fk` FOREIGN KEY (`groupId`) REFERENCES `craft_taggroups` (`id`) ON DELETE CASCADE,
	ADD CONSTRAINT `craft_tags_id_fk` FOREIGN KEY (`id`) REFERENCES `craft_elements` (`id`) ON DELETE CASCADE;

--
-- Constraints for table `craft_templatecachecriteria`
--
ALTER TABLE `craft_templatecachecriteria`
	ADD CONSTRAINT `craft_templatecachecriteria_cacheId_fk` FOREIGN KEY (`cacheId`) REFERENCES `craft_templatecaches` (`id`) ON DELETE CASCADE;

--
-- Constraints for table `craft_templatecacheelements`
--
ALTER TABLE `craft_templatecacheelements`
	ADD CONSTRAINT `craft_templatecacheelements_cacheId_fk` FOREIGN KEY (`cacheId`) REFERENCES `craft_templatecaches` (`id`) ON DELETE CASCADE,
	ADD CONSTRAINT `craft_templatecacheelements_elementId_fk` FOREIGN KEY (`elementId`) REFERENCES `craft_elements` (`id`) ON DELETE CASCADE;

--
-- Constraints for table `craft_templatecaches`
--
ALTER TABLE `craft_templatecaches`
	ADD CONSTRAINT `craft_templatecaches_locale_fk` FOREIGN KEY (`locale`) REFERENCES `craft_locales` (`locale`) ON DELETE CASCADE ON UPDATE CASCADE;

--
-- Constraints for table `craft_usergroups_users`
--
ALTER TABLE `craft_usergroups_users`
	ADD CONSTRAINT `craft_usergroups_users_groupId_fk` FOREIGN KEY (`groupId`) REFERENCES `craft_usergroups` (`id`) ON DELETE CASCADE,
	ADD CONSTRAINT `craft_usergroups_users_userId_fk` FOREIGN KEY (`userId`) REFERENCES `craft_users` (`id`) ON DELETE CASCADE;

--
-- Constraints for table `craft_userpermissions_usergroups`
--
ALTER TABLE `craft_userpermissions_usergroups`
	ADD CONSTRAINT `craft_userpermissions_usergroups_groupId_fk` FOREIGN KEY (`groupId`) REFERENCES `craft_usergroups` (`id`) ON DELETE CASCADE,
	ADD CONSTRAINT `craft_userpermissions_usergroups_permissionId_fk` FOREIGN KEY (`permissionId`) REFERENCES `craft_userpermissions` (`id`) ON DELETE CASCADE;

--
-- Constraints for table `craft_userpermissions_users`
--
ALTER TABLE `craft_userpermissions_users`
	ADD CONSTRAINT `craft_userpermissions_users_permissionId_fk` FOREIGN KEY (`permissionId`) REFERENCES `craft_userpermissions` (`id`) ON DELETE CASCADE,
	ADD CONSTRAINT `craft_userpermissions_users_userId_fk` FOREIGN KEY (`userId`) REFERENCES `craft_users` (`id`) ON DELETE CASCADE;

--
-- Constraints for table `craft_users`
--
ALTER TABLE `craft_users`
	ADD CONSTRAINT `craft_users_id_fk` FOREIGN KEY (`id`) REFERENCES `craft_elements` (`id`) ON DELETE CASCADE,
	ADD CONSTRAINT `craft_users_preferredLocale_fk` FOREIGN KEY (`preferredLocale`) REFERENCES `craft_locales` (`locale`) ON DELETE SET NULL ON UPDATE CASCADE;

--
-- Constraints for table `craft_widgets`
--
ALTER TABLE `craft_widgets`
	ADD CONSTRAINT `craft_widgets_userId_fk` FOREIGN KEY (`userId`) REFERENCES `craft_users` (`id`) ON DELETE CASCADE;

SET FOREIGN_KEY_CHECKS = 1;
