-- Generated by Craft v2.6.3004 on 12 Mar 2018 13:53:11.

--
-- Disable foreign key checks and autocommit.
--

SET FOREIGN_KEY_CHECKS = 0;
SET SQL_MODE = "NO_AUTO_VALUE_ON_ZERO";
SET AUTOCOMMIT = 0;
SET NAMES utf8;


DROP TABLE IF EXISTS `craft_assetfiles`;


--
-- Schema for table `craft_assetfiles`
--
CREATE TABLE `craft_assetfiles` (
  `id` int(11) NOT NULL,
  `sourceId` int(11) DEFAULT NULL,
  `folderId` int(11) NOT NULL,
  `filename` varchar(255) COLLATE utf8_unicode_ci NOT NULL,
  `kind` varchar(50) COLLATE utf8_unicode_ci NOT NULL DEFAULT 'unknown',
  `width` int(11) unsigned DEFAULT NULL,
  `height` int(11) unsigned DEFAULT NULL,
  `size` bigint(20) unsigned DEFAULT NULL,
  `dateModified` datetime DEFAULT NULL,
  `dateCreated` datetime NOT NULL,
  `dateUpdated` datetime NOT NULL,
  `uid` char(36) COLLATE utf8_unicode_ci NOT NULL DEFAULT '0',
  PRIMARY KEY (`id`),
  UNIQUE KEY `craft_assetfiles_filename_folderId_unq_idx` (`filename`,`folderId`),
  KEY `craft_assetfiles_sourceId_fk` (`sourceId`),
  KEY `craft_assetfiles_folderId_fk` (`folderId`)
) ENGINE=InnoDB DEFAULT CHARSET=utf8 COLLATE=utf8_unicode_ci;

--
-- Data for table `craft_assetfiles`
--

INSERT INTO `craft_assetfiles` (`id`, `sourceId`, `folderId`, `filename`, `kind`, `width`, `height`, `size`, `dateModified`, `dateCreated`, `dateUpdated`, `uid`) VALUES
 ('6', '1', '32', 'proj1.png', 'image', '1370', '817', '1165839', '2018-02-19 12:06:54', '2018-01-30 11:17:18', '2018-03-05 16:17:22', 'fc95dc70-35f3-4d99-b04c-54f8e3605bbd'),
 ('9', '1', '32', 'Untitled-2.jpg', 'image', '758', '450', '249550', '2018-02-19 12:06:54', '2018-01-30 12:32:33', '2018-03-05 16:17:21', '8f031cc5-77da-4471-852b-ae58c59a294e'),
 ('10', '1', '32', 'Untitled-3.jpg', 'image', '751', '450', '218349', '2018-02-19 12:06:54', '2018-01-30 12:32:33', '2018-03-05 16:17:21', '45658877-8571-41ad-849b-d51f755b6c7f'),
 ('18', '1', '32', 'thumb.png', 'image', '486', '289', '277987', '2018-02-19 12:06:54', '2018-01-30 13:31:15', '2018-03-05 16:17:22', 'b0a5c94c-dd89-47cc-86a8-edf17eb45e04'),
 ('19', '1', '32', 'thumb2.png', 'image', '486', '289', '227791', '2018-02-19 12:06:54', '2018-01-30 13:31:15', '2018-03-05 16:17:22', '042ed091-23a5-435c-9346-567a4dcad508'),
 ('20', '1', '32', 'Untitled-1.jpg', 'image', '486', '289', '85004', '2018-02-19 12:06:54', '2018-01-30 13:31:15', '2018-03-05 16:17:21', '057be805-2b96-4b26-b2fd-30e3c6ec2686'),
 ('29', '1', '32', 'thumbt.jpg', 'image', '859', '514', '242477', '2018-02-19 12:06:54', '2018-01-30 13:33:23', '2018-03-05 16:17:22', '8746d2ab-c7f2-49d1-894f-6c3d1dbd8d80'),
 ('30', '1', '32', 'Untitled-1f.jpg', 'image', '1142', '677', '388172', '2018-02-19 12:06:54', '2018-01-30 13:33:23', '2018-03-05 16:17:21', '60541f1a-27bd-449f-93f3-6a524e2026a6'),
 ('38', '1', '32', 'night.jpg', 'image', '764', '457', '180024', '2018-02-19 12:06:54', '2018-01-30 16:43:39', '2018-03-05 16:17:21', 'd4f4103b-25df-4f8f-89f0-21fe02ddf6f2'),
 ('247', '1', '1', 'home.png', 'image', '886', '589', '375358', '2018-02-19 12:06:54', '2018-02-14 10:50:16', '2018-03-05 16:17:23', '769ae1a9-5e72-481c-974f-800e86dd986f'),
 ('250', '1', '1', 'example-slide-1.jpg', 'image', '940', '529', '62772', '2018-02-19 12:06:54', '2018-02-14 11:02:52', '2018-03-05 16:17:22', 'c6222110-8f91-4e59-b16e-41a82c4cc940'),
 ('311', NULL, '8', 'example.png', 'image', '472', '472', '44298', '2018-02-21 16:09:42', '2018-02-21 16:09:42', '2018-02-21 16:09:42', '235da290-0327-437c-8704-d1051b3ffed5'),
 ('319', NULL, '10', 'defaultuserphoto.png', 'image', '1000', '1000', '16867', '2018-02-21 17:09:25', '2018-02-21 17:09:25', '2018-02-21 17:09:25', 'ff3523d3-707c-4b07-828d-8df8505fc9b6'),
 ('320', '1', '1', 'defaultuserphoto.png', 'image', '1000', '1000', '16867', '2018-02-21 17:15:40', '2018-02-21 17:15:40', '2018-03-05 16:17:21', 'f24f2b0c-5e98-4f67-8e5d-a704e09cb221'),
 ('323', '1', '1', 'proj1.jpg', 'image', '1373', '814', '548948', '2018-02-22 09:18:14', '2018-02-22 09:18:14', '2018-03-05 16:17:23', '51caeada-125b-4b05-8274-03a47545c526'),
 ('324', NULL, '8', 'proj1.jpg', 'image', '1373', '814', '553957', '2018-02-22 09:47:32', '2018-02-22 09:47:32', '2018-02-22 09:47:32', '5c508658-9748-4575-8013-3c973812a302'),
 ('325', '1', '32', 'proj1.jpg', 'image', '1373', '814', '553957', '2018-02-22 09:47:32', '2018-02-22 09:51:14', '2018-03-05 16:17:21', 'feeccb0d-c6b7-43b9-9ca6-ab8e2e12af77'),
 ('327', '1', '1', '46c2373-default-skin.png', 'image', '264', '88', '547', '2018-02-22 13:52:54', '2018-02-22 13:52:54', '2018-03-05 16:17:16', 'dba7788f-17b9-479a-b997-f55cf19c2733'),
 ('336', NULL, '33', 'ezgif.com-optimize.gif', 'image', '700', '526', '63297', '2018-02-22 14:12:56', '2018-02-22 14:12:56', '2018-02-22 14:12:56', '9942925f-80fd-49f2-a222-265d332a8b33'),
 ('338', '1', '35', '99956ba-Justin-Gallaher.jpg', 'image', '960', '960', '134778', '2018-02-22 14:13:48', '2018-02-22 14:13:48', '2018-03-05 16:17:24', '7721ee94-1a53-4f0b-8c45-f1088ecfb4c1'),
 ('339', '1', '35', 'RobertBar.jpg', 'image', '1600', '924', '284021', '2018-02-22 14:13:55', '2018-02-22 14:13:55', '2018-03-05 16:17:24', '6ea33985-ddb0-4144-ab3f-730f090f465e'),
 ('341', '1', '36', 'example.png', 'image', '472', '472', '44298', '2018-02-23 09:46:45', '2018-02-23 09:46:45', '2018-03-05 16:17:24', 'b474561a-3b07-4819-a0d0-e6ad984afb44'),
 ('343', '1', '37', '8cba771-Justin-Gallaher.jpg', 'image', '960', '960', '134778', '2018-02-23 10:26:07', '2018-02-23 10:26:07', '2018-03-05 16:17:18', '8544497c-d2be-43b4-bd34-e9df9a816d3d'),
 ('344', '1', '37', 'defaultuserphoto.png', 'image', '1000', '1000', '16867', '2018-02-23 10:27:15', '2018-02-23 10:27:15', '2018-03-05 16:17:19', 'e775539f-cded-4203-964e-8c386a059a21'),
 ('346', '1', '38', '2d126b5-Justin-Gallaher.jpg', 'image', '960', '960', '134778', '2018-02-23 10:38:49', '2018-02-23 10:38:49', '2018-03-05 16:17:18', '024cea18-15d4-45c1-a737-35c9a17d6bb3'),
 ('347', '1', '38', 'Justin-Gallaher.jpg', 'image', '960', '960', '138200', '2018-02-23 10:39:03', '2018-02-23 10:39:03', '2018-03-05 16:17:18', 'ec10acb6-ba44-48be-bf45-f0d8dff3f738'),
 ('349', '1', '1', '3f299da-Justin Gallaher.jpg', 'image', '960', '960', '134778', '2018-02-23 16:15:22', '2018-02-23 16:15:22', '2018-03-05 16:17:15', '59f63167-ab28-4a82-869d-91dddc84b1b1'),
 ('350', '1', '1', '94fd296-Justin Gallaher.jpg', 'image', '960', '960', '134778', '2018-02-23 16:15:35', '2018-02-23 16:15:35', '2018-03-05 16:17:17', 'f6d0cc52-60d2-4d4b-808b-53afde3f57b4'),
 ('351', '1', '35', '0364039-Justin-Gallaher.jpg', 'image', '960', '960', '134778', '2018-02-23 16:16:12', '2018-02-23 16:16:12', '2018-03-05 16:17:24', '62327d9c-5a91-4b14-8089-1d5b6002c921'),
 ('352', '1', '1', 'b7300c6-Justin Gallaher.jpg', 'image', '960', '960', '134778', '2018-02-23 16:16:14', '2018-02-23 16:16:15', '2018-03-05 16:17:19', '8d10e48b-b220-4e02-8192-788e34438578'),
 ('353', '1', '1', '03d4c3a-Justin Gallaher.jpg', 'image', '960', '960', '134778', '2018-02-23 16:16:16', '2018-02-23 16:16:17', '2018-03-05 16:17:15', '42a30331-f41d-4c03-9470-a4ce7389ae7b'),
 ('354', '1', '35', 'Justin-Gallaher.jpg', 'image', '960', '960', '138200', '2018-02-23 16:16:18', '2018-02-23 16:16:18', '2018-03-05 16:17:24', 'f5b10dcd-f7c4-4e76-8e38-d6edce164e8b'),
 ('356', '1', '41', 'da85d79-RobertBar.jpg', 'image', '1600', '924', '284793', '2018-02-23 16:44:58', '2018-02-23 16:44:58', '2018-03-05 16:17:18', 'afcfff75-e2d3-450a-ad17-47896681d08f'),
 ('357', '1', '1', '877031e-RobertBar.jpg', 'image', '1600', '924', '284793', '2018-02-23 16:45:05', '2018-02-23 16:45:05', '2018-03-05 16:17:17', '55cc1d82-a58c-490e-a3dc-a5d5b8b425b9'),
 ('358', '1', '41', 'RobertBar.jpg', 'image', '1600', '924', '284021', '2018-02-23 16:45:09', '2018-02-23 16:45:09', '2018-03-05 16:17:18', 'e0272dcf-1519-44fb-bb8a-8656252a961b'),
 ('360', '1', '1', '1f68a86-Bright-1519639355286.png', 'image', NULL, NULL, '5030966', '2018-02-26 11:11:44', '2018-02-26 11:11:44', '2018-02-26 11:11:44', '0cbff03f-6346-4ffc-ab8c-687218103b7d'),
 ('361', '1', '1', 'b8e59c7-Bright-1519639355286.png', 'image', NULL, NULL, '5030966', '2018-02-26 11:11:46', '2018-02-26 11:11:46', '2018-02-26 11:11:46', '19aa3612-7191-49dd-88f0-58c7677c078b'),
 ('370', '1', '42', 'Justin-Gallaher.jpg', 'image', '960', '960', '138200', '2018-02-26 16:39:39', '2018-02-26 16:39:39', '2018-03-05 16:17:19', '31d22217-e382-4532-82ee-53722a8063b1'),
 ('371', '1', '43', 'testtesttest.jpg', 'image', '612', '408', '29761', '2018-02-27 13:19:40', '2018-02-27 13:19:40', '2018-03-05 16:17:21', '704742d5-5dcb-4939-bde4-be30a8cf86cf'),
 ('372', '1', '1', 'cacc01b-grey-text.png', 'image', '680', '416', '21754', '2018-02-27 15:50:23', '2018-02-27 15:50:23', '2018-03-05 16:17:20', '2065d2b1-bec2-4734-92aa-63002d21bf39'),
 ('373', '1', '1', '63af28b-house.jpg', 'image', '1359', '828', '136373', '2018-02-27 15:50:27', '2018-02-27 15:50:27', '2018-03-05 16:17:16', '9de75c28-9958-439b-9875-8179169191d4'),
 ('374', '1', '1', '74ac968-grey-text.png', 'image', '680', '416', '21754', '2018-02-27 15:50:30', '2018-02-27 15:50:30', '2018-03-05 16:17:17', '323bf1a8-ec74-4d77-b545-8b98d71ae9e5'),
 ('375', '1', '1', '73ae604-grey-text.png', 'image', '680', '416', '21754', '2018-02-27 15:51:34', '2018-02-27 15:51:34', '2018-03-05 16:17:16', 'a1d707a1-f215-4eb6-a10f-1e0e993e15bd'),
 ('376', '1', '1', '4357612-footer-logo.png', 'image', '200', '167', '12025', '2018-02-27 15:51:37', '2018-02-27 15:51:37', '2018-03-05 16:17:15', 'eeae1e48-84fa-49ea-b919-45a6818ff2eb'),
 ('377', '1', '1', '1d04815-footer-logo.png', 'image', '200', '167', '12025', '2018-02-27 15:51:47', '2018-02-27 15:51:47', '2018-03-05 16:17:15', 'f07e743f-1b8a-4800-9d5b-b41316be045c'),
 ('378', '1', '1', '00dfc91-grey-text.png', 'image', '680', '416', '21754', '2018-02-27 15:51:47', '2018-02-27 15:51:47', '2018-03-05 16:17:14', '46f6b069-df65-4c76-a6cf-edba79dc6759'),
 ('379', '1', '1', 'd65e602-house.jpg', 'image', '1359', '828', '136373', '2018-02-27 16:03:47', '2018-02-27 16:03:47', '2018-03-05 16:17:20', 'd2cead18-3109-4e63-b9f3-b7228bd26928'),
 ('380', '1', '1', 'a6dd58f-house.jpg', 'image', '1359', '828', '136373', '2018-02-27 16:04:39', '2018-02-27 16:04:39', '2018-03-05 16:17:18', 'bdce0072-88aa-478f-ad98-2dd10ef58f84'),
 ('381', '1', '1', '95b2ad6-house.jpg', 'image', '1359', '828', '136373', '2018-02-27 16:05:14', '2018-02-27 16:05:14', '2018-03-05 16:17:18', '01ac2cf9-afd1-4914-9207-d115268e01b4'),
 ('382', '1', '1', 'e3a6fb8-house.jpg', 'image', '1359', '828', '136373', '2018-02-27 16:05:25', '2018-02-27 16:05:25', '2018-03-05 16:17:21', '61db3c51-55d2-4f5c-bf4f-7eefdc3442ab'),
 ('383', '1', '1', '77335c2-key.png', 'image', '16', '8', '269', '2018-02-27 16:05:38', '2018-02-27 16:05:38', '2018-03-05 16:17:17', '8b57d679-4158-4080-8f48-f27776592a0b'),
 ('384', '1', '1', '7fcf396-defaultuserphoto.png', 'image', '1000', '1000', '8293', '2018-02-27 16:12:16', '2018-02-27 16:12:17', '2018-03-05 16:17:17', '8113c19f-1ddc-432a-90da-937b598ca700'),
 ('385', '1', '1', 'f391c87-grey-text.png', 'image', '680', '416', '21754', '2018-02-27 16:12:16', '2018-02-27 16:12:17', '2018-03-05 16:17:22', '0f7b33b2-ed79-4daa-8d74-adf6f861d139'),
 ('386', '1', '1', '9f2afff-key.png', 'image', '16', '8', '269', '2018-02-27 16:12:16', '2018-02-27 16:12:17', '2018-03-05 16:17:18', 'da587d47-b9b8-4591-8988-d7f27f023b7b'),
 ('387', '1', '1', '88be340-defaultuserphoto.png', 'image', '1000', '1000', '8293', '2018-02-27 16:12:54', '2018-02-27 16:12:54', '2018-03-05 16:17:17', '055e0ac4-13e6-44b3-8707-ce073c5d9b37'),
 ('388', '1', '1', '0be89bd-grey-text.png', 'image', '680', '416', '21754', '2018-02-27 16:12:54', '2018-02-27 16:12:54', '2018-03-05 16:17:15', '49bb3db3-d00e-4a5f-843f-b6eab13496fd'),
 ('389', '1', '1', '3b91adf-key.png', 'image', '16', '8', '269', '2018-02-27 16:12:54', '2018-02-27 16:12:54', '2018-03-05 16:17:15', 'e44e02fd-6be4-45ca-a72e-eae417f34dad'),
 ('390', '1', '1', '8be0521-defaultuserphoto.png', 'image', '1000', '1000', '8293', '2018-02-27 16:13:23', '2018-02-27 16:13:24', '2018-03-05 16:17:17', '0db1bcb2-0783-48b8-acfd-1c7a5c1c0a97'),
 ('391', '1', '1', 'eb8b7d1-grey-text.png', 'image', '680', '416', '21754', '2018-02-27 16:13:23', '2018-02-27 16:13:24', '2018-03-05 16:17:21', '8133d50f-38af-4763-a036-a68d16fa55fb'),
 ('392', '1', '1', '9a82983-key.png', 'image', '16', '8', '269', '2018-02-27 16:13:23', '2018-02-27 16:13:24', '2018-03-05 16:17:18', 'c58da011-cc2a-4c3c-889a-104940c7ece7'),
 ('393', '1', '1', 'aac62cb-defaultuserphoto.png', 'image', '1000', '1000', '8293', '2018-02-27 16:18:34', '2018-02-27 16:18:34', '2018-03-05 16:17:19', '425375da-41f5-4fb0-875c-7bcafdfd4524'),
 ('394', '1', '1', '8a3a74e-grey-text.png', 'image', '680', '416', '21754', '2018-02-27 16:18:34', '2018-02-27 16:18:35', '2018-03-05 16:17:17', '078d8715-d867-4ca7-893d-0bac6ab8636f'),
 ('395', '1', '1', 'dd1bb83-key.png', 'image', '16', '8', '269', '2018-02-27 16:18:34', '2018-02-27 16:18:35', '2018-03-05 16:17:20', '474074f3-8da2-4022-8568-5f42c0ad6c87'),
 ('396', '1', '1', '8397c66-defaultuserphoto.png', 'image', '1000', '1000', '8293', '2018-02-27 16:19:29', '2018-02-27 16:19:29', '2018-03-05 16:17:17', '182c4b35-38d6-4707-aae5-6739646bb761'),
 ('397', '1', '1', 'add59d3-grey-text.png', 'image', '680', '416', '21754', '2018-02-27 16:19:29', '2018-02-27 16:19:29', '2018-03-05 16:17:19', '820e281f-b24e-44f1-9aa1-720518a8a652'),
 ('398', '1', '1', '893ca75-key.png', 'image', '16', '8', '269', '2018-02-27 16:19:29', '2018-02-27 16:19:29', '2018-03-05 16:17:17', '648e31cd-c107-4f25-b413-412225c1edc8'),
 ('399', '1', '1', 'a704d27-defaultuserphoto.png', 'image', '1000', '1000', '8293', '2018-02-27 16:19:48', '2018-02-27 16:19:48', '2018-03-05 16:17:18', 'dd330d76-ff11-41e2-9d05-0203309bf124'),
 ('400', '1', '1', 'b231bba-grey-text.png', 'image', '680', '416', '21754', '2018-02-27 16:19:48', '2018-02-27 16:19:48', '2018-03-05 16:17:19', '8e52c1b9-6565-47bc-af39-90a60a9a0c60'),
 ('401', '1', '1', 'bf81b01-key.png', 'image', '16', '8', '269', '2018-02-27 16:19:48', '2018-02-27 16:19:48', '2018-03-05 16:17:19', '3aae4046-8c61-4854-81f1-f7bd9bc97258'),
 ('402', '1', '1', 'dc877ee-logo.png', 'image', '299', '131', '3733', '2018-02-27 16:19:48', '2018-02-27 16:19:49', '2018-03-05 16:17:20', '6601e124-2b6f-4986-8129-7397ce01b434'),
 ('403', '1', '1', '951276d-orange-text.png', 'image', '680', '417', '26767', '2018-02-27 16:19:48', '2018-02-27 16:19:49', '2018-03-05 16:17:17', 'c6ff6e87-33f1-4d35-804a-ee443e724db8'),
 ('404', '1', '1', 'a5e2fa8-key.png', 'image', '16', '8', '269', '2018-02-27 16:20:01', '2018-02-27 16:20:01', '2018-03-05 16:17:18', 'b5f896c3-466e-4623-a1ec-ee249c05dc45'),
 ('405', '1', '1', 'f244921-logo.png', 'image', '299', '131', '3733', '2018-02-27 16:20:01', '2018-02-27 16:20:01', '2018-03-05 16:17:22', 'db60b8e6-04a3-470f-8d78-87349bcb251b'),
 ('406', '1', '1', '6cbaf73-orange-text.png', 'image', '680', '417', '26767', '2018-02-27 16:20:01', '2018-02-27 16:20:01', '2018-03-05 16:17:16', '7d7d3cbd-40a5-4a51-8195-a1e955ed6fa5'),
 ('408', '1', '1', '4b44e49-platform_device_cluster_group_171016_113142.png', 'image', '1328', '454', '242931', '2018-03-01 10:47:55', '2018-03-01 10:47:55', '2018-03-05 16:17:16', '77113c35-1f02-4b21-a59c-cf9dfa8f2c48'),
 ('409', '1', '44', 'defaultuserphoto.png', 'image', '1000', '1000', '16867', '2018-03-01 10:48:01', '2018-03-01 10:48:02', '2018-03-05 16:17:24', 'fe77b675-9b4e-4d3b-9307-44c11cfb9757'),
 ('411', '1', '1', '6c3f04e-poster.jpg', 'image', '2531', '1382', '74678', '2018-03-01 10:50:05', '2018-03-01 10:50:05', '2018-03-05 16:17:16', 'cb99c052-4270-42fc-b1b9-c5eec527fbbb'),
 ('412', '1', '45', 'house.jpg', 'image', '1359', '828', '132288', '2018-03-01 10:50:27', '2018-03-01 10:50:27', '2018-03-05 16:17:23', 'e3fda894-33b1-49e7-835a-544de40bf62c'),
 ('414', '1', '1', '7329bae-Justin Gallaher.jpg', 'image', '960', '960', '134778', '2018-03-05 16:01:23', '2018-03-05 16:01:23', '2018-03-05 16:17:16', '0677ba58-48b6-4235-bcd4-3e83e29e2743'),
 ('415', '1', '1', '57a5f46-Bright-1519639355286.png', 'image', NULL, NULL, '5030966', '2018-03-05 16:02:29', '2018-03-05 16:02:29', '2018-03-05 16:02:29', '6b8b0ce9-7904-4987-87ba-65d6d58f79c7'),
 ('416', '1', '1', 'bfab748-Bright-1519639355286.png', 'image', NULL, NULL, '5030966', '2018-03-05 16:05:37', '2018-03-05 16:05:37', '2018-03-05 16:05:37', 'c30abb99-73df-41df-8fa9-d14ed455b473'),
 ('417', '1', '46', '8d7caf2-AFTER-Entrance-Hall.JPG', 'image', '2664', '4000', '1783732', '2018-03-05 16:07:01', '2018-03-05 16:07:01', '2018-03-05 16:17:23', 'ba61a49a-507a-464a-870d-5fa9dfb48095'),
 ('418', '1', '46', 'ff6cdb9-AFTER-Garden-View.JPG', 'image', '4000', '2664', '3781388', '2018-03-05 16:07:01', '2018-03-05 16:07:01', '2018-03-05 16:17:23', '12774be1-b535-45e4-af95-222470fc4c7b'),
 ('419', '1', '46', '0b21171-AFTER-Front-Elevation.JPG', 'image', '4000', '3000', '3334138', '2018-03-05 16:07:01', '2018-03-05 16:07:01', '2018-03-05 16:17:22', '15008736-ccde-486b-8f15-508f191a9ac8'),
 ('420', '1', '1', 'c4ad654-AFTER Kitchen.JPG', 'image', '4000', '2664', '1966113', '2018-03-05 16:07:12', '2018-03-05 16:07:13', '2018-03-05 16:17:20', 'c106f1f0-7b16-4570-b59d-34ba7aa03628'),
 ('421', '1', '1', 'c86c314-AFTER Pellet Boiler.JPG', 'image', '4000', '2664', '2406483', '2018-03-05 16:07:12', '2018-03-05 16:07:13', '2018-03-05 16:17:20', '4b8d163a-e3c1-462f-b05c-612c0760eebd'),
 ('422', '1', '1', '553756e-AFTER Master Bedroom.JPG', 'image', '4000', '2664', '2381349', '2018-03-05 16:07:12', '2018-03-05 16:07:13', '2018-03-05 16:17:16', '60eec10b-604d-4f38-b15e-22f4d63d3f75'),
 ('423', '1', '1', 'cce4608-AFTER Staircase.JPG', 'image', '2664', '4000', '1805751', '2018-03-05 16:07:15', '2018-03-05 16:07:15', '2018-03-05 16:17:20', 'e4da6703-f209-49e7-bbcb-de83796c660b'),
 ('424', '1', '1', '0408ea8-BEFORE Front Elevation.JPG', 'image', '4000', '3000', '4493079', '2018-03-05 16:07:15', '2018-03-05 16:07:15', '2018-03-05 16:17:15', '8bf8e55d-4b45-4c23-9190-7d8763ce3d53'),
 ('425', '1', '46', 'AFTER-Dining-Room.JPG', 'image', '4000', '2664', '669713', '2018-03-05 16:07:29', '2018-03-05 16:07:30', '2018-03-05 16:17:23', 'cc5f92f1-68bd-404a-843e-4f1d6cfc9415'),
 ('427', '1', '35', 'ezgif.com-optimize.gif', 'image', '700', '526', '63297', '2018-02-22 14:12:56', '2018-03-05 16:17:24', '2018-03-05 16:17:24', 'd5a7cb59-a806-45aa-bb09-75e98c3af7cc'),
 ('428', '1', '1', '683da37-AFTER Kitchen.JPG', 'image', NULL, NULL, '1966113', '2018-03-05 16:36:01', '2018-03-05 16:36:01', '2018-03-05 16:36:01', 'cf31b593-7f2b-45a9-b037-272348ce86c6'),
 ('429', '1', '1', 'df5921e-DURING (2).JPG', 'image', '100', '100', '4811947', '2018-03-05 16:45:19', '2018-03-05 16:45:20', '2018-03-05 16:45:20', '8d6c5783-5c12-4629-9b58-37013a6b6099'),
 ('430', '1', '1', 'b904b1b-BEFORE Front Elevation.JPG', 'image', '4000', '3000', '4493079', '2018-03-05 16:47:12', '2018-03-05 16:47:12', '2018-03-05 16:47:12', 'c4274a64-a0ed-4871-b2cf-bdd2fea1ca3c'),
 ('431', '1', '1', '87d2a40-Justin Gallaher (1).jpg', 'image', '960', '960', '134778', '2018-03-12 10:33:50', '2018-03-12 10:33:50', '2018-03-12 10:33:50', '7c6b38f3-7113-462a-a8e3-1e24a1fa668b'),
 ('432', '1', '1', '577725c-Justin Gallaher (1).jpg', 'image', '960', '960', '134778', '2018-03-12 12:50:28', '2018-03-12 12:50:28', '2018-03-12 12:50:28', '65c2f229-4035-4580-9935-7cab004d9930'),
 ('433', '1', '47', '531caeb-DURING-2.JPG', 'image', '4000', '2664', '4811947', '2018-03-12 13:01:59', '2018-03-12 13:01:59', '2018-03-12 13:05:10', '55240d4a-51f9-4bcd-be29-91b5a3d977cb'),
 ('434', '1', '1', '2c40cbf-AFTER Dining Room.JPG', 'image', '4000', '2664', '1977673', '2018-03-12 13:02:24', '2018-03-12 13:02:24', '2018-03-12 13:02:24', '20fd6830-2593-4571-9061-785c697811cd'),
 ('435', '1', '1', '91a7faa-AFTER Entrance Hall.JPG', 'image', '2664', '4000', '1783732', '2018-03-12 13:02:24', '2018-03-12 13:02:24', '2018-03-12 13:02:24', '2a83bbf5-9409-4cf6-91c2-015e9f2aa591'),
 ('436', '1', '1', '556832c-AFTER Front Elevation.JPG', 'image', '4000', '3000', '3334138', '2018-03-12 13:02:24', '2018-03-12 13:02:24', '2018-03-12 13:02:24', 'fa621d74-1ed7-4f79-a74c-6a15f32521a4');
INSERT INTO `craft_assetfiles` (`id`, `sourceId`, `folderId`, `filename`, `kind`, `width`, `height`, `size`, `dateModified`, `dateCreated`, `dateUpdated`, `uid`) VALUES
 ('437', '1', '1', 'bca7954-AFTER Garden View.JPG', 'image', '4000', '2664', '3781388', '2018-03-12 13:02:24', '2018-03-12 13:02:24', '2018-03-12 13:02:24', 'add57c92-2fb6-4fd5-bd25-8ea256f47d70'),
 ('438', '1', '1', '9443979-AFTER Kitchen.JPG', 'image', '4000', '2664', '1966113', '2018-03-12 13:02:24', '2018-03-12 13:02:24', '2018-03-12 13:02:24', 'b5c53bca-c613-4903-8acc-87b0112a92c3'),
 ('439', '1', '1', 'af31814-AFTER Master Bedroom.JPG', 'image', '4000', '2664', '2381349', '2018-03-12 13:02:24', '2018-03-12 13:02:24', '2018-03-12 13:02:24', 'b7b69669-7502-41aa-876e-ef220a34ecfd'),
 ('440', '1', '1', '0afc5dc-AFTER Pellet Boiler.JPG', 'image', '4000', '2664', '2406483', '2018-03-12 13:02:24', '2018-03-12 13:02:24', '2018-03-12 13:02:24', '68f331c7-c919-409c-8a3e-3b3d206c027f'),
 ('441', '1', '1', '335fe2c-AFTER Staircase.JPG', 'image', '2664', '4000', '1805751', '2018-03-12 13:02:24', '2018-03-12 13:02:24', '2018-03-12 13:02:24', 'a1e4a021-8943-445c-ab79-dec4b095b168'),
 ('442', '1', '1', '1bbf187-BEFORE Front Elevation.JPG', 'image', '4000', '3000', '4493079', '2018-03-12 13:02:24', '2018-03-12 13:02:24', '2018-03-12 13:02:24', '1aad44b9-260a-4f1a-a9dd-66c898c48d8a'),
 ('443', '1', '1', '8fcedfc-DURING (2).JPG', 'image', '4000', '2664', '4811947', '2018-03-12 13:02:26', '2018-03-12 13:02:26', '2018-03-12 13:02:26', 'a1d71bdd-73d3-441f-8df8-b2cabb32f37a'),
 ('444', '1', '1', 'b06b193-BEFORE Garden View.JPG', 'image', '4000', '3000', '5715915', '2018-03-12 13:02:26', '2018-03-12 13:02:26', '2018-03-12 13:02:26', '1988f2d2-9ea1-4d91-93c2-c314cf745246'),
 ('445', '1', '1', '6eda5e8-AFTER Pellet Boiler.JPG', 'image', '4000', '2664', '2406483', '2018-03-12 13:03:31', '2018-03-12 13:03:31', '2018-03-12 13:03:31', '51e61008-00ef-4045-8570-c73aa42fc70b'),
 ('446', '1', '47', 'AFTER-Front-Elevation.JPG', 'image', '4000', '3000', '1334725', '2018-03-12 13:05:10', '2018-03-12 13:05:10', '2018-03-12 13:05:10', '7889810c-221f-46bd-99d7-f046ba462e23'),
 ('448', '1', '48', '04d6f6c-AFTER-Dining-Room.JPG', 'image', '4000', '2664', '1977673', '2018-03-12 13:06:04', '2018-03-12 13:06:04', '2018-03-12 13:06:39', 'cf8c6abc-6da0-49c1-b147-15547bcbd790'),
 ('449', '1', '48', 'd3056c8-AFTER-Entrance-Hall.JPG', 'image', '2664', '4000', '1783732', '2018-03-12 13:06:04', '2018-03-12 13:06:04', '2018-03-12 13:06:39', '6b1bb6cd-2ee0-488c-9c3b-316b07b788f8'),
 ('450', '1', '48', '7a39702-AFTER-Front-Elevation.JPG', 'image', '4000', '3000', '3334138', '2018-03-12 13:06:04', '2018-03-12 13:06:04', '2018-03-12 13:06:39', '31354c62-84d3-43a1-bb9c-a34146b15d58'),
 ('451', '1', '48', 'e4fd0cc-AFTER-Garden-View.JPG', 'image', '4000', '2664', '3781388', '2018-03-12 13:06:04', '2018-03-12 13:06:04', '2018-03-12 13:06:39', '15cde838-4266-4b22-baa5-22be38769fc8'),
 ('452', '1', '48', 'ef10724-AFTER-Kitchen.JPG', 'image', '4000', '2664', '1966113', '2018-03-12 13:06:04', '2018-03-12 13:06:04', '2018-03-12 13:06:39', '993c40cc-e338-41ed-bff9-8102820e75a7'),
 ('453', '1', '48', 'ce05d15-AFTER-Master-Bedroom.JPG', 'image', '4000', '2664', '2381349', '2018-03-12 13:06:04', '2018-03-12 13:06:04', '2018-03-12 13:06:39', '1689024e-0aee-472c-968e-46e65b1f409c'),
 ('454', '1', '48', 'd49b838-AFTER-Pellet-Boiler.JPG', 'image', '4000', '2664', '2406483', '2018-03-12 13:06:04', '2018-03-12 13:06:04', '2018-03-12 13:06:39', '240b44fd-5a0b-45f6-b5e2-d748d568aa54'),
 ('455', '1', '48', 'dee246e-AFTER-Staircase.JPG', 'image', '2664', '4000', '1805751', '2018-03-12 13:06:04', '2018-03-12 13:06:04', '2018-03-12 13:06:39', '00aa5911-909a-481d-a273-0aa6079e5873'),
 ('456', '1', '48', '61c6a71-BEFORE-Front-Elevation.JPG', 'image', '4000', '3000', '4493079', '2018-03-12 13:06:05', '2018-03-12 13:06:05', '2018-03-12 13:06:39', 'db2e6449-c762-41fc-a157-92979f0cbfb5'),
 ('457', '1', '48', '5d24668-BEFORE-Garden-View.JPG', 'image', '4000', '3000', '5715915', '2018-03-12 13:06:05', '2018-03-12 13:06:05', '2018-03-12 13:06:39', '3fe5ed45-2d89-429f-80db-4d6f59f06910'),
 ('458', '1', '48', '924d336-DURING-2.JPG', 'image', '4000', '2664', '4811947', '2018-03-12 13:06:05', '2018-03-12 13:06:05', '2018-03-12 13:06:39', 'fb2773ff-a7b7-4ded-8079-d64fcf439bd4'),
 ('459', '1', '48', 'AFTER-Pellet-Boiler.JPG', 'image', '4000', '2664', '824115', '2018-03-12 13:06:38', '2018-03-12 13:06:38', '2018-03-12 13:06:38', 'ce945314-9ef9-4d13-8075-e2d50740cc5d'),
 ('461', '1', '1', '95f7625-AFTER Dining Room.JPG', 'image', '4000', '2664', '1977673', '2018-03-12 13:07:53', '2018-03-12 13:07:53', '2018-03-12 13:07:53', 'f2cf2a18-549b-4037-b67b-5f45135c388b'),
 ('462', '1', '1', 'fb0b6af-AFTER Entrance Hall.JPG', 'image', '2664', '4000', '1783732', '2018-03-12 13:07:53', '2018-03-12 13:07:53', '2018-03-12 13:07:53', 'ed7dee54-c55d-4f6b-9212-a0c8c2591650'),
 ('463', '1', '1', '3db66b7-AFTER Front Elevation.JPG', 'image', '4000', '3000', '3334138', '2018-03-12 13:07:53', '2018-03-12 13:07:53', '2018-03-12 13:07:53', '9dec5708-1973-4975-aa07-f37ca959a926'),
 ('464', '1', '1', 'e64e1e2-AFTER Garden View.JPG', 'image', '4000', '2664', '3781388', '2018-03-12 13:07:53', '2018-03-12 13:07:53', '2018-03-12 13:07:53', '149cedf7-a131-4eab-a7b1-e6c4f39d8748'),
 ('465', '1', '1', '77930d4-AFTER Kitchen.JPG', 'image', '4000', '2664', '1966113', '2018-03-12 13:07:53', '2018-03-12 13:07:53', '2018-03-12 13:07:53', '9c8e28fa-c2e7-4095-b9cf-cae0d7a4e0b9'),
 ('466', '1', '1', 'af7d865-AFTER Master Bedroom.JPG', 'image', '4000', '2664', '2381349', '2018-03-12 13:07:54', '2018-03-12 13:07:54', '2018-03-12 13:07:54', '4b841c80-8166-4fd4-b414-7143e5572d6a'),
 ('467', '1', '1', '6d58ef7-AFTER Pellet Boiler.JPG', 'image', '4000', '2664', '2406483', '2018-03-12 13:07:54', '2018-03-12 13:07:54', '2018-03-12 13:07:54', 'a890a109-d2c5-42c1-b3a6-119a1999d5d0'),
 ('468', '1', '1', 'c009cda-AFTER Staircase.JPG', 'image', '2664', '4000', '1805751', '2018-03-12 13:07:54', '2018-03-12 13:07:54', '2018-03-12 13:07:54', '085293e1-cfe3-4c81-a273-1a4fe7128d6a'),
 ('469', '1', '1', 'cbca7e9-BEFORE Front Elevation.JPG', 'image', '4000', '3000', '4493079', '2018-03-12 13:07:54', '2018-03-12 13:07:54', '2018-03-12 13:07:54', '987e55b0-e338-4c8b-9861-d295f169f2e4'),
 ('470', '1', '1', '78ea57d-BEFORE Garden View.JPG', 'image', '4000', '3000', '5715915', '2018-03-12 13:07:54', '2018-03-12 13:07:54', '2018-03-12 13:07:54', '097646fb-74f0-4a51-bad3-a8a92b956227'),
 ('471', '1', '1', '345fffc-DURING (2).JPG', 'image', '4000', '2664', '4811947', '2018-03-12 13:07:54', '2018-03-12 13:07:54', '2018-03-12 13:07:54', 'dec41a40-8165-4545-a0b5-2ee39b0a9f21'),
 ('472', '1', '47', 'f0646b5-DURING-2.JPG', 'image', '4000', '2664', '4811947', '2018-03-12 13:25:25', '2018-03-12 13:25:25', '2018-03-12 13:27:18', 'ae9b0f4f-6a21-4e7d-ae86-df09a2352c83'),
 ('473', '1', '47', 'c72cf5a-BEFORE-Front-Elevation.JPG', 'image', '4000', '3000', '4493079', '2018-03-12 13:25:32', '2018-03-12 13:25:32', '2018-03-12 13:27:18', '651e6b49-81dd-4a0e-9241-7cfe69c2162f'),
 ('474', '1', '47', '8f2403a-BEFORE-Garden-View.JPG', 'image', '4000', '3000', '5715915', '2018-03-12 13:25:32', '2018-03-12 13:25:32', '2018-03-12 13:27:18', '1f34667c-bc8e-4510-b524-07f76772ac83'),
 ('475', '1', '47', '60a228f-AFTER-Dining-Room.JPG', 'image', '4000', '2664', '1977673', '2018-03-12 13:25:45', '2018-03-12 13:25:45', '2018-03-12 13:27:18', '7653ab82-cf0e-4a3a-ad7c-aba6a541ea14'),
 ('476', '1', '47', '8c7db55-AFTER-Entrance-Hall.JPG', 'image', '2664', '4000', '1783732', '2018-03-12 13:25:45', '2018-03-12 13:25:45', '2018-03-12 13:27:18', 'db598fda-3693-4f15-84bb-efaef7ae5078'),
 ('477', '1', '47', '650f3cb-AFTER-Front-Elevation.JPG', 'image', '4000', '3000', '3334138', '2018-03-12 13:25:45', '2018-03-12 13:25:45', '2018-03-12 13:27:18', '1c5f58a3-60c7-4c09-a573-5f925e852a27'),
 ('478', '1', '47', '29b501d-AFTER-Garden-View.JPG', 'image', '4000', '2664', '3781388', '2018-03-12 13:25:46', '2018-03-12 13:25:46', '2018-03-12 13:27:18', 'dfcae466-5f4d-4786-862c-a60c24199ff2'),
 ('479', '1', '47', '0e63690-AFTER-Kitchen.JPG', 'image', '4000', '2664', '1966113', '2018-03-12 13:25:46', '2018-03-12 13:25:46', '2018-03-12 13:27:18', '109d88d4-94a7-420d-8578-a22e4878b607'),
 ('480', '1', '47', '3403ab6-AFTER-Master-Bedroom.JPG', 'image', '4000', '2664', '2381349', '2018-03-12 13:25:46', '2018-03-12 13:25:46', '2018-03-12 13:27:19', 'd6d2f119-6b7f-4bb3-bfe1-ad17294af295'),
 ('481', '1', '1', '991ffaf-AFTER Pellet Boiler.JPG', 'image', '4000', '2664', '2406483', '2018-03-12 13:25:46', '2018-03-12 13:25:46', '2018-03-12 13:25:46', '3dbac19e-b3ea-45b6-a99b-879ca7768521'),
 ('482', '1', '47', '99b608f-AFTER-Staircase.JPG', 'image', '2664', '4000', '1805751', '2018-03-12 13:25:46', '2018-03-12 13:25:46', '2018-03-12 13:27:19', '8c4ee49c-56a5-4635-b4fd-316d8204cb3b'),
 ('483', '1', '47', '86ac71f-BEFORE-Front-Elevation.JPG', 'image', '4000', '3000', '4493079', '2018-03-12 13:25:46', '2018-03-12 13:25:46', '2018-03-12 13:27:19', 'fdb73233-bfc9-41b3-9d08-592386e405ce'),
 ('484', '1', '47', '7f8cc79-BEFORE-Garden-View.JPG', 'image', '4000', '3000', '5715915', '2018-03-12 13:25:46', '2018-03-12 13:25:46', '2018-03-12 13:27:19', 'e0927595-2e19-4327-ac39-73120f80d054'),
 ('485', '1', '47', '1461db3-DURING-2.JPG', 'image', '4000', '2664', '4811947', '2018-03-12 13:25:46', '2018-03-12 13:25:46', '2018-03-12 13:27:19', '37c0d6a4-7b0e-4db2-8ede-aea03027b37a'),
 ('486', '1', '1', '017e50a-AFTER Pellet Boiler.JPG', 'image', '4000', '2664', '2406483', '2018-03-12 13:26:44', '2018-03-12 13:26:44', '2018-03-12 13:26:44', 'a300916d-d374-49bd-b40b-70542b0dbaf0'),
 ('487', '1', '47', '4c08ad2-AFTER-Front-Elevation.JPG', 'image', '4000', '3000', '3334138', '2018-03-12 13:26:54', '2018-03-12 13:26:54', '2018-03-12 13:27:19', 'c52551fb-5b3b-4567-a670-a8dfe36ca512'),
 ('488', '1', '47', '2d1f6cf-AFTER-Garden-View.JPG', 'image', '4000', '2664', '3781388', '2018-03-12 13:26:58', '2018-03-12 13:26:58', '2018-03-12 13:27:19', 'e76a24cf-906f-4640-86ff-b7c8448d6365'),
 ('489', '1', '47', 'cc5bb00-AFTER-Kitchen.JPG', 'image', '4000', '2664', '1966113', '2018-03-12 13:27:12', '2018-03-12 13:27:12', '2018-03-12 13:27:19', '427e5b16-d8f3-4120-a614-337d9748af1b'),
 ('490', '1', '47', 'AFTER-Garden-View.JPG', 'image', '4000', '2664', '1482072', '2018-03-12 13:27:18', '2018-03-12 13:27:18', '2018-03-12 13:27:18', '2a2ce5f7-cd76-4842-b0da-e06b2171e5f1');



DROP TABLE IF EXISTS `craft_assetfolders`;


--
-- Schema for table `craft_assetfolders`
--
CREATE TABLE `craft_assetfolders` (
  `id` int(11) NOT NULL AUTO_INCREMENT,
  `parentId` int(11) DEFAULT NULL,
  `sourceId` int(11) DEFAULT NULL,
  `name` varchar(255) COLLATE utf8_unicode_ci NOT NULL,
  `path` varchar(255) COLLATE utf8_unicode_ci DEFAULT NULL,
  `dateCreated` datetime NOT NULL,
  `dateUpdated` datetime NOT NULL,
  `uid` char(36) COLLATE utf8_unicode_ci NOT NULL DEFAULT '0',
  PRIMARY KEY (`id`),
  UNIQUE KEY `craft_assetfolders_name_parentId_sourceId_unq_idx` (`name`,`parentId`,`sourceId`),
  KEY `craft_assetfolders_parentId_fk` (`parentId`),
  KEY `craft_assetfolders_sourceId_fk` (`sourceId`)
) ENGINE=InnoDB AUTO_INCREMENT=49 DEFAULT CHARSET=utf8 COLLATE=utf8_unicode_ci;

--
-- Data for table `craft_assetfolders`
--

INSERT INTO `craft_assetfolders` (`id`, `parentId`, `sourceId`, `name`, `path`, `dateCreated`, `dateUpdated`, `uid`) VALUES
 ('1', NULL, '1', 'Images', '', '2018-01-26 15:57:38', '2018-01-26 15:57:38', 'f21f6e0d-bffe-4a9b-a450-5244a3c6d77b'),
 ('2', NULL, NULL, 'Temporary source', NULL, '2018-02-14 10:31:06', '2018-02-14 10:31:06', '2b078755-e7e4-4b91-a455-3d24cd15369d'),
 ('3', '2', NULL, 'user_1', 'user_1/', '2018-02-14 10:31:06', '2018-02-14 10:31:06', 'b23f2afa-e7bb-4efa-a978-2e66afba030f'),
 ('4', '3', NULL, 'field_7', 'user_1/field_7/', '2018-02-14 10:31:06', '2018-02-14 10:31:06', '9fb65e7c-5092-43bf-bfe2-5e69b69b8065'),
 ('8', '3', NULL, 'field_3', 'user_1/field_3/', '2018-02-14 11:04:36', '2018-02-14 11:04:36', '2b4641fc-f8f6-4c26-a21c-5eff2dcf0c30'),
 ('10', '3', NULL, 'field_36', 'user_1/field_36/', '2018-02-14 11:07:20', '2018-02-14 11:07:20', 'bbd200b0-b841-462a-8bcc-2e042fd7f54d'),
 ('11', '3', NULL, 'field_10', 'user_1/field_10/', '2018-02-14 11:07:20', '2018-02-14 11:07:20', '4d834268-0c8b-4b90-b3fd-70f05e0ebd74'),
 ('12', '3', NULL, 'field_14', 'user_1/field_14/', '2018-02-14 11:07:20', '2018-02-14 11:07:20', 'abc6099d-44f9-4620-858e-bcc6a18b8ca8'),
 ('13', '3', NULL, 'field_35', 'user_1/field_35/', '2018-02-14 11:07:20', '2018-02-14 11:07:20', '2cf22519-2215-4181-82de-1c556704b966'),
 ('32', '1', '1', 'example-project-1', 'example-project-1/', '2018-02-22 09:51:14', '2018-02-22 09:51:14', '6f63c6a7-18b3-45ec-95d3-3e20ee229a4a'),
 ('33', '3', NULL, 'field_39', 'user_1/field_39/', '2018-02-22 14:12:56', '2018-02-22 14:12:56', '9854033d-ee02-444f-8e58-1cad6439b112'),
 ('35', '1', '1', 'wef', 'wef/', '2018-02-22 14:13:55', '2018-02-22 14:13:55', '611d2ded-e4c5-414e-9cd5-758d6da3fdb9'),
 ('36', '1', '1', 'rg', 'rg/', '2018-02-23 09:46:45', '2018-02-23 09:46:45', '87e247e8-2d50-4113-9152-c9dec9372a15'),
 ('37', '1', '1', 'aaaa', 'aaaa/', '2018-02-23 10:27:15', '2018-02-23 10:27:15', 'e3ed0c52-3a86-4f62-9d49-e4ef8c5f3166'),
 ('38', '1', '1', 'a', 'a/', '2018-02-23 10:39:03', '2018-02-23 10:39:03', '8ecd4fa2-930e-42d3-aa03-b8003807c218'),
 ('39', '2', NULL, 'user_326', 'user_326/', '2018-02-23 16:45:09', '2018-02-23 16:45:09', '9f7c09eb-f9ab-4642-b92c-e018679cf01e'),
 ('40', '39', NULL, 'field_39', 'user_326/field_39/', '2018-02-23 16:45:09', '2018-02-23 16:45:09', 'aea07e6d-04bf-4d90-9c5b-edebbb4d4479'),
 ('41', '1', '1', 'aa', 'aa/', '2018-02-23 16:45:09', '2018-02-23 16:45:09', '503b2517-3981-43da-906a-26d4875e493d'),
 ('42', '1', '1', 'asdasd', 'asdasd/', '2018-02-26 16:39:50', '2018-02-26 16:39:50', 'c48087dd-ecfa-4630-8a3b-13e56589b294'),
 ('43', '1', '1', 'dfgdfgdfg', 'dfgdfgdfg/', '2018-02-27 13:21:09', '2018-02-27 13:21:09', 'e6fa0401-cc19-40c5-b080-8fce29886814'),
 ('44', '1', '1', 'qwdqwd', 'qwdqwd/', '2018-03-01 10:48:02', '2018-03-01 10:48:02', 'c1a2ef78-3c91-4f4b-9ebf-5d8230a57228'),
 ('45', '1', '1', 'fffff', 'fffff/', '2018-03-01 10:50:27', '2018-03-01 10:50:27', '1cbf36b2-3648-4813-ad3a-83061b0a7d36'),
 ('46', '1', '1', 'ff', 'ff/', '2018-03-05 16:07:30', '2018-03-05 16:07:30', 'c7bf1be7-afe6-4f06-aeec-27edbf333e46'),
 ('47', '1', '1', 'le-rocher', 'le-rocher/', '2018-03-12 13:05:10', '2018-03-12 13:05:10', '79f54879-d52b-44f4-9e41-ea01e306818d'),
 ('48', '1', '1', 'deded', 'deded/', '2018-03-12 13:06:38', '2018-03-12 13:06:38', '809934a5-94db-4972-af8e-3f8bf547edc4');



DROP TABLE IF EXISTS `craft_assetindexdata`;


--
-- Schema for table `craft_assetindexdata`
--
CREATE TABLE `craft_assetindexdata` (
  `id` int(11) NOT NULL AUTO_INCREMENT,
  `sessionId` varchar(36) COLLATE utf8_unicode_ci NOT NULL DEFAULT '',
  `sourceId` int(10) NOT NULL,
  `offset` int(10) NOT NULL,
  `uri` varchar(255) COLLATE utf8_unicode_ci DEFAULT NULL,
  `size` varchar(255) COLLATE utf8_unicode_ci DEFAULT NULL,
  `recordId` int(10) DEFAULT NULL,
  `dateCreated` datetime NOT NULL,
  `dateUpdated` datetime NOT NULL,
  `uid` char(36) COLLATE utf8_unicode_ci NOT NULL DEFAULT '0',
  PRIMARY KEY (`id`),
  UNIQUE KEY `craft_assetindexdata_sessionId_sourceId_offset_unq_idx` (`sessionId`,`sourceId`,`offset`),
  KEY `craft_assetindexdata_sourceId_fk` (`sourceId`)
) ENGINE=InnoDB DEFAULT CHARSET=utf8 COLLATE=utf8_unicode_ci;

DROP TABLE IF EXISTS `craft_assetsources`;


--
-- Schema for table `craft_assetsources`
--
CREATE TABLE `craft_assetsources` (
  `id` int(11) NOT NULL AUTO_INCREMENT,
  `name` varchar(255) COLLATE utf8_unicode_ci NOT NULL,
  `handle` varchar(255) COLLATE utf8_unicode_ci NOT NULL,
  `type` varchar(150) COLLATE utf8_unicode_ci NOT NULL,
  `settings` text COLLATE utf8_unicode_ci,
  `sortOrder` smallint(6) unsigned DEFAULT NULL,
  `fieldLayoutId` int(10) DEFAULT NULL,
  `dateCreated` datetime NOT NULL,
  `dateUpdated` datetime NOT NULL,
  `uid` char(36) COLLATE utf8_unicode_ci NOT NULL DEFAULT '0',
  PRIMARY KEY (`id`),
  UNIQUE KEY `craft_assetsources_name_unq_idx` (`name`),
  UNIQUE KEY `craft_assetsources_handle_unq_idx` (`handle`),
  KEY `craft_assetsources_fieldLayoutId_fk` (`fieldLayoutId`)
) ENGINE=InnoDB AUTO_INCREMENT=2 DEFAULT CHARSET=utf8 COLLATE=utf8_unicode_ci;

--
-- Data for table `craft_assetsources`
--

INSERT INTO `craft_assetsources` (`id`, `name`, `handle`, `type`, `settings`, `sortOrder`, `fieldLayoutId`, `dateCreated`, `dateUpdated`, `uid`) VALUES
 ('1', 'Images', 'images', 'Local', '{\"path\":\"res\\/img\\/projects\\/\",\"publicURLs\":\"1\",\"url\":\"http:\\/\\/localhost\\/aja\\/res\\/img\\/projects\\/\"}', '1', '10', '2018-01-26 15:57:38', '2018-01-30 11:07:44', 'dd6c9178-ed8c-4639-acf5-a3964e601e7c');



DROP TABLE IF EXISTS `craft_assettransformindex`;


--
-- Schema for table `craft_assettransformindex`
--
CREATE TABLE `craft_assettransformindex` (
  `id` int(11) NOT NULL AUTO_INCREMENT,
  `fileId` int(11) NOT NULL,
  `filename` varchar(255) COLLATE utf8_unicode_ci DEFAULT NULL,
  `format` varchar(255) COLLATE utf8_unicode_ci DEFAULT NULL,
  `location` varchar(255) COLLATE utf8_unicode_ci NOT NULL,
  `sourceId` int(11) DEFAULT NULL,
  `fileExists` tinyint(1) DEFAULT NULL,
  `inProgress` tinyint(1) DEFAULT NULL,
  `dateIndexed` datetime DEFAULT NULL,
  `dateCreated` datetime NOT NULL,
  `dateUpdated` datetime NOT NULL,
  `uid` char(36) COLLATE utf8_unicode_ci NOT NULL DEFAULT '0',
  PRIMARY KEY (`id`),
  KEY `craft_assettransformindex_sourceId_fileId_location_idx` (`sourceId`,`fileId`,`location`)
) ENGINE=InnoDB AUTO_INCREMENT=3 DEFAULT CHARSET=utf8 COLLATE=utf8_unicode_ci;

DROP TABLE IF EXISTS `craft_assettransforms`;


--
-- Schema for table `craft_assettransforms`
--
CREATE TABLE `craft_assettransforms` (
  `id` int(11) NOT NULL AUTO_INCREMENT,
  `name` varchar(255) COLLATE utf8_unicode_ci NOT NULL,
  `handle` varchar(255) COLLATE utf8_unicode_ci NOT NULL,
  `mode` enum('stretch','fit','crop') COLLATE utf8_unicode_ci NOT NULL DEFAULT 'crop',
  `position` enum('top-left','top-center','top-right','center-left','center-center','center-right','bottom-left','bottom-center','bottom-right') COLLATE utf8_unicode_ci NOT NULL DEFAULT 'center-center',
  `height` int(10) DEFAULT NULL,
  `width` int(10) DEFAULT NULL,
  `format` varchar(255) COLLATE utf8_unicode_ci DEFAULT NULL,
  `quality` int(10) DEFAULT NULL,
  `dimensionChangeTime` datetime DEFAULT NULL,
  `dateCreated` datetime NOT NULL,
  `dateUpdated` datetime NOT NULL,
  `uid` char(36) COLLATE utf8_unicode_ci NOT NULL DEFAULT '0',
  PRIMARY KEY (`id`),
  UNIQUE KEY `craft_assettransforms_name_unq_idx` (`name`),
  UNIQUE KEY `craft_assettransforms_handle_unq_idx` (`handle`)
) ENGINE=InnoDB AUTO_INCREMENT=4 DEFAULT CHARSET=utf8 COLLATE=utf8_unicode_ci;

--
-- Data for table `craft_assettransforms`
--

INSERT INTO `craft_assettransforms` (`id`, `name`, `handle`, `mode`, `position`, `height`, `width`, `format`, `quality`, `dimensionChangeTime`, `dateCreated`, `dateUpdated`, `uid`) VALUES
 ('1', 'Edit', 'edit', 'fit', 'center-center', NULL, '600', 'jpg', '82', '2018-02-02 13:45:55', '2018-02-02 13:45:55', '2018-02-02 13:45:55', 'e092ff83-5919-474a-a1aa-0edc54c90662'),
 ('2', 'Blur', 'blur', 'crop', 'center-center', NULL, '30', 'jpg', '10', '2018-02-21 10:37:59', '2018-02-21 10:34:34', '2018-02-21 10:37:59', 'c6bf6105-4eeb-4594-bc4b-6591b8332502'),
 ('3', 'Profile', 'profile', 'crop', 'center-center', NULL, '300', 'jpg', '82', '2018-03-12 10:36:51', '2018-03-12 10:36:51', '2018-03-12 10:36:51', 'bc3aaca1-660e-4634-96f8-7dccc1d29562');



DROP TABLE IF EXISTS `craft_categories`;


--
-- Schema for table `craft_categories`
--
CREATE TABLE `craft_categories` (
  `id` int(11) NOT NULL,
  `groupId` int(11) NOT NULL,
  `dateCreated` datetime NOT NULL,
  `dateUpdated` datetime NOT NULL,
  `uid` char(36) COLLATE utf8_unicode_ci NOT NULL DEFAULT '0',
  PRIMARY KEY (`id`),
  KEY `craft_categories_groupId_fk` (`groupId`)
) ENGINE=InnoDB DEFAULT CHARSET=utf8 COLLATE=utf8_unicode_ci;

DROP TABLE IF EXISTS `craft_categorygroups`;


--
-- Schema for table `craft_categorygroups`
--
CREATE TABLE `craft_categorygroups` (
  `id` int(11) NOT NULL AUTO_INCREMENT,
  `structureId` int(11) NOT NULL,
  `fieldLayoutId` int(11) DEFAULT NULL,
  `name` varchar(255) COLLATE utf8_unicode_ci NOT NULL,
  `handle` varchar(255) COLLATE utf8_unicode_ci NOT NULL,
  `hasUrls` tinyint(1) unsigned NOT NULL DEFAULT '1',
  `template` varchar(500) COLLATE utf8_unicode_ci DEFAULT NULL,
  `dateCreated` datetime NOT NULL,
  `dateUpdated` datetime NOT NULL,
  `uid` char(36) COLLATE utf8_unicode_ci NOT NULL DEFAULT '0',
  PRIMARY KEY (`id`),
  UNIQUE KEY `craft_categorygroups_name_unq_idx` (`name`),
  UNIQUE KEY `craft_categorygroups_handle_unq_idx` (`handle`),
  KEY `craft_categorygroups_structureId_fk` (`structureId`),
  KEY `craft_categorygroups_fieldLayoutId_fk` (`fieldLayoutId`)
) ENGINE=InnoDB AUTO_INCREMENT=2 DEFAULT CHARSET=utf8 COLLATE=utf8_unicode_ci;

--
-- Data for table `craft_categorygroups`
--

INSERT INTO `craft_categorygroups` (`id`, `structureId`, `fieldLayoutId`, `name`, `handle`, `hasUrls`, `template`, `dateCreated`, `dateUpdated`, `uid`) VALUES
 ('1', '1', '90', 'Property Category', 'propertyCategory', '1', '', '2018-02-21 12:04:50', '2018-02-21 12:04:50', '88174852-10b7-408e-b443-95e6c3420849');



DROP TABLE IF EXISTS `craft_categorygroups_i18n`;


--
-- Schema for table `craft_categorygroups_i18n`
--
CREATE TABLE `craft_categorygroups_i18n` (
  `id` int(11) NOT NULL AUTO_INCREMENT,
  `groupId` int(11) NOT NULL,
  `locale` char(12) COLLATE utf8_unicode_ci NOT NULL,
  `urlFormat` text COLLATE utf8_unicode_ci,
  `nestedUrlFormat` text COLLATE utf8_unicode_ci,
  `dateCreated` datetime NOT NULL,
  `dateUpdated` datetime NOT NULL,
  `uid` char(36) COLLATE utf8_unicode_ci NOT NULL DEFAULT '0',
  PRIMARY KEY (`id`),
  UNIQUE KEY `craft_categorygroups_i18n_groupId_locale_unq_idx` (`groupId`,`locale`),
  KEY `craft_categorygroups_i18n_locale_fk` (`locale`)
) ENGINE=InnoDB AUTO_INCREMENT=2 DEFAULT CHARSET=utf8 COLLATE=utf8_unicode_ci;

--
-- Data for table `craft_categorygroups_i18n`
--

INSERT INTO `craft_categorygroups_i18n` (`id`, `groupId`, `locale`, `urlFormat`, `nestedUrlFormat`, `dateCreated`, `dateUpdated`, `uid`) VALUES
 ('1', '1', 'en_gb', 'property-category/{slug}', '{parent.uri}/{slug}', '2018-02-21 12:04:50', '2018-02-21 12:04:50', 'edbc21b8-e108-4eb6-a866-a7db007e43be');



DROP TABLE IF EXISTS `craft_content`;


--
-- Schema for table `craft_content`
--
CREATE TABLE `craft_content` (
  `id` int(11) NOT NULL AUTO_INCREMENT,
  `elementId` int(11) NOT NULL,
  `locale` char(12) COLLATE utf8_unicode_ci NOT NULL,
  `title` varchar(255) COLLATE utf8_unicode_ci DEFAULT NULL,
  `field_body` text COLLATE utf8_unicode_ci,
  `field_ajaMembershipNo` text COLLATE utf8_unicode_ci,
  `field_arbMembershipNo` text COLLATE utf8_unicode_ci,
  `field_ribaMembershipNo` text COLLATE utf8_unicode_ci,
  `field_phoneNumber` text COLLATE utf8_unicode_ci,
  `field_personalProfile` text COLLATE utf8_unicode_ci,
  `field_facebookLink` text COLLATE utf8_unicode_ci,
  `field_twitterLink` text COLLATE utf8_unicode_ci,
  `field_instagramLink` text COLLATE utf8_unicode_ci,
  `field_linkedinLink` text COLLATE utf8_unicode_ci,
  `field_pinterestLink` text COLLATE utf8_unicode_ci,
  `field_companyWebsite` text COLLATE utf8_unicode_ci,
  `field_company` text COLLATE utf8_unicode_ci,
  `field_location` text COLLATE utf8_unicode_ci,
  `field_website` text COLLATE utf8_unicode_ci,
  `field_architect` text COLLATE utf8_unicode_ci,
  `field_abstract` varchar(180) COLLATE utf8_unicode_ci DEFAULT NULL,
  `field_leadingParagraph` text COLLATE utf8_unicode_ci,
  `field_youtubeUrl` text COLLATE utf8_unicode_ci,
  `field_quote` text COLLATE utf8_unicode_ci,
  `field_quoteName` text COLLATE utf8_unicode_ci,
  `field_quotePosition` text COLLATE utf8_unicode_ci,
  `dateCreated` datetime NOT NULL,
  `dateUpdated` datetime NOT NULL,
  `uid` char(36) COLLATE utf8_unicode_ci NOT NULL DEFAULT '0',
  PRIMARY KEY (`id`),
  UNIQUE KEY `craft_content_elementId_locale_unq_idx` (`elementId`,`locale`),
  KEY `craft_content_title_idx` (`title`),
  KEY `craft_content_locale_fk` (`locale`)
) ENGINE=InnoDB AUTO_INCREMENT=468 DEFAULT CHARSET=utf8 COLLATE=utf8_unicode_ci;

--
-- Data for table `craft_content`
--

INSERT INTO `craft_content` (`id`, `elementId`, `locale`, `title`, `field_body`, `field_ajaMembershipNo`, `field_arbMembershipNo`, `field_ribaMembershipNo`, `field_phoneNumber`, `field_personalProfile`, `field_facebookLink`, `field_twitterLink`, `field_instagramLink`, `field_linkedinLink`, `field_pinterestLink`, `field_companyWebsite`, `field_company`, `field_location`, `field_website`, `field_architect`, `field_abstract`, `field_leadingParagraph`, `field_youtubeUrl`, `field_quote`, `field_quoteName`, `field_quotePosition`, `dateCreated`, `dateUpdated`, `uid`) VALUES
 ('1', '1', 'en_gb', NULL, NULL, 'aja', 'arb', 'riba', '123', '', 'b', 'th', 'v', 'd', 'a', 'companyf', NULL, NULL, NULL, NULL, NULL, NULL, NULL, NULL, NULL, NULL, '2018-01-18 10:53:34', '2018-02-28 12:39:03', '076c7d8b-3971-4eb6-b6b6-22fbd634c6da'),
 ('2', '2', 'en_gb', 'Welcome to Localhost!', '<p>It’s true, this site doesn’t have a whole lot of content yet, but don’t worry. Our web developers have just installed the CMS, and they’re setting things up for the content editors this very moment. Soon Localhost will be an oasis of fresh perspectives, sharp analyses, and astute opinions that will keep you coming back again and again.</p>', NULL, NULL, NULL, NULL, NULL, NULL, NULL, NULL, NULL, NULL, NULL, NULL, NULL, NULL, NULL, NULL, NULL, NULL, NULL, NULL, NULL, '2018-01-18 10:53:40', '2018-01-18 10:53:40', '22ed35e7-9599-4461-a76f-0d5250d8a878'),
 ('4', '4', 'en_gb', 'Example project 1', NULL, NULL, NULL, NULL, NULL, NULL, NULL, NULL, NULL, NULL, NULL, NULL, 'Godel Architects', 'St Peter, Jersey', 'www.godelarchitects.com', 'John smitg', 'Lorem ipsum dolor sit amet, consectetuer adipiscing elit, sed diam nonummy nibh euismod tincidunt ut laoreet dolore magna aliquam erat volutpat. Ut wisi enim ad minim', NULL, NULL, NULL, NULL, NULL, '2018-01-26 15:51:25', '2018-02-22 10:30:11', '15531b07-3247-4bb6-b394-ca9d65197d4a'),
 ('6', '6', 'en_gb', 'Proj1', NULL, NULL, NULL, NULL, NULL, NULL, NULL, NULL, NULL, NULL, NULL, NULL, NULL, NULL, NULL, NULL, NULL, NULL, NULL, NULL, NULL, NULL, '2018-01-30 11:17:18', '2018-03-05 16:17:22', 'd6d58bd8-bc18-4409-9591-d8204d27708f'),
 ('9', '9', 'en_gb', 'Untitled 2', NULL, NULL, NULL, NULL, NULL, NULL, NULL, NULL, NULL, NULL, NULL, NULL, NULL, NULL, NULL, NULL, NULL, NULL, NULL, NULL, NULL, NULL, '2018-01-30 12:32:33', '2018-03-05 16:17:21', '1abc7863-4607-4ab0-9b47-83d992fd7508'),
 ('10', '10', 'en_gb', 'Untitled 3', NULL, NULL, NULL, NULL, NULL, NULL, NULL, NULL, NULL, NULL, NULL, NULL, NULL, NULL, NULL, NULL, NULL, NULL, NULL, NULL, NULL, NULL, '2018-01-30 12:32:33', '2018-03-05 16:17:21', '73a27340-16c6-41e7-b334-455c2feee9c3'),
 ('17', '18', 'en_gb', 'Thumb', NULL, NULL, NULL, NULL, NULL, NULL, NULL, NULL, NULL, NULL, NULL, NULL, NULL, NULL, NULL, NULL, NULL, NULL, NULL, NULL, NULL, NULL, '2018-01-30 13:31:15', '2018-03-05 16:17:22', '7a75b452-1dab-4afa-ada4-add716b3e2a0'),
 ('18', '19', 'en_gb', 'Thumb2', NULL, NULL, NULL, NULL, NULL, NULL, NULL, NULL, NULL, NULL, NULL, NULL, NULL, NULL, NULL, NULL, NULL, NULL, NULL, NULL, NULL, NULL, '2018-01-30 13:31:15', '2018-03-05 16:17:22', '743da390-b4b1-4c9c-a718-abd728f6bb15'),
 ('19', '20', 'en_gb', 'Untitled 1', NULL, NULL, NULL, NULL, NULL, NULL, NULL, NULL, NULL, NULL, NULL, NULL, NULL, NULL, NULL, NULL, NULL, NULL, NULL, NULL, NULL, NULL, '2018-01-30 13:31:15', '2018-03-05 16:17:21', '5e388166-f271-463b-9ea3-edc08f7bc3d9'),
 ('28', '29', 'en_gb', 'Thumbt', NULL, NULL, NULL, NULL, NULL, NULL, NULL, NULL, NULL, NULL, NULL, NULL, NULL, NULL, NULL, NULL, NULL, NULL, NULL, NULL, NULL, NULL, '2018-01-30 13:33:23', '2018-03-05 16:17:22', '0218118c-a8f8-4f86-a478-8515236c5057'),
 ('29', '30', 'en_gb', 'Untitled 1F', NULL, NULL, NULL, NULL, NULL, NULL, NULL, NULL, NULL, NULL, NULL, NULL, NULL, NULL, NULL, NULL, NULL, NULL, NULL, NULL, NULL, NULL, '2018-01-30 13:33:23', '2018-03-05 16:17:21', 'e75a62f6-d9d3-4242-b7b8-d4e249e390ae'),
 ('34', '38', 'en_gb', 'Night', NULL, NULL, NULL, NULL, NULL, NULL, NULL, NULL, NULL, NULL, NULL, NULL, NULL, NULL, NULL, NULL, NULL, NULL, NULL, NULL, NULL, NULL, '2018-01-30 16:43:39', '2018-03-05 16:17:21', '21a2bdab-1aa4-424f-b82c-f641f1f9536e'),
 ('104', '109', 'en_gb', NULL, NULL, 'v', 'h', 'h', '', '', '', '', '', '', '', '', NULL, NULL, NULL, NULL, NULL, NULL, NULL, NULL, NULL, NULL, '2018-02-02 16:29:40', '2018-02-19 14:51:16', '3c2e4aae-bf55-47ef-844f-59d0cc9fdd35'),
 ('224', '247', 'en_gb', 'Home', NULL, NULL, NULL, NULL, NULL, NULL, NULL, NULL, NULL, NULL, NULL, NULL, NULL, NULL, NULL, NULL, NULL, NULL, NULL, NULL, NULL, NULL, '2018-02-14 10:50:16', '2018-03-05 16:17:23', '42341e51-dbb9-45f5-9ab4-ef7571d97453'),
 ('227', '250', 'en_gb', 'Example Slide 1', NULL, NULL, NULL, NULL, NULL, NULL, NULL, NULL, NULL, NULL, NULL, NULL, NULL, NULL, NULL, NULL, NULL, NULL, NULL, NULL, NULL, NULL, '2018-02-14 11:02:52', '2018-03-05 16:17:22', '89553f1d-9e00-4ad3-a201-bc15c904122c'),
 ('258', '281', 'en_gb', NULL, NULL, '234', '234', '234', '', 'lorem ipsum dolor sit amet, consectetur adipiscing elit. Curabitur ut congue est. Sed non urna gravida diam tristique fermentum ut et lectus. Vestibulum volutpat quam fermentum eros gravida viverra. Suspendisse potenti. Nunc eget malesuada eros. Morbi vel ullamcorper quam. Praesent malesuada pretium lacus', 'f', 'f', 'f', 'f', 'f', 'google.com', NULL, NULL, NULL, NULL, NULL, NULL, NULL, NULL, NULL, NULL, '2018-02-19 15:19:03', '2018-02-20 10:25:47', 'd6191a48-9337-467c-96c6-b4baf0ec17b1'),
 ('288', '311', 'en_gb', 'Example', NULL, NULL, NULL, NULL, NULL, NULL, NULL, NULL, NULL, NULL, NULL, NULL, NULL, NULL, NULL, NULL, NULL, NULL, NULL, NULL, NULL, NULL, '2018-02-21 16:09:42', '2018-02-21 16:09:42', '116ef4d9-f350-4324-81d0-b5350cb50707'),
 ('295', '319', 'en_gb', 'Defaultuserphoto', NULL, NULL, NULL, NULL, NULL, NULL, NULL, NULL, NULL, NULL, NULL, NULL, NULL, NULL, NULL, NULL, NULL, NULL, NULL, NULL, NULL, NULL, '2018-02-21 17:09:25', '2018-02-21 17:09:25', 'b371238f-8d9f-4eda-bee1-82d883f6622b'),
 ('296', '320', 'en_gb', 'Defaultuserphoto', NULL, NULL, NULL, NULL, NULL, NULL, NULL, NULL, NULL, NULL, NULL, NULL, NULL, NULL, NULL, NULL, NULL, NULL, NULL, NULL, NULL, NULL, '2018-02-21 17:15:40', '2018-03-05 16:17:21', '133856dd-59f5-43c2-8c87-c77eb9a6999c'),
 ('299', '323', 'en_gb', 'Proj1', NULL, NULL, NULL, NULL, NULL, NULL, NULL, NULL, NULL, NULL, NULL, NULL, NULL, NULL, NULL, NULL, NULL, NULL, NULL, NULL, NULL, NULL, '2018-02-22 09:18:14', '2018-03-05 16:17:23', '435fd5b9-f31d-4873-b356-fd161d463498'),
 ('300', '324', 'en_gb', 'Proj1', NULL, NULL, NULL, NULL, NULL, NULL, NULL, NULL, NULL, NULL, NULL, NULL, NULL, NULL, NULL, NULL, NULL, NULL, NULL, NULL, NULL, NULL, '2018-02-22 09:47:32', '2018-02-22 09:47:32', '2dd0be1d-0bf3-4b12-8a1a-8d4ac7a724c7'),
 ('301', '325', 'en_gb', 'Proj1', NULL, NULL, NULL, NULL, NULL, NULL, NULL, NULL, NULL, NULL, NULL, NULL, NULL, NULL, NULL, NULL, NULL, NULL, NULL, NULL, NULL, NULL, '2018-02-22 09:51:14', '2018-03-05 16:17:21', 'a95f82ac-ba92-4253-9022-ee38b40353de'),
 ('302', '326', 'en_gb', NULL, NULL, 'f', 'f', 'f', '', 'Justin Gallaher BA (Hons) Dip Arch RIBA Justin gained his qualification as a chartered architect in 2000.  In between his studies at Brighton University, he spent some of his training practical experience working for an architectural firm in Huntsville, Alabama.  This work varied from University campus projects, Space Craft Inc. factories to the 2006 Atlanta Olympic Hockey stadium. Since joining Gallaher Architects full time, Justin became a director in 2007 when the practice changed to a limited company from Hewitt Gallaher Partnership to Gallaher Architects Ltd.', '', '', '', '', '', '', NULL, NULL, NULL, NULL, NULL, NULL, NULL, NULL, NULL, NULL, '2018-02-22 11:53:34', '2018-03-12 12:50:31', '587288d6-d9d1-458c-a06b-38825360447c'),
 ('303', '327', 'en_gb', '46C2373 Default Skin', NULL, NULL, NULL, NULL, NULL, NULL, NULL, NULL, NULL, NULL, NULL, NULL, NULL, NULL, NULL, NULL, NULL, NULL, NULL, NULL, NULL, NULL, '2018-02-22 13:52:54', '2018-03-05 16:17:16', 'db57ad91-7700-4524-9fce-1a05fe1c077f'),
 ('312', '336', 'en_gb', 'Ezgif Com Optimize', NULL, NULL, NULL, NULL, NULL, NULL, NULL, NULL, NULL, NULL, NULL, NULL, NULL, NULL, NULL, NULL, NULL, NULL, NULL, NULL, NULL, NULL, '2018-02-22 14:12:56', '2018-02-22 14:12:56', '718628d4-80f7-4097-b521-388527e887fc'),
 ('314', '338', 'en_gb', '99956Ba  Justin  Gallaher', NULL, NULL, NULL, NULL, NULL, NULL, NULL, NULL, NULL, NULL, NULL, NULL, NULL, NULL, NULL, NULL, NULL, NULL, NULL, NULL, NULL, NULL, '2018-02-22 14:13:48', '2018-03-05 16:17:24', 'd741130d-2b05-4d89-a739-e5cf1d9947c1'),
 ('315', '339', 'en_gb', 'Robert Bar', NULL, NULL, NULL, NULL, NULL, NULL, NULL, NULL, NULL, NULL, NULL, NULL, NULL, NULL, NULL, NULL, NULL, NULL, NULL, NULL, NULL, NULL, '2018-02-22 14:13:55', '2018-03-05 16:17:24', '600b48f7-c986-4035-8b19-44603b125e82'),
 ('317', '341', 'en_gb', 'Example', NULL, NULL, NULL, NULL, NULL, NULL, NULL, NULL, NULL, NULL, NULL, NULL, NULL, NULL, NULL, NULL, NULL, NULL, NULL, NULL, NULL, NULL, '2018-02-23 09:46:45', '2018-03-05 16:17:24', 'e4050aaf-b1b7-4542-8009-6efa3e365667'),
 ('319', '343', 'en_gb', '8Cba771  Justin  Gallaher', NULL, NULL, NULL, NULL, NULL, NULL, NULL, NULL, NULL, NULL, NULL, NULL, NULL, NULL, NULL, NULL, NULL, NULL, NULL, NULL, NULL, NULL, '2018-02-23 10:26:07', '2018-03-05 16:17:18', 'a9cc6de2-4bf3-4ce4-b079-9890f38feaeb'),
 ('320', '344', 'en_gb', 'Defaultuserphoto', NULL, NULL, NULL, NULL, NULL, NULL, NULL, NULL, NULL, NULL, NULL, NULL, NULL, NULL, NULL, NULL, NULL, NULL, NULL, NULL, NULL, NULL, '2018-02-23 10:27:15', '2018-03-05 16:17:19', '60b64695-c100-4a27-91eb-7a3d8e91d7e1'),
 ('322', '346', 'en_gb', '2D126B5  Justin  Gallaher', NULL, NULL, NULL, NULL, NULL, NULL, NULL, NULL, NULL, NULL, NULL, NULL, NULL, NULL, NULL, NULL, NULL, NULL, NULL, NULL, NULL, NULL, '2018-02-23 10:38:49', '2018-03-05 16:17:18', 'b711563d-aca8-446f-9b0c-666d5dd54776'),
 ('323', '347', 'en_gb', 'Justin Gallaher', NULL, NULL, NULL, NULL, NULL, NULL, NULL, NULL, NULL, NULL, NULL, NULL, NULL, NULL, NULL, NULL, NULL, NULL, NULL, NULL, NULL, NULL, '2018-02-23 10:39:03', '2018-03-05 16:17:18', '5b71c028-8e24-43a6-9031-87b8e5878215'),
 ('325', '349', 'en_gb', '3F299Da  Justin  Gallaher', NULL, NULL, NULL, NULL, NULL, NULL, NULL, NULL, NULL, NULL, NULL, NULL, NULL, NULL, NULL, NULL, NULL, NULL, NULL, NULL, NULL, NULL, '2018-02-23 16:15:22', '2018-03-05 16:17:15', '993760b4-a35f-4726-be6f-727b092e6406'),
 ('326', '350', 'en_gb', '94Fd296  Justin  Gallaher', NULL, NULL, NULL, NULL, NULL, NULL, NULL, NULL, NULL, NULL, NULL, NULL, NULL, NULL, NULL, NULL, NULL, NULL, NULL, NULL, NULL, NULL, '2018-02-23 16:15:35', '2018-03-05 16:17:17', '91af1f0b-0ac3-47ce-9f1a-980436a21aae'),
 ('327', '351', 'en_gb', '0364039  Justin  Gallaher', NULL, NULL, NULL, NULL, NULL, NULL, NULL, NULL, NULL, NULL, NULL, NULL, NULL, NULL, NULL, NULL, NULL, NULL, NULL, NULL, NULL, NULL, '2018-02-23 16:16:12', '2018-03-05 16:17:24', '8562905f-a838-47cf-8326-896fc6371222'),
 ('328', '352', 'en_gb', 'B7300C6  Justin  Gallaher', NULL, NULL, NULL, NULL, NULL, NULL, NULL, NULL, NULL, NULL, NULL, NULL, NULL, NULL, NULL, NULL, NULL, NULL, NULL, NULL, NULL, NULL, '2018-02-23 16:16:15', '2018-03-05 16:17:19', '2c6c7bd4-9870-4512-ba1a-3923369ec56a'),
 ('329', '353', 'en_gb', '03D4C3A  Justin  Gallaher', NULL, NULL, NULL, NULL, NULL, NULL, NULL, NULL, NULL, NULL, NULL, NULL, NULL, NULL, NULL, NULL, NULL, NULL, NULL, NULL, NULL, NULL, '2018-02-23 16:16:17', '2018-03-05 16:17:15', '4dcb7fd9-c87a-47f2-a531-d0042513cc4b'),
 ('330', '354', 'en_gb', 'Justin Gallaher', NULL, NULL, NULL, NULL, NULL, NULL, NULL, NULL, NULL, NULL, NULL, NULL, NULL, NULL, NULL, NULL, NULL, NULL, NULL, NULL, NULL, NULL, '2018-02-23 16:16:18', '2018-03-05 16:17:24', '39bdae01-91a8-4fe6-aee5-279aa75b7d00'),
 ('332', '356', 'en_gb', 'Da85D79  Robert Bar', NULL, NULL, NULL, NULL, NULL, NULL, NULL, NULL, NULL, NULL, NULL, NULL, NULL, NULL, NULL, NULL, NULL, NULL, NULL, NULL, NULL, NULL, '2018-02-23 16:44:58', '2018-03-05 16:17:18', '729bbe68-61bd-4620-9382-39cc2ffd2965'),
 ('333', '357', 'en_gb', '877031E  Robert Bar', NULL, NULL, NULL, NULL, NULL, NULL, NULL, NULL, NULL, NULL, NULL, NULL, NULL, NULL, NULL, NULL, NULL, NULL, NULL, NULL, NULL, NULL, '2018-02-23 16:45:05', '2018-03-05 16:17:17', '73a791a6-d439-46ec-a50c-ff06e25df3ca'),
 ('334', '358', 'en_gb', 'Robert Bar', NULL, NULL, NULL, NULL, NULL, NULL, NULL, NULL, NULL, NULL, NULL, NULL, NULL, NULL, NULL, NULL, NULL, NULL, NULL, NULL, NULL, NULL, '2018-02-23 16:45:09', '2018-03-05 16:17:18', '89b5b71e-223d-439d-b389-6bdc24a508d9'),
 ('336', '360', 'en_gb', '1F68A86  Bright 1519639355286', NULL, NULL, NULL, NULL, NULL, NULL, NULL, NULL, NULL, NULL, NULL, NULL, NULL, NULL, NULL, NULL, NULL, NULL, NULL, NULL, NULL, NULL, '2018-02-26 11:11:44', '2018-02-26 11:11:44', '43558e79-3719-4707-ba17-5bdd7bd0fe91'),
 ('337', '361', 'en_gb', 'B8E59C7  Bright 1519639355286', NULL, NULL, NULL, NULL, NULL, NULL, NULL, NULL, NULL, NULL, NULL, NULL, NULL, NULL, NULL, NULL, NULL, NULL, NULL, NULL, NULL, NULL, '2018-02-26 11:11:46', '2018-02-26 11:11:46', 'd9b4eef8-7bb8-4c84-9611-27297e7db1c2'),
 ('344', '368', 'en_gb', 'dfgdfgdfg', '<p>Lorem ipsum dolor sit amet, consectetur adipiscing elit. Nam luctus lacus ut dui gravida luctus. Nam diam enim, ultricies vel consectetur interdum, accumsan vel metus. Mauris lacinia ex eget sem ullamcorper porta. Suspendisse dapibus, magna nec molestie consequat, dolor nisi fermentum orci, eu interdum magna quam eget elit. Proin pulvinar laoreet leo, in commodo risus commodo quis. Proin feugiat nunc at malesuada commodo. Etiam eget suscipit dolor.</p><p>Lorem ipsum dolor sit amet, consectetur adipiscing elit. Nam luctus lacus ut dui gravida luctus. Nam diam enim, ultricies vel consectetur interdum, accumsan vel metus. Mauris lacinia ex eget sem ullamcorper porta. Suspendisse dapibus, magna nec molestie consequat, dolor nisi fermentum orci, eu interdum magna quam eget elit. Proin pulvinar laoreet leo, in commodo risus commodo quis. Proin feugiat nunc at malesuada commodo. Etiam eget suscipit dolor.</p>', NULL, NULL, NULL, NULL, NULL, NULL, NULL, NULL, NULL, NULL, NULL, NULL, NULL, NULL, NULL, NULL, 'Lorem ipsum dolor sit amet, consectetur adipiscing elit. Nam luctus lacus ut dui gravida luctus. Nam diam enim, ultricies vel consectetur interdum, accumsan vel metus. Mauris lacinia ex eget sem ullamcorper porta. Suspendisse dapibus, magna nec molestie consequat, dolor nisi fermentum orci, eu interdum magna quam eget elit.', NULL, NULL, NULL, NULL, '2018-02-26 15:49:08', '2018-02-27 13:21:09', '4ece1065-b23e-4e37-9856-9d0f6745b72a'),
 ('345', '369', 'en_gb', 'asdasd', '<hr /><p>\n</p>\n<p>asd</p>', NULL, NULL, NULL, NULL, NULL, NULL, NULL, NULL, NULL, NULL, NULL, NULL, NULL, NULL, NULL, NULL, NULL, NULL, NULL, NULL, NULL, '2018-02-26 15:49:14', '2018-02-26 16:39:50', 'ce016337-df2b-4ab6-84e7-b8b4c27bf459'),
 ('346', '370', 'en_gb', 'Justin Gallaher', NULL, NULL, NULL, NULL, NULL, NULL, NULL, NULL, NULL, NULL, NULL, NULL, NULL, NULL, NULL, NULL, NULL, NULL, NULL, NULL, NULL, NULL, '2018-02-26 16:39:39', '2018-03-05 16:17:19', '64afeba7-f0b0-49d2-aafc-a459798d30c3'),
 ('347', '371', 'en_gb', 'Testtesttest', NULL, NULL, NULL, NULL, NULL, NULL, NULL, NULL, NULL, NULL, NULL, NULL, NULL, NULL, NULL, NULL, NULL, NULL, NULL, NULL, NULL, NULL, '2018-02-27 13:19:40', '2018-03-05 16:17:21', '6ddca33a-573f-4252-831e-7c63228e93ad'),
 ('348', '372', 'en_gb', 'Cacc01B Grey Text', NULL, NULL, NULL, NULL, NULL, NULL, NULL, NULL, NULL, NULL, NULL, NULL, NULL, NULL, NULL, NULL, NULL, NULL, NULL, NULL, NULL, NULL, '2018-02-27 15:50:23', '2018-03-05 16:17:20', '6bfb8911-e93b-4ad3-8bd0-db2454921d87'),
 ('349', '373', 'en_gb', '63Af28B House', NULL, NULL, NULL, NULL, NULL, NULL, NULL, NULL, NULL, NULL, NULL, NULL, NULL, NULL, NULL, NULL, NULL, NULL, NULL, NULL, NULL, NULL, '2018-02-27 15:50:27', '2018-03-05 16:17:16', 'addc5596-3d7e-40bf-b0b1-e3bb2b8ecb80'),
 ('350', '374', 'en_gb', '74Ac968 Grey Text', NULL, NULL, NULL, NULL, NULL, NULL, NULL, NULL, NULL, NULL, NULL, NULL, NULL, NULL, NULL, NULL, NULL, NULL, NULL, NULL, NULL, NULL, '2018-02-27 15:50:30', '2018-03-05 16:17:17', '25f32135-8fbf-4643-bede-5dbc72959351'),
 ('351', '375', 'en_gb', '73Ae604 Grey Text', NULL, NULL, NULL, NULL, NULL, NULL, NULL, NULL, NULL, NULL, NULL, NULL, NULL, NULL, NULL, NULL, NULL, NULL, NULL, NULL, NULL, NULL, '2018-02-27 15:51:34', '2018-03-05 16:17:16', 'de26e10d-4054-4352-b98e-f3abfe8335a5'),
 ('352', '376', 'en_gb', '4357612 Footer Logo', NULL, NULL, NULL, NULL, NULL, NULL, NULL, NULL, NULL, NULL, NULL, NULL, NULL, NULL, NULL, NULL, NULL, NULL, NULL, NULL, NULL, NULL, '2018-02-27 15:51:37', '2018-03-05 16:17:15', '20fe9885-ea02-4ed6-8e98-b3fb3162b408'),
 ('353', '377', 'en_gb', '1D04815 Footer Logo', NULL, NULL, NULL, NULL, NULL, NULL, NULL, NULL, NULL, NULL, NULL, NULL, NULL, NULL, NULL, NULL, NULL, NULL, NULL, NULL, NULL, NULL, '2018-02-27 15:51:47', '2018-03-05 16:17:15', '4acda02b-5872-45e9-8b76-b3a798da133d'),
 ('354', '378', 'en_gb', '00Dfc91 Grey Text', NULL, NULL, NULL, NULL, NULL, NULL, NULL, NULL, NULL, NULL, NULL, NULL, NULL, NULL, NULL, NULL, NULL, NULL, NULL, NULL, NULL, NULL, '2018-02-27 15:51:47', '2018-03-05 16:17:14', 'f9757790-cf5f-4117-b06c-0a41a1a6ce32'),
 ('355', '379', 'en_gb', 'D65E602 House', NULL, NULL, NULL, NULL, NULL, NULL, NULL, NULL, NULL, NULL, NULL, NULL, NULL, NULL, NULL, NULL, NULL, NULL, NULL, NULL, NULL, NULL, '2018-02-27 16:03:47', '2018-03-05 16:17:20', '489dd1aa-562f-48c3-9b7a-28f8479401d3'),
 ('356', '380', 'en_gb', 'A6Dd58F House', NULL, NULL, NULL, NULL, NULL, NULL, NULL, NULL, NULL, NULL, NULL, NULL, NULL, NULL, NULL, NULL, NULL, NULL, NULL, NULL, NULL, NULL, '2018-02-27 16:04:39', '2018-03-05 16:17:18', '6152be45-3c20-4409-afb4-f817e19bb897'),
 ('357', '381', 'en_gb', '95B2Ad6 House', NULL, NULL, NULL, NULL, NULL, NULL, NULL, NULL, NULL, NULL, NULL, NULL, NULL, NULL, NULL, NULL, NULL, NULL, NULL, NULL, NULL, NULL, '2018-02-27 16:05:14', '2018-03-05 16:17:18', 'd14eca03-fd92-4164-aced-e08a70942086'),
 ('358', '382', 'en_gb', 'E3A6Fb8 House', NULL, NULL, NULL, NULL, NULL, NULL, NULL, NULL, NULL, NULL, NULL, NULL, NULL, NULL, NULL, NULL, NULL, NULL, NULL, NULL, NULL, NULL, '2018-02-27 16:05:25', '2018-03-05 16:17:21', '54352084-c4f0-41dc-9eb0-2475a025fd36'),
 ('359', '383', 'en_gb', '77335C2 Key', NULL, NULL, NULL, NULL, NULL, NULL, NULL, NULL, NULL, NULL, NULL, NULL, NULL, NULL, NULL, NULL, NULL, NULL, NULL, NULL, NULL, NULL, '2018-02-27 16:05:38', '2018-03-05 16:17:17', '48f7436f-f018-45ed-af2c-7081b7218a14'),
 ('360', '384', 'en_gb', '7Fcf396 Defaultuserphoto', NULL, NULL, NULL, NULL, NULL, NULL, NULL, NULL, NULL, NULL, NULL, NULL, NULL, NULL, NULL, NULL, NULL, NULL, NULL, NULL, NULL, NULL, '2018-02-27 16:12:17', '2018-03-05 16:17:17', '69cec397-ff24-417f-9b0f-8f26963510c4'),
 ('361', '385', 'en_gb', 'F391C87 Grey Text', NULL, NULL, NULL, NULL, NULL, NULL, NULL, NULL, NULL, NULL, NULL, NULL, NULL, NULL, NULL, NULL, NULL, NULL, NULL, NULL, NULL, NULL, '2018-02-27 16:12:17', '2018-03-05 16:17:22', 'd3cbcb10-f510-4eec-a042-9d43eb0a9102'),
 ('362', '386', 'en_gb', '9F2Afff Key', NULL, NULL, NULL, NULL, NULL, NULL, NULL, NULL, NULL, NULL, NULL, NULL, NULL, NULL, NULL, NULL, NULL, NULL, NULL, NULL, NULL, NULL, '2018-02-27 16:12:17', '2018-03-05 16:17:18', 'c83bd8da-db47-4dd8-822e-40a02c4d66a6'),
 ('363', '387', 'en_gb', '88Be340 Defaultuserphoto', NULL, NULL, NULL, NULL, NULL, NULL, NULL, NULL, NULL, NULL, NULL, NULL, NULL, NULL, NULL, NULL, NULL, NULL, NULL, NULL, NULL, NULL, '2018-02-27 16:12:54', '2018-03-05 16:17:17', '9fe40320-f2e9-4501-afa6-1ac715e0d787'),
 ('364', '388', 'en_gb', '0Be89Bd Grey Text', NULL, NULL, NULL, NULL, NULL, NULL, NULL, NULL, NULL, NULL, NULL, NULL, NULL, NULL, NULL, NULL, NULL, NULL, NULL, NULL, NULL, NULL, '2018-02-27 16:12:54', '2018-03-05 16:17:15', 'a0ba1c3c-19a0-45a8-bf02-deb84853bd9f'),
 ('365', '389', 'en_gb', '3B91Adf Key', NULL, NULL, NULL, NULL, NULL, NULL, NULL, NULL, NULL, NULL, NULL, NULL, NULL, NULL, NULL, NULL, NULL, NULL, NULL, NULL, NULL, NULL, '2018-02-27 16:12:54', '2018-03-05 16:17:15', '3cbd122d-08cc-410c-9822-e866bdc4e67e'),
 ('366', '390', 'en_gb', '8Be0521 Defaultuserphoto', NULL, NULL, NULL, NULL, NULL, NULL, NULL, NULL, NULL, NULL, NULL, NULL, NULL, NULL, NULL, NULL, NULL, NULL, NULL, NULL, NULL, NULL, '2018-02-27 16:13:23', '2018-03-05 16:17:17', '84a20d0b-6474-4bb5-ac86-3564e37c4927'),
 ('367', '391', 'en_gb', 'Eb8B7D1 Grey Text', NULL, NULL, NULL, NULL, NULL, NULL, NULL, NULL, NULL, NULL, NULL, NULL, NULL, NULL, NULL, NULL, NULL, NULL, NULL, NULL, NULL, NULL, '2018-02-27 16:13:24', '2018-03-05 16:17:21', '16f9ebeb-ff3c-4047-a187-a57481843dec'),
 ('368', '392', 'en_gb', '9A82983 Key', NULL, NULL, NULL, NULL, NULL, NULL, NULL, NULL, NULL, NULL, NULL, NULL, NULL, NULL, NULL, NULL, NULL, NULL, NULL, NULL, NULL, NULL, '2018-02-27 16:13:24', '2018-03-05 16:17:18', '83ff194d-0f06-4e88-a634-3a82acc20647'),
 ('369', '393', 'en_gb', 'Aac62Cb Defaultuserphoto', NULL, NULL, NULL, NULL, NULL, NULL, NULL, NULL, NULL, NULL, NULL, NULL, NULL, NULL, NULL, NULL, NULL, NULL, NULL, NULL, NULL, NULL, '2018-02-27 16:18:34', '2018-03-05 16:17:19', '544a3293-8fb8-41a9-9730-3fdc41604365'),
 ('370', '394', 'en_gb', '8A3A74E Grey Text', NULL, NULL, NULL, NULL, NULL, NULL, NULL, NULL, NULL, NULL, NULL, NULL, NULL, NULL, NULL, NULL, NULL, NULL, NULL, NULL, NULL, NULL, '2018-02-27 16:18:34', '2018-03-05 16:17:17', '8fc104e4-bd11-4ce1-857e-c8774be5dccd'),
 ('371', '395', 'en_gb', 'Dd1Bb83 Key', NULL, NULL, NULL, NULL, NULL, NULL, NULL, NULL, NULL, NULL, NULL, NULL, NULL, NULL, NULL, NULL, NULL, NULL, NULL, NULL, NULL, NULL, '2018-02-27 16:18:35', '2018-03-05 16:17:20', '31e1d7b0-4265-4e3a-b0cd-52b6cc2da7bb'),
 ('372', '396', 'en_gb', '8397C66 Defaultuserphoto', NULL, NULL, NULL, NULL, NULL, NULL, NULL, NULL, NULL, NULL, NULL, NULL, NULL, NULL, NULL, NULL, NULL, NULL, NULL, NULL, NULL, NULL, '2018-02-27 16:19:29', '2018-03-05 16:17:17', 'af9be198-d155-4533-8c56-91efd7bd8635'),
 ('373', '397', 'en_gb', 'Add59D3 Grey Text', NULL, NULL, NULL, NULL, NULL, NULL, NULL, NULL, NULL, NULL, NULL, NULL, NULL, NULL, NULL, NULL, NULL, NULL, NULL, NULL, NULL, NULL, '2018-02-27 16:19:29', '2018-03-05 16:17:19', '841d2e65-bf93-46b4-a056-314c613db64b'),
 ('374', '398', 'en_gb', '893Ca75 Key', NULL, NULL, NULL, NULL, NULL, NULL, NULL, NULL, NULL, NULL, NULL, NULL, NULL, NULL, NULL, NULL, NULL, NULL, NULL, NULL, NULL, NULL, '2018-02-27 16:19:29', '2018-03-05 16:17:17', 'f9d6a966-c522-421f-ba6e-8f511c730283'),
 ('375', '399', 'en_gb', 'A704D27 Defaultuserphoto', NULL, NULL, NULL, NULL, NULL, NULL, NULL, NULL, NULL, NULL, NULL, NULL, NULL, NULL, NULL, NULL, NULL, NULL, NULL, NULL, NULL, NULL, '2018-02-27 16:19:48', '2018-03-05 16:17:18', 'e67a256c-ae26-4b8b-a641-c696b32a0cbb'),
 ('376', '400', 'en_gb', 'B231Bba Grey Text', NULL, NULL, NULL, NULL, NULL, NULL, NULL, NULL, NULL, NULL, NULL, NULL, NULL, NULL, NULL, NULL, NULL, NULL, NULL, NULL, NULL, NULL, '2018-02-27 16:19:48', '2018-03-05 16:17:19', 'c109f5be-5e2b-42be-8122-f349df5ce0c6'),
 ('377', '401', 'en_gb', 'Bf81B01 Key', NULL, NULL, NULL, NULL, NULL, NULL, NULL, NULL, NULL, NULL, NULL, NULL, NULL, NULL, NULL, NULL, NULL, NULL, NULL, NULL, NULL, NULL, '2018-02-27 16:19:48', '2018-03-05 16:17:19', 'f6541735-8b3c-49a4-8ea0-ddf65776f3c1'),
 ('378', '402', 'en_gb', 'Dc877Ee Logo', NULL, NULL, NULL, NULL, NULL, NULL, NULL, NULL, NULL, NULL, NULL, NULL, NULL, NULL, NULL, NULL, NULL, NULL, NULL, NULL, NULL, NULL, '2018-02-27 16:19:49', '2018-03-05 16:17:20', '3db053be-a90c-4680-ade7-b1f28d88fa7d'),
 ('379', '403', 'en_gb', '951276D Orange Text', NULL, NULL, NULL, NULL, NULL, NULL, NULL, NULL, NULL, NULL, NULL, NULL, NULL, NULL, NULL, NULL, NULL, NULL, NULL, NULL, NULL, NULL, '2018-02-27 16:19:49', '2018-03-05 16:17:17', '2650a20b-c6b8-47ce-a85d-7c24872c1860'),
 ('380', '404', 'en_gb', 'A5E2Fa8 Key', NULL, NULL, NULL, NULL, NULL, NULL, NULL, NULL, NULL, NULL, NULL, NULL, NULL, NULL, NULL, NULL, NULL, NULL, NULL, NULL, NULL, NULL, '2018-02-27 16:20:01', '2018-03-05 16:17:18', 'a6dc1d61-c854-4992-9e2f-d73a0e0ef552'),
 ('381', '405', 'en_gb', 'F244921 Logo', NULL, NULL, NULL, NULL, NULL, NULL, NULL, NULL, NULL, NULL, NULL, NULL, NULL, NULL, NULL, NULL, NULL, NULL, NULL, NULL, NULL, NULL, '2018-02-27 16:20:01', '2018-03-05 16:17:22', '9dce7af4-95d4-449d-ab5e-7ab25d1319c3'),
 ('382', '406', 'en_gb', '6Cbaf73 Orange Text', NULL, NULL, NULL, NULL, NULL, NULL, NULL, NULL, NULL, NULL, NULL, NULL, NULL, NULL, NULL, NULL, NULL, NULL, NULL, NULL, NULL, NULL, '2018-02-27 16:20:01', '2018-03-05 16:17:16', '273cf31e-1040-47c8-a3c4-5881de236f7a'),
 ('383', '407', 'en_gb', NULL, NULL, 'f', 'f', 'f', '', NULL, '', '', '', '', '', '', NULL, NULL, NULL, NULL, NULL, NULL, NULL, NULL, NULL, NULL, '2018-02-28 10:04:10', '2018-02-28 10:04:10', '59e3386d-39fe-49a0-a1f2-dd917764ebc3'),
 ('384', '408', 'en_gb', '4B44E49 Platform Device Cluster Group 171016 113142', NULL, NULL, NULL, NULL, NULL, NULL, NULL, NULL, NULL, NULL, NULL, NULL, NULL, NULL, NULL, NULL, NULL, NULL, NULL, NULL, NULL, NULL, '2018-03-01 10:47:55', '2018-03-05 16:17:16', '6dd1724b-47d7-47c6-b0a0-e2f8aac10e9b'),
 ('385', '409', 'en_gb', 'Defaultuserphoto', NULL, NULL, NULL, NULL, NULL, NULL, NULL, NULL, NULL, NULL, NULL, NULL, NULL, NULL, NULL, NULL, NULL, NULL, NULL, NULL, NULL, NULL, '2018-03-01 10:48:02', '2018-03-05 16:17:24', '5c236839-c6b5-4a88-8734-56a53cfd3c17'),
 ('387', '411', 'en_gb', '6C3F04E Poster', NULL, NULL, NULL, NULL, NULL, NULL, NULL, NULL, NULL, NULL, NULL, NULL, NULL, NULL, NULL, NULL, NULL, NULL, NULL, NULL, NULL, NULL, '2018-03-01 10:50:05', '2018-03-05 16:17:16', 'd70fc36f-a64d-4d7b-bfe8-1454454c9f72'),
 ('388', '412', 'en_gb', 'House', NULL, NULL, NULL, NULL, NULL, NULL, NULL, NULL, NULL, NULL, NULL, NULL, NULL, NULL, NULL, NULL, NULL, NULL, NULL, NULL, NULL, NULL, '2018-03-01 10:50:27', '2018-03-05 16:17:23', '19f73c02-0275-4754-9079-2ea0d9824f11'),
 ('390', '414', 'en_gb', '7329Bae  Justin  Gallaher', NULL, NULL, NULL, NULL, NULL, NULL, NULL, NULL, NULL, NULL, NULL, NULL, NULL, NULL, NULL, NULL, NULL, NULL, NULL, NULL, NULL, NULL, '2018-03-05 16:01:23', '2018-03-05 16:17:16', '530ad013-0d05-4331-ab7f-b15c9fc50f42'),
 ('391', '415', 'en_gb', '57A5F46  Bright 1519639355286', NULL, NULL, NULL, NULL, NULL, NULL, NULL, NULL, NULL, NULL, NULL, NULL, NULL, NULL, NULL, NULL, NULL, NULL, NULL, NULL, NULL, NULL, '2018-03-05 16:02:29', '2018-03-05 16:02:29', 'f90e802d-bd95-4f67-b4cc-317d5f8afc0f'),
 ('392', '416', 'en_gb', 'Bfab748  Bright 1519639355286', NULL, NULL, NULL, NULL, NULL, NULL, NULL, NULL, NULL, NULL, NULL, NULL, NULL, NULL, NULL, NULL, NULL, NULL, NULL, NULL, NULL, NULL, '2018-03-05 16:05:37', '2018-03-05 16:05:37', 'd7f55e63-c4bb-4fd8-802b-f1aa807e196d'),
 ('393', '417', 'en_gb', '8D7Caf2  After  Entrance  Hall', NULL, NULL, NULL, NULL, NULL, NULL, NULL, NULL, NULL, NULL, NULL, NULL, NULL, NULL, NULL, NULL, NULL, NULL, NULL, NULL, NULL, NULL, '2018-03-05 16:07:01', '2018-03-05 16:17:23', '23fce44d-f66c-47a0-af60-c94ad6d79657'),
 ('394', '418', 'en_gb', 'Ff6Cdb9  After  Garden  View', NULL, NULL, NULL, NULL, NULL, NULL, NULL, NULL, NULL, NULL, NULL, NULL, NULL, NULL, NULL, NULL, NULL, NULL, NULL, NULL, NULL, NULL, '2018-03-05 16:07:01', '2018-03-05 16:17:23', '72b6b46b-cb73-4af1-82d8-c4a5de38cdfc'),
 ('395', '419', 'en_gb', '0B21171  After  Front  Elevation', NULL, NULL, NULL, NULL, NULL, NULL, NULL, NULL, NULL, NULL, NULL, NULL, NULL, NULL, NULL, NULL, NULL, NULL, NULL, NULL, NULL, NULL, '2018-03-05 16:07:01', '2018-03-05 16:17:22', 'de5500c7-c424-48a5-8857-d140ea7b59f6'),
 ('396', '420', 'en_gb', 'C4Ad654  After  Kitchen', NULL, NULL, NULL, NULL, NULL, NULL, NULL, NULL, NULL, NULL, NULL, NULL, NULL, NULL, NULL, NULL, NULL, NULL, NULL, NULL, NULL, NULL, '2018-03-05 16:07:13', '2018-03-05 16:17:20', '100643ae-ce3b-40aa-96df-877549041764'),
 ('397', '421', 'en_gb', 'C86C314  After  Pellet  Boiler', NULL, NULL, NULL, NULL, NULL, NULL, NULL, NULL, NULL, NULL, NULL, NULL, NULL, NULL, NULL, NULL, NULL, NULL, NULL, NULL, NULL, NULL, '2018-03-05 16:07:13', '2018-03-05 16:17:20', '53d2bd1c-f962-4bd1-938d-8bea23318375'),
 ('398', '422', 'en_gb', '553756E  After  Master  Bedroom', NULL, NULL, NULL, NULL, NULL, NULL, NULL, NULL, NULL, NULL, NULL, NULL, NULL, NULL, NULL, NULL, NULL, NULL, NULL, NULL, NULL, NULL, '2018-03-05 16:07:13', '2018-03-05 16:17:16', 'e3ca14dd-7754-428f-a6a5-d2bac192c959'),
 ('399', '423', 'en_gb', 'Cce4608  After  Staircase', NULL, NULL, NULL, NULL, NULL, NULL, NULL, NULL, NULL, NULL, NULL, NULL, NULL, NULL, NULL, NULL, NULL, NULL, NULL, NULL, NULL, NULL, '2018-03-05 16:07:15', '2018-03-05 16:17:20', 'd15ccec9-7c50-4a2c-b4b2-5083862d9ace'),
 ('400', '424', 'en_gb', '0408Ea8  Before  Front  Elevation', NULL, NULL, NULL, NULL, NULL, NULL, NULL, NULL, NULL, NULL, NULL, NULL, NULL, NULL, NULL, NULL, NULL, NULL, NULL, NULL, NULL, NULL, '2018-03-05 16:07:15', '2018-03-05 16:17:15', 'caf2a60a-25ba-4c1b-99c7-8662c1328142'),
 ('401', '425', 'en_gb', 'After Dining Room', NULL, NULL, NULL, NULL, NULL, NULL, NULL, NULL, NULL, NULL, NULL, NULL, NULL, NULL, NULL, NULL, NULL, NULL, NULL, NULL, NULL, NULL, '2018-03-05 16:07:30', '2018-03-05 16:17:23', 'c935e0ab-7c76-4dc2-ac77-fac7c5ed6ea6'),
 ('403', '427', 'en_gb', 'Ezgif Com Optimize', NULL, NULL, NULL, NULL, NULL, NULL, NULL, NULL, NULL, NULL, NULL, NULL, NULL, NULL, NULL, NULL, NULL, NULL, NULL, NULL, NULL, NULL, '2018-03-05 16:17:24', '2018-03-05 16:17:24', '789efcfc-9c62-43dd-b86f-df81204f43b9');
INSERT INTO `craft_content` (`id`, `elementId`, `locale`, `title`, `field_body`, `field_ajaMembershipNo`, `field_arbMembershipNo`, `field_ribaMembershipNo`, `field_phoneNumber`, `field_personalProfile`, `field_facebookLink`, `field_twitterLink`, `field_instagramLink`, `field_linkedinLink`, `field_pinterestLink`, `field_companyWebsite`, `field_company`, `field_location`, `field_website`, `field_architect`, `field_abstract`, `field_leadingParagraph`, `field_youtubeUrl`, `field_quote`, `field_quoteName`, `field_quotePosition`, `dateCreated`, `dateUpdated`, `uid`) VALUES
 ('404', '428', 'en_gb', '683Da37  After  Kitchen', NULL, NULL, NULL, NULL, NULL, NULL, NULL, NULL, NULL, NULL, NULL, NULL, NULL, NULL, NULL, NULL, NULL, NULL, NULL, NULL, NULL, NULL, '2018-03-05 16:36:01', '2018-03-05 16:36:01', 'c43824ee-0561-44a3-80d8-4d0b9b28fb22'),
 ('405', '429', 'en_gb', 'Df5921E  During (2)', NULL, NULL, NULL, NULL, NULL, NULL, NULL, NULL, NULL, NULL, NULL, NULL, NULL, NULL, NULL, NULL, NULL, NULL, NULL, NULL, NULL, NULL, '2018-03-05 16:45:19', '2018-03-05 16:45:19', '6973e59b-9ace-44c7-9a29-cd0db12e5247'),
 ('406', '430', 'en_gb', 'B904B1B  Before  Front  Elevation', NULL, NULL, NULL, NULL, NULL, NULL, NULL, NULL, NULL, NULL, NULL, NULL, NULL, NULL, NULL, NULL, NULL, NULL, NULL, NULL, NULL, NULL, '2018-03-05 16:47:12', '2018-03-05 16:47:12', 'ef00a102-1759-4581-9d30-ce2fdadf5fbe'),
 ('407', '431', 'en_gb', '87D2A40  Justin  Gallaher (1)', NULL, NULL, NULL, NULL, NULL, NULL, NULL, NULL, NULL, NULL, NULL, NULL, NULL, NULL, NULL, NULL, NULL, NULL, NULL, NULL, NULL, NULL, '2018-03-12 10:33:50', '2018-03-12 10:33:50', 'bd18839c-24c9-4d7a-93d2-5d53839a41d6'),
 ('408', '432', 'en_gb', '577725C  Justin  Gallaher (1)', NULL, NULL, NULL, NULL, NULL, NULL, NULL, NULL, NULL, NULL, NULL, NULL, NULL, NULL, NULL, NULL, NULL, NULL, NULL, NULL, NULL, NULL, '2018-03-12 12:50:28', '2018-03-12 12:50:28', '61440c24-e7a2-466e-97e4-7e42aeb7d466'),
 ('409', '433', 'en_gb', '531Caeb  During (2)', NULL, NULL, NULL, NULL, NULL, NULL, NULL, NULL, NULL, NULL, NULL, NULL, NULL, NULL, NULL, NULL, NULL, NULL, NULL, NULL, NULL, NULL, '2018-03-12 13:01:59', '2018-03-12 13:05:10', 'ca81da5f-fbb8-48fb-9974-6e4452360a99'),
 ('410', '434', 'en_gb', '2C40Cbf  After  Dining  Room', NULL, NULL, NULL, NULL, NULL, NULL, NULL, NULL, NULL, NULL, NULL, NULL, NULL, NULL, NULL, NULL, NULL, NULL, NULL, NULL, NULL, NULL, '2018-03-12 13:02:24', '2018-03-12 13:02:24', '07387d71-d3d8-4dd9-adc5-8356b3507bf0'),
 ('411', '435', 'en_gb', '91A7Faa  After  Entrance  Hall', NULL, NULL, NULL, NULL, NULL, NULL, NULL, NULL, NULL, NULL, NULL, NULL, NULL, NULL, NULL, NULL, NULL, NULL, NULL, NULL, NULL, NULL, '2018-03-12 13:02:24', '2018-03-12 13:02:24', '689088ed-0e37-45fa-927c-24829935d69a'),
 ('412', '436', 'en_gb', '556832C  After  Front  Elevation', NULL, NULL, NULL, NULL, NULL, NULL, NULL, NULL, NULL, NULL, NULL, NULL, NULL, NULL, NULL, NULL, NULL, NULL, NULL, NULL, NULL, NULL, '2018-03-12 13:02:24', '2018-03-12 13:02:24', 'e0c352bb-31fc-47fb-828c-e435415dc979'),
 ('413', '437', 'en_gb', 'Bca7954  After  Garden  View', NULL, NULL, NULL, NULL, NULL, NULL, NULL, NULL, NULL, NULL, NULL, NULL, NULL, NULL, NULL, NULL, NULL, NULL, NULL, NULL, NULL, NULL, '2018-03-12 13:02:24', '2018-03-12 13:02:24', '96cb659a-a7df-44e5-b1fc-dbed9034bee1'),
 ('414', '438', 'en_gb', '9443979  After  Kitchen', NULL, NULL, NULL, NULL, NULL, NULL, NULL, NULL, NULL, NULL, NULL, NULL, NULL, NULL, NULL, NULL, NULL, NULL, NULL, NULL, NULL, NULL, '2018-03-12 13:02:24', '2018-03-12 13:02:24', '1b9e2757-362f-4378-a11b-47dfeaaf18ac'),
 ('415', '439', 'en_gb', 'Af31814  After  Master  Bedroom', NULL, NULL, NULL, NULL, NULL, NULL, NULL, NULL, NULL, NULL, NULL, NULL, NULL, NULL, NULL, NULL, NULL, NULL, NULL, NULL, NULL, NULL, '2018-03-12 13:02:24', '2018-03-12 13:02:24', '95a34bfc-3dda-4496-8d8f-ac9460d7006c'),
 ('416', '440', 'en_gb', '0Afc5Dc  After  Pellet  Boiler', NULL, NULL, NULL, NULL, NULL, NULL, NULL, NULL, NULL, NULL, NULL, NULL, NULL, NULL, NULL, NULL, NULL, NULL, NULL, NULL, NULL, NULL, '2018-03-12 13:02:24', '2018-03-12 13:02:24', '7efae5da-c961-43ea-addb-d23d79836a14'),
 ('417', '441', 'en_gb', '335Fe2C  After  Staircase', NULL, NULL, NULL, NULL, NULL, NULL, NULL, NULL, NULL, NULL, NULL, NULL, NULL, NULL, NULL, NULL, NULL, NULL, NULL, NULL, NULL, NULL, '2018-03-12 13:02:24', '2018-03-12 13:02:24', 'd87c321f-2759-47f7-bba0-9c546388dc8b'),
 ('418', '442', 'en_gb', '1Bbf187  Before  Front  Elevation', NULL, NULL, NULL, NULL, NULL, NULL, NULL, NULL, NULL, NULL, NULL, NULL, NULL, NULL, NULL, NULL, NULL, NULL, NULL, NULL, NULL, NULL, '2018-03-12 13:02:24', '2018-03-12 13:02:24', 'd052e60d-ca5d-4f5a-b12c-f7edd1865468'),
 ('419', '443', 'en_gb', '8Fcedfc  During (2)', NULL, NULL, NULL, NULL, NULL, NULL, NULL, NULL, NULL, NULL, NULL, NULL, NULL, NULL, NULL, NULL, NULL, NULL, NULL, NULL, NULL, NULL, '2018-03-12 13:02:26', '2018-03-12 13:02:26', 'c9b36df1-1762-49c9-bd92-fe37316f0cf9'),
 ('420', '444', 'en_gb', 'B06B193  Before  Garden  View', NULL, NULL, NULL, NULL, NULL, NULL, NULL, NULL, NULL, NULL, NULL, NULL, NULL, NULL, NULL, NULL, NULL, NULL, NULL, NULL, NULL, NULL, '2018-03-12 13:02:26', '2018-03-12 13:02:26', '15b9941b-0c85-4e92-9ad4-4308a20765f3'),
 ('421', '445', 'en_gb', '6Eda5E8  After  Pellet  Boiler', NULL, NULL, NULL, NULL, NULL, NULL, NULL, NULL, NULL, NULL, NULL, NULL, NULL, NULL, NULL, NULL, NULL, NULL, NULL, NULL, NULL, NULL, '2018-03-12 13:03:31', '2018-03-12 13:03:31', 'f58bf372-3579-4fc8-84c5-5038b540618e'),
 ('422', '446', 'en_gb', 'After Front Elevation', NULL, NULL, NULL, NULL, NULL, NULL, NULL, NULL, NULL, NULL, NULL, NULL, NULL, NULL, NULL, NULL, NULL, NULL, NULL, NULL, NULL, NULL, '2018-03-12 13:05:10', '2018-03-12 13:05:10', '228a72e2-2060-4644-95be-a44561f86075'),
 ('424', '448', 'en_gb', '04D6F6C  After  Dining  Room', NULL, NULL, NULL, NULL, NULL, NULL, NULL, NULL, NULL, NULL, NULL, NULL, NULL, NULL, NULL, NULL, NULL, NULL, NULL, NULL, NULL, NULL, '2018-03-12 13:06:04', '2018-03-12 13:06:39', '3a520b08-e1f5-4c1d-a328-a6a9305250f7'),
 ('425', '449', 'en_gb', 'D3056C8  After  Entrance  Hall', NULL, NULL, NULL, NULL, NULL, NULL, NULL, NULL, NULL, NULL, NULL, NULL, NULL, NULL, NULL, NULL, NULL, NULL, NULL, NULL, NULL, NULL, '2018-03-12 13:06:04', '2018-03-12 13:06:39', '37f84b11-f651-4a94-9812-e144fac1ecb4'),
 ('426', '450', 'en_gb', '7A39702  After  Front  Elevation', NULL, NULL, NULL, NULL, NULL, NULL, NULL, NULL, NULL, NULL, NULL, NULL, NULL, NULL, NULL, NULL, NULL, NULL, NULL, NULL, NULL, NULL, '2018-03-12 13:06:04', '2018-03-12 13:06:39', 'e8e07571-12f6-4d60-a632-b4a53d206c5a'),
 ('427', '451', 'en_gb', 'E4Fd0Cc  After  Garden  View', NULL, NULL, NULL, NULL, NULL, NULL, NULL, NULL, NULL, NULL, NULL, NULL, NULL, NULL, NULL, NULL, NULL, NULL, NULL, NULL, NULL, NULL, '2018-03-12 13:06:04', '2018-03-12 13:06:39', 'a278ff38-6806-4c22-a509-f719a1b1d15c'),
 ('428', '452', 'en_gb', 'Ef10724  After  Kitchen', NULL, NULL, NULL, NULL, NULL, NULL, NULL, NULL, NULL, NULL, NULL, NULL, NULL, NULL, NULL, NULL, NULL, NULL, NULL, NULL, NULL, NULL, '2018-03-12 13:06:04', '2018-03-12 13:06:39', '2948b42e-1a61-4cf3-a003-bea6e6ee08e5'),
 ('429', '453', 'en_gb', 'Ce05D15  After  Master  Bedroom', NULL, NULL, NULL, NULL, NULL, NULL, NULL, NULL, NULL, NULL, NULL, NULL, NULL, NULL, NULL, NULL, NULL, NULL, NULL, NULL, NULL, NULL, '2018-03-12 13:06:04', '2018-03-12 13:06:39', 'c1b8c2c5-4655-46f5-8bca-7e6cb9d0be6c'),
 ('430', '454', 'en_gb', 'D49B838  After  Pellet  Boiler', NULL, NULL, NULL, NULL, NULL, NULL, NULL, NULL, NULL, NULL, NULL, NULL, NULL, NULL, NULL, NULL, NULL, NULL, NULL, NULL, NULL, NULL, '2018-03-12 13:06:04', '2018-03-12 13:06:39', 'd4a67105-ec7e-4fa1-a58c-41b6ed53970b'),
 ('431', '455', 'en_gb', 'Dee246E  After  Staircase', NULL, NULL, NULL, NULL, NULL, NULL, NULL, NULL, NULL, NULL, NULL, NULL, NULL, NULL, NULL, NULL, NULL, NULL, NULL, NULL, NULL, NULL, '2018-03-12 13:06:04', '2018-03-12 13:06:39', '80655dbe-5b98-429f-be9b-b34a52007672'),
 ('432', '456', 'en_gb', '61C6A71  Before  Front  Elevation', NULL, NULL, NULL, NULL, NULL, NULL, NULL, NULL, NULL, NULL, NULL, NULL, NULL, NULL, NULL, NULL, NULL, NULL, NULL, NULL, NULL, NULL, '2018-03-12 13:06:05', '2018-03-12 13:06:39', '652bf426-f125-4ac9-9578-0645de9db6bf'),
 ('433', '457', 'en_gb', '5D24668  Before  Garden  View', NULL, NULL, NULL, NULL, NULL, NULL, NULL, NULL, NULL, NULL, NULL, NULL, NULL, NULL, NULL, NULL, NULL, NULL, NULL, NULL, NULL, NULL, '2018-03-12 13:06:05', '2018-03-12 13:06:39', '7d67e71d-047f-43dc-b629-c77a2305368b'),
 ('434', '458', 'en_gb', '924D336  During (2)', NULL, NULL, NULL, NULL, NULL, NULL, NULL, NULL, NULL, NULL, NULL, NULL, NULL, NULL, NULL, NULL, NULL, NULL, NULL, NULL, NULL, NULL, '2018-03-12 13:06:05', '2018-03-12 13:06:39', 'bdbd9a1e-f309-4b83-9deb-be75c189917f'),
 ('435', '459', 'en_gb', 'After Pellet Boiler', NULL, NULL, NULL, NULL, NULL, NULL, NULL, NULL, NULL, NULL, NULL, NULL, NULL, NULL, NULL, NULL, NULL, NULL, NULL, NULL, NULL, NULL, '2018-03-12 13:06:38', '2018-03-12 13:06:38', 'd7bd5ca0-6dcb-4cbc-abf7-5358054755fe'),
 ('437', '461', 'en_gb', '95F7625  After  Dining  Room', NULL, NULL, NULL, NULL, NULL, NULL, NULL, NULL, NULL, NULL, NULL, NULL, NULL, NULL, NULL, NULL, NULL, NULL, NULL, NULL, NULL, NULL, '2018-03-12 13:07:53', '2018-03-12 13:07:53', '14204a59-3685-4400-a14d-0985713dce6b'),
 ('438', '462', 'en_gb', 'Fb0B6Af  After  Entrance  Hall', NULL, NULL, NULL, NULL, NULL, NULL, NULL, NULL, NULL, NULL, NULL, NULL, NULL, NULL, NULL, NULL, NULL, NULL, NULL, NULL, NULL, NULL, '2018-03-12 13:07:53', '2018-03-12 13:07:53', '8ac66fdc-96d3-4c0f-bef2-5a61c66ca008'),
 ('439', '463', 'en_gb', '3Db66B7  After  Front  Elevation', NULL, NULL, NULL, NULL, NULL, NULL, NULL, NULL, NULL, NULL, NULL, NULL, NULL, NULL, NULL, NULL, NULL, NULL, NULL, NULL, NULL, NULL, '2018-03-12 13:07:53', '2018-03-12 13:07:53', '200871de-96b0-4679-a8a9-af56f6d49c27'),
 ('440', '464', 'en_gb', 'E64E1E2  After  Garden  View', NULL, NULL, NULL, NULL, NULL, NULL, NULL, NULL, NULL, NULL, NULL, NULL, NULL, NULL, NULL, NULL, NULL, NULL, NULL, NULL, NULL, NULL, '2018-03-12 13:07:53', '2018-03-12 13:07:53', '87ed6da6-00d8-4a25-bb92-96a77c4ffb03'),
 ('441', '465', 'en_gb', '77930D4  After  Kitchen', NULL, NULL, NULL, NULL, NULL, NULL, NULL, NULL, NULL, NULL, NULL, NULL, NULL, NULL, NULL, NULL, NULL, NULL, NULL, NULL, NULL, NULL, '2018-03-12 13:07:53', '2018-03-12 13:07:53', '43db7bd2-4587-44fb-9ff1-d2b0dfb37f04'),
 ('442', '466', 'en_gb', 'Af7D865  After  Master  Bedroom', NULL, NULL, NULL, NULL, NULL, NULL, NULL, NULL, NULL, NULL, NULL, NULL, NULL, NULL, NULL, NULL, NULL, NULL, NULL, NULL, NULL, NULL, '2018-03-12 13:07:54', '2018-03-12 13:07:54', '5363b6f5-d446-440a-88de-e415619386f3'),
 ('443', '467', 'en_gb', '6D58Ef7  After  Pellet  Boiler', NULL, NULL, NULL, NULL, NULL, NULL, NULL, NULL, NULL, NULL, NULL, NULL, NULL, NULL, NULL, NULL, NULL, NULL, NULL, NULL, NULL, NULL, '2018-03-12 13:07:54', '2018-03-12 13:07:54', 'f0dfa248-4bb8-4de1-b131-bf4e3f18425f'),
 ('444', '468', 'en_gb', 'C009Cda  After  Staircase', NULL, NULL, NULL, NULL, NULL, NULL, NULL, NULL, NULL, NULL, NULL, NULL, NULL, NULL, NULL, NULL, NULL, NULL, NULL, NULL, NULL, NULL, '2018-03-12 13:07:54', '2018-03-12 13:07:54', 'ea923937-5626-4811-bf08-0cd483981384'),
 ('445', '469', 'en_gb', 'Cbca7E9  Before  Front  Elevation', NULL, NULL, NULL, NULL, NULL, NULL, NULL, NULL, NULL, NULL, NULL, NULL, NULL, NULL, NULL, NULL, NULL, NULL, NULL, NULL, NULL, NULL, '2018-03-12 13:07:54', '2018-03-12 13:07:54', '80e53edb-7a1e-4154-8a3f-65687ea44798'),
 ('446', '470', 'en_gb', '78Ea57D  Before  Garden  View', NULL, NULL, NULL, NULL, NULL, NULL, NULL, NULL, NULL, NULL, NULL, NULL, NULL, NULL, NULL, NULL, NULL, NULL, NULL, NULL, NULL, NULL, '2018-03-12 13:07:54', '2018-03-12 13:07:54', 'b892ac9f-9339-47c4-a1f7-d871acc211cf'),
 ('447', '471', 'en_gb', '345Fffc  During (2)', NULL, NULL, NULL, NULL, NULL, NULL, NULL, NULL, NULL, NULL, NULL, NULL, NULL, NULL, NULL, NULL, NULL, NULL, NULL, NULL, NULL, NULL, '2018-03-12 13:07:54', '2018-03-12 13:07:54', '4b33a8d0-b6e1-4c70-ad7e-37ae988d9e29'),
 ('448', '472', 'en_gb', 'F0646B5  During (2)', NULL, NULL, NULL, NULL, NULL, NULL, NULL, NULL, NULL, NULL, NULL, NULL, NULL, NULL, NULL, NULL, NULL, NULL, NULL, NULL, NULL, NULL, '2018-03-12 13:25:25', '2018-03-12 13:27:18', '0e1e01c8-e961-48c9-a8ab-c9a07321117d'),
 ('449', '473', 'en_gb', 'C72Cf5A  Before  Front  Elevation', NULL, NULL, NULL, NULL, NULL, NULL, NULL, NULL, NULL, NULL, NULL, NULL, NULL, NULL, NULL, NULL, NULL, NULL, NULL, NULL, NULL, NULL, '2018-03-12 13:25:32', '2018-03-12 13:27:18', 'c1968a3e-55bc-4828-b117-43444d3832ed'),
 ('450', '474', 'en_gb', '8F2403A  Before  Garden  View', NULL, NULL, NULL, NULL, NULL, NULL, NULL, NULL, NULL, NULL, NULL, NULL, NULL, NULL, NULL, NULL, NULL, NULL, NULL, NULL, NULL, NULL, '2018-03-12 13:25:32', '2018-03-12 13:27:18', '6d40ccd4-1a5a-4730-ac69-8b9139109256'),
 ('451', '475', 'en_gb', '60A228F  After  Dining  Room', NULL, NULL, NULL, NULL, NULL, NULL, NULL, NULL, NULL, NULL, NULL, NULL, NULL, NULL, NULL, NULL, NULL, NULL, NULL, NULL, NULL, NULL, '2018-03-12 13:25:45', '2018-03-12 13:27:18', 'cba611fa-4e2d-42f7-a567-f30d92e79627'),
 ('452', '476', 'en_gb', '8C7Db55  After  Entrance  Hall', NULL, NULL, NULL, NULL, NULL, NULL, NULL, NULL, NULL, NULL, NULL, NULL, NULL, NULL, NULL, NULL, NULL, NULL, NULL, NULL, NULL, NULL, '2018-03-12 13:25:45', '2018-03-12 13:27:18', '570dcf30-cf34-42a0-91d6-f521c46ad02e'),
 ('453', '477', 'en_gb', '650F3Cb  After  Front  Elevation', NULL, NULL, NULL, NULL, NULL, NULL, NULL, NULL, NULL, NULL, NULL, NULL, NULL, NULL, NULL, NULL, NULL, NULL, NULL, NULL, NULL, NULL, '2018-03-12 13:25:45', '2018-03-12 13:27:18', '175265c2-e17a-4977-8801-217e36355ad6'),
 ('454', '478', 'en_gb', '29B501D  After  Garden  View', NULL, NULL, NULL, NULL, NULL, NULL, NULL, NULL, NULL, NULL, NULL, NULL, NULL, NULL, NULL, NULL, NULL, NULL, NULL, NULL, NULL, NULL, '2018-03-12 13:25:46', '2018-03-12 13:27:18', 'ebef4e38-38c5-449a-b318-1cfbda152f7c'),
 ('455', '479', 'en_gb', '0E63690  After  Kitchen', NULL, NULL, NULL, NULL, NULL, NULL, NULL, NULL, NULL, NULL, NULL, NULL, NULL, NULL, NULL, NULL, NULL, NULL, NULL, NULL, NULL, NULL, '2018-03-12 13:25:46', '2018-03-12 13:27:18', 'd1b3ac82-f53e-4569-bf52-929805f7dbf2'),
 ('456', '480', 'en_gb', '3403Ab6  After  Master  Bedroom', NULL, NULL, NULL, NULL, NULL, NULL, NULL, NULL, NULL, NULL, NULL, NULL, NULL, NULL, NULL, NULL, NULL, NULL, NULL, NULL, NULL, NULL, '2018-03-12 13:25:46', '2018-03-12 13:27:18', 'c7f058ee-99a2-41b4-a81c-654c78fb10c3'),
 ('457', '481', 'en_gb', '991Ffaf  After  Pellet  Boiler', NULL, NULL, NULL, NULL, NULL, NULL, NULL, NULL, NULL, NULL, NULL, NULL, NULL, NULL, NULL, NULL, NULL, NULL, NULL, NULL, NULL, NULL, '2018-03-12 13:25:46', '2018-03-12 13:25:46', '51b52bcd-6af1-4c74-908f-635ad062a0a5'),
 ('458', '482', 'en_gb', '99B608F  After  Staircase', NULL, NULL, NULL, NULL, NULL, NULL, NULL, NULL, NULL, NULL, NULL, NULL, NULL, NULL, NULL, NULL, NULL, NULL, NULL, NULL, NULL, NULL, '2018-03-12 13:25:46', '2018-03-12 13:27:19', 'db2c906f-f654-46ca-a7d0-9ba060447017'),
 ('459', '483', 'en_gb', '86Ac71F  Before  Front  Elevation', NULL, NULL, NULL, NULL, NULL, NULL, NULL, NULL, NULL, NULL, NULL, NULL, NULL, NULL, NULL, NULL, NULL, NULL, NULL, NULL, NULL, NULL, '2018-03-12 13:25:46', '2018-03-12 13:27:19', '6963b154-593e-441c-945e-7ad717a89d2f'),
 ('460', '484', 'en_gb', '7F8Cc79  Before  Garden  View', NULL, NULL, NULL, NULL, NULL, NULL, NULL, NULL, NULL, NULL, NULL, NULL, NULL, NULL, NULL, NULL, NULL, NULL, NULL, NULL, NULL, NULL, '2018-03-12 13:25:46', '2018-03-12 13:27:19', '37cdd4c9-ee5a-46dc-9f99-364ab33e1c0e'),
 ('461', '485', 'en_gb', '1461Db3  During (2)', NULL, NULL, NULL, NULL, NULL, NULL, NULL, NULL, NULL, NULL, NULL, NULL, NULL, NULL, NULL, NULL, NULL, NULL, NULL, NULL, NULL, NULL, '2018-03-12 13:25:46', '2018-03-12 13:27:19', 'dc76e4d1-18a6-4e3f-acbf-679e3c785b5a'),
 ('462', '486', 'en_gb', '017E50A  After  Pellet  Boiler', NULL, NULL, NULL, NULL, NULL, NULL, NULL, NULL, NULL, NULL, NULL, NULL, NULL, NULL, NULL, NULL, NULL, NULL, NULL, NULL, NULL, NULL, '2018-03-12 13:26:44', '2018-03-12 13:26:44', 'd25dab56-9567-481d-aff2-cc5e08f5633d'),
 ('463', '487', 'en_gb', '4C08Ad2  After  Front  Elevation', NULL, NULL, NULL, NULL, NULL, NULL, NULL, NULL, NULL, NULL, NULL, NULL, NULL, NULL, NULL, NULL, NULL, NULL, NULL, NULL, NULL, NULL, '2018-03-12 13:26:54', '2018-03-12 13:27:19', '953e5a88-5675-4f3e-810c-8633a19692fc'),
 ('464', '488', 'en_gb', '2D1F6Cf  After  Garden  View', NULL, NULL, NULL, NULL, NULL, NULL, NULL, NULL, NULL, NULL, NULL, NULL, NULL, NULL, NULL, NULL, NULL, NULL, NULL, NULL, NULL, NULL, '2018-03-12 13:26:58', '2018-03-12 13:27:19', '0533143c-469c-482d-8e19-b5aa3f9bfa3c'),
 ('465', '489', 'en_gb', 'Cc5Bb00  After  Kitchen', NULL, NULL, NULL, NULL, NULL, NULL, NULL, NULL, NULL, NULL, NULL, NULL, NULL, NULL, NULL, NULL, NULL, NULL, NULL, NULL, NULL, NULL, '2018-03-12 13:27:12', '2018-03-12 13:27:19', 'b76ebf0a-89a7-46de-b6a6-b0c7dcea5318'),
 ('466', '490', 'en_gb', 'After Garden View', NULL, NULL, NULL, NULL, NULL, NULL, NULL, NULL, NULL, NULL, NULL, NULL, NULL, NULL, NULL, NULL, NULL, NULL, NULL, NULL, NULL, NULL, '2018-03-12 13:27:18', '2018-03-12 13:27:18', '319dbd99-59d6-45c1-afa1-7172bb5ee6e1'),
 ('467', '491', 'en_gb', 'Le Rocher', NULL, NULL, NULL, NULL, NULL, NULL, NULL, NULL, NULL, NULL, NULL, NULL, 'Gallaher Architects', 'La Rue du Mont Pellier, Trinity', 'architects.je', NULL, 'This project involved refurbishing the existing cottage and replacing substandard extensions into a new contemporary family home.', NULL, '', 'The client was also very keen to have a sustainable house and has installed a pellet boiler, to embrace biodiversity credentials.', 'Justin Gallaher', 'Gallaher Architects', '2018-03-12 13:27:18', '2018-03-12 13:27:18', '8ebdf142-287f-44a8-8991-4a53aa455ec9');



DROP TABLE IF EXISTS `craft_deprecationerrors`;


--
-- Schema for table `craft_deprecationerrors`
--
CREATE TABLE `craft_deprecationerrors` (
  `id` int(11) NOT NULL AUTO_INCREMENT,
  `key` varchar(255) COLLATE utf8_unicode_ci NOT NULL,
  `fingerprint` varchar(255) COLLATE utf8_unicode_ci NOT NULL,
  `lastOccurrence` datetime NOT NULL,
  `file` varchar(255) COLLATE utf8_unicode_ci NOT NULL,
  `line` smallint(6) unsigned NOT NULL,
  `class` varchar(255) COLLATE utf8_unicode_ci DEFAULT NULL,
  `method` varchar(255) COLLATE utf8_unicode_ci DEFAULT NULL,
  `template` varchar(255) COLLATE utf8_unicode_ci DEFAULT NULL,
  `templateLine` smallint(6) unsigned DEFAULT NULL,
  `message` varchar(255) COLLATE utf8_unicode_ci DEFAULT NULL,
  `traces` text COLLATE utf8_unicode_ci,
  `dateCreated` datetime NOT NULL,
  `dateUpdated` datetime NOT NULL,
  `uid` char(36) COLLATE utf8_unicode_ci NOT NULL DEFAULT '0',
  PRIMARY KEY (`id`),
  UNIQUE KEY `craft_deprecationerrors_key_fingerprint_unq_idx` (`key`,`fingerprint`)
) ENGINE=InnoDB DEFAULT CHARSET=utf8 COLLATE=utf8_unicode_ci;

DROP TABLE IF EXISTS `craft_elementindexsettings`;


--
-- Schema for table `craft_elementindexsettings`
--
CREATE TABLE `craft_elementindexsettings` (
  `id` int(11) NOT NULL AUTO_INCREMENT,
  `type` varchar(150) COLLATE utf8_unicode_ci NOT NULL,
  `settings` text COLLATE utf8_unicode_ci,
  `dateCreated` datetime NOT NULL,
  `dateUpdated` datetime NOT NULL,
  `uid` char(36) COLLATE utf8_unicode_ci NOT NULL DEFAULT '0',
  PRIMARY KEY (`id`),
  UNIQUE KEY `craft_elementindexsettings_type_unq_idx` (`type`)
) ENGINE=InnoDB AUTO_INCREMENT=3 DEFAULT CHARSET=utf8 COLLATE=utf8_unicode_ci;

--
-- Data for table `craft_elementindexsettings`
--

INSERT INTO `craft_elementindexsettings` (`id`, `type`, `settings`, `dateCreated`, `dateUpdated`, `uid`) VALUES
 ('1', 'Asset', '{\"sources\":{\"folder:1\":{\"tableAttributes\":{\"1\":\"filename\",\"2\":\"size\",\"3\":\"dateModified\",\"4\":\"id\",\"5\":\"kind\",\"6\":\"imageSize\",\"7\":\"width\",\"8\":\"height\",\"9\":\"dateCreated\",\"10\":\"dateUpdated\"}}}}', '2018-02-02 12:26:21', '2018-03-05 16:36:25', '27e73ae3-bbd0-4eb6-a2a2-3c4762759768'),
 ('2', 'Entry', '{\"sources\":{\"section:2\":{\"tableAttributes\":{\"1\":\"postDate\",\"2\":\"expiryDate\",\"3\":\"author\",\"4\":\"link\",\"5\":\"field:39\"}}}}', '2018-02-27 13:30:34', '2018-02-27 13:30:34', '3f5ea0ae-9330-4115-b7b5-76bda14aae78');



DROP TABLE IF EXISTS `craft_elements`;


--
-- Schema for table `craft_elements`
--
CREATE TABLE `craft_elements` (
  `id` int(11) NOT NULL AUTO_INCREMENT,
  `type` varchar(150) COLLATE utf8_unicode_ci NOT NULL,
  `enabled` tinyint(1) unsigned NOT NULL DEFAULT '1',
  `archived` tinyint(1) unsigned NOT NULL DEFAULT '0',
  `dateCreated` datetime NOT NULL,
  `dateUpdated` datetime NOT NULL,
  `uid` char(36) COLLATE utf8_unicode_ci NOT NULL DEFAULT '0',
  PRIMARY KEY (`id`),
  KEY `craft_elements_type_idx` (`type`),
  KEY `craft_elements_enabled_idx` (`enabled`),
  KEY `craft_elements_archived_dateCreated_idx` (`archived`,`dateCreated`)
) ENGINE=InnoDB AUTO_INCREMENT=492 DEFAULT CHARSET=utf8 COLLATE=utf8_unicode_ci;

--
-- Data for table `craft_elements`
--

INSERT INTO `craft_elements` (`id`, `type`, `enabled`, `archived`, `dateCreated`, `dateUpdated`, `uid`) VALUES
 ('1', 'User', '1', '0', '2018-01-18 10:53:34', '2018-02-28 12:39:03', 'af2fa7ac-ac84-44c0-ae94-f950173b1e4f'),
 ('2', 'Entry', '1', '0', '2018-01-18 10:53:40', '2018-01-18 10:53:40', '40d66dda-8af4-428f-a8e7-78fdd9f1d252'),
 ('4', 'Entry', '1', '0', '2018-01-26 15:51:25', '2018-02-22 10:30:11', '073c266e-4265-47b3-bf39-1cdc5c723ff1'),
 ('6', 'Asset', '1', '0', '2018-01-30 11:17:18', '2018-03-05 16:17:22', 'fcc8ffa0-4adf-4df5-b7ad-5ee8383f6c7d'),
 ('9', 'Asset', '1', '0', '2018-01-30 12:32:33', '2018-03-05 16:17:21', 'e232c0fe-484c-4ba1-824c-8e175c38f0c1'),
 ('10', 'Asset', '1', '0', '2018-01-30 12:32:33', '2018-03-05 16:17:21', 'a99e87e9-02b4-4a5d-b74f-f1849454ecb0'),
 ('18', 'Asset', '1', '0', '2018-01-30 13:31:15', '2018-03-05 16:17:22', 'e9e379c7-05ef-4502-a1a6-efdeef030f1f'),
 ('19', 'Asset', '1', '0', '2018-01-30 13:31:15', '2018-03-05 16:17:22', '37a1cc2a-9087-4ff0-8813-29e4000a9ebb'),
 ('20', 'Asset', '1', '0', '2018-01-30 13:31:15', '2018-03-05 16:17:21', '6288d995-95cb-4132-ab1a-f2a8255d3c41'),
 ('29', 'Asset', '1', '0', '2018-01-30 13:33:23', '2018-03-05 16:17:22', 'e1ee916c-306a-40c2-a622-a17e301dc480'),
 ('30', 'Asset', '1', '0', '2018-01-30 13:33:23', '2018-03-05 16:17:21', '9249885e-e248-4595-93fc-bf849d679674'),
 ('31', 'MatrixBlock', '1', '0', '2018-01-30 13:33:33', '2018-02-22 10:30:11', '3591f3f6-854f-4f95-b567-b6e8e5229d1e'),
 ('32', 'MatrixBlock', '1', '0', '2018-01-30 14:41:31', '2018-02-22 10:30:11', '75bf20d5-3443-4763-92e6-5458fb60e704'),
 ('36', 'MatrixBlock', '1', '0', '2018-01-30 16:40:58', '2018-02-22 10:30:11', '384b2394-afb9-4f94-aaff-035db591e366'),
 ('38', 'Asset', '1', '0', '2018-01-30 16:43:39', '2018-03-05 16:17:21', 'ec74ac96-ce97-4890-8e94-61fc6d0c2d3c'),
 ('109', 'User', '1', '0', '2018-02-02 16:29:40', '2018-02-19 14:51:16', '184e4302-8a2a-4349-b275-e881e47d5b10'),
 ('110', 'MatrixBlock', '1', '0', '2018-02-05 09:54:43', '2018-02-22 10:30:11', '75b76b5b-a050-48fd-b0f1-cd7fb02bbb78'),
 ('247', 'Asset', '1', '0', '2018-02-14 10:50:16', '2018-03-05 16:17:23', '36b54f00-94c7-40c5-b779-32d306a2fea1'),
 ('250', 'Asset', '1', '0', '2018-02-14 11:02:52', '2018-03-05 16:17:22', '2d8ee16a-969a-46a4-b177-4844353ed404'),
 ('281', 'User', '1', '0', '2018-02-19 15:19:03', '2018-02-20 10:25:47', 'ddaedaf2-f995-43bd-a18b-83d502e591bf'),
 ('311', 'Asset', '1', '0', '2018-02-21 16:09:42', '2018-02-21 16:09:42', 'ecbf40f1-f8c2-4f6e-8c77-b4bcd33d991a'),
 ('319', 'Asset', '1', '0', '2018-02-21 17:09:25', '2018-02-21 17:09:25', '1301bfa5-a425-46a7-bfd2-643f56e80e3f'),
 ('320', 'Asset', '1', '0', '2018-02-21 17:15:40', '2018-03-05 16:17:21', 'c4cfd7ed-cc41-4ff7-9b39-9be56314f10d'),
 ('323', 'Asset', '1', '0', '2018-02-22 09:18:14', '2018-03-05 16:17:23', 'f653630c-ec9c-474c-930c-75f2b5a09cd1'),
 ('324', 'Asset', '1', '0', '2018-02-22 09:47:32', '2018-02-22 09:47:32', '887ac660-d960-4cc4-b323-9a26fadbbc72'),
 ('325', 'Asset', '1', '0', '2018-02-22 09:51:14', '2018-03-05 16:17:21', '4b8dedf2-28d0-4459-bd48-6c9e6464d6d1'),
 ('326', 'User', '1', '0', '2018-02-22 11:53:34', '2018-03-12 12:50:31', 'bd4b92a5-8492-4890-bc30-bff2beda3b51'),
 ('327', 'Asset', '1', '0', '2018-02-22 13:52:54', '2018-03-05 16:17:16', 'af97a1ec-0907-4ae9-9b1b-5db596efd447'),
 ('336', 'Asset', '1', '0', '2018-02-22 14:12:56', '2018-02-22 14:12:56', 'd46f1325-2392-44d7-9116-05da5330e25d'),
 ('338', 'Asset', '1', '0', '2018-02-22 14:13:48', '2018-03-05 16:17:24', '7bacc02d-5594-422b-af94-a3fad0790998'),
 ('339', 'Asset', '1', '0', '2018-02-22 14:13:55', '2018-03-05 16:17:24', 'b5518806-8c65-48fd-b56e-1ee5d9a4e38c'),
 ('341', 'Asset', '1', '0', '2018-02-23 09:46:45', '2018-03-05 16:17:24', 'a0c9d998-9202-41ee-904f-9ee5c811f072'),
 ('343', 'Asset', '1', '0', '2018-02-23 10:26:07', '2018-03-05 16:17:18', '47ecf0a1-9632-4d2e-9af5-3ac3b3e52dec'),
 ('344', 'Asset', '1', '0', '2018-02-23 10:27:15', '2018-03-05 16:17:19', 'd9dd9f60-9176-4b41-99a4-049f532b270f'),
 ('346', 'Asset', '1', '0', '2018-02-23 10:38:49', '2018-03-05 16:17:18', '15dc795a-2177-4579-83ed-3adfcadb7008'),
 ('347', 'Asset', '1', '0', '2018-02-23 10:39:03', '2018-03-05 16:17:18', 'bd26a436-4ea1-4211-b7d4-58fe096f222e'),
 ('349', 'Asset', '1', '0', '2018-02-23 16:15:22', '2018-03-05 16:17:15', 'b395aa25-5151-40ac-8ad4-7ad114704edc'),
 ('350', 'Asset', '1', '0', '2018-02-23 16:15:35', '2018-03-05 16:17:17', '1e533d9d-d56e-4f45-9685-a8c6ea19fc54'),
 ('351', 'Asset', '1', '0', '2018-02-23 16:16:12', '2018-03-05 16:17:24', '1d73c4c1-89fa-4194-ac48-ec1474aece17'),
 ('352', 'Asset', '1', '0', '2018-02-23 16:16:15', '2018-03-05 16:17:19', '652e3315-f468-4c4b-8df4-e8450f4c6a93'),
 ('353', 'Asset', '1', '0', '2018-02-23 16:16:17', '2018-03-05 16:17:15', '26251667-38aa-4231-97c5-a8af9a225a0f'),
 ('354', 'Asset', '1', '0', '2018-02-23 16:16:18', '2018-03-05 16:17:24', 'cd6ae85c-32e0-419c-9689-6121d5a19543'),
 ('356', 'Asset', '1', '0', '2018-02-23 16:44:58', '2018-03-05 16:17:18', '6bb77347-c6e3-483a-a81d-e3f04bd04f85'),
 ('357', 'Asset', '1', '0', '2018-02-23 16:45:05', '2018-03-05 16:17:17', 'c111039f-64d8-4b28-bedf-e9e35b1abb7b'),
 ('358', 'Asset', '1', '0', '2018-02-23 16:45:09', '2018-03-05 16:17:18', '65594612-c7d9-4b96-ae59-412e6d6d958f'),
 ('360', 'Asset', '1', '0', '2018-02-26 11:11:44', '2018-02-26 11:11:44', '7909b8d3-79dc-4802-9299-bbaeefd26e4f'),
 ('361', 'Asset', '1', '0', '2018-02-26 11:11:46', '2018-02-26 11:11:46', '4f4457ea-d7f9-49d2-932f-3d0ae95c9cb0'),
 ('368', 'Entry', '1', '0', '2018-02-26 15:49:08', '2018-02-27 13:21:09', '0fbe8b70-ee5b-43cf-a146-8198b077a89c'),
 ('369', 'Entry', '1', '0', '2018-02-26 15:49:14', '2018-02-26 16:39:50', '2c6ca473-94a4-4589-8ac8-16eade6e6201'),
 ('370', 'Asset', '1', '0', '2018-02-26 16:39:39', '2018-03-05 16:17:19', '898e56ad-fcbb-4dc5-be48-90df019528e6'),
 ('371', 'Asset', '1', '0', '2018-02-27 13:19:40', '2018-03-05 16:17:21', 'bcd5c3ba-9419-4977-97fc-037bfc4d5d6c'),
 ('372', 'Asset', '1', '0', '2018-02-27 15:50:23', '2018-03-05 16:17:20', '77a5bef1-2c06-48e6-8bfb-0246f6a9656e'),
 ('373', 'Asset', '1', '0', '2018-02-27 15:50:27', '2018-03-05 16:17:16', 'ec991752-f1e0-40f4-83a1-df05539d4152'),
 ('374', 'Asset', '1', '0', '2018-02-27 15:50:30', '2018-03-05 16:17:17', '27d8f927-1bee-412d-960f-8bb0a07607c1'),
 ('375', 'Asset', '1', '0', '2018-02-27 15:51:34', '2018-03-05 16:17:16', '420b62b2-efeb-4bd1-bad3-a09849d0c7a9'),
 ('376', 'Asset', '1', '0', '2018-02-27 15:51:37', '2018-03-05 16:17:15', '5d542abe-2139-4454-98e8-02a30803d548'),
 ('377', 'Asset', '1', '0', '2018-02-27 15:51:47', '2018-03-05 16:17:15', '5c46d71c-270d-465e-9de8-9ead8d1b14a2'),
 ('378', 'Asset', '1', '0', '2018-02-27 15:51:47', '2018-03-05 16:17:14', '466ea181-c5aa-4da1-b13f-7b7dffd10ce7'),
 ('379', 'Asset', '1', '0', '2018-02-27 16:03:47', '2018-03-05 16:17:20', '287a9488-ecfe-4b62-b8f2-afa1ae86b9c2'),
 ('380', 'Asset', '1', '0', '2018-02-27 16:04:39', '2018-03-05 16:17:18', 'bbfce182-461b-45f1-98a5-34ba0542cea0'),
 ('381', 'Asset', '1', '0', '2018-02-27 16:05:14', '2018-03-05 16:17:18', '5000cfbc-428e-42f7-8974-af55943ffb2e'),
 ('382', 'Asset', '1', '0', '2018-02-27 16:05:25', '2018-03-05 16:17:21', '5b3b3e9c-0cae-4fab-86ee-eca9903e8dd1'),
 ('383', 'Asset', '1', '0', '2018-02-27 16:05:38', '2018-03-05 16:17:17', 'ad66a330-0653-42ab-8e5e-88762b2a17ac'),
 ('384', 'Asset', '1', '0', '2018-02-27 16:12:17', '2018-03-05 16:17:17', 'e403f8b7-2f48-4f58-93b4-2c17b37aac3a'),
 ('385', 'Asset', '1', '0', '2018-02-27 16:12:17', '2018-03-05 16:17:22', '1ea83817-2e24-425e-9aae-59d9992a59cc'),
 ('386', 'Asset', '1', '0', '2018-02-27 16:12:17', '2018-03-05 16:17:18', '8f64a3eb-b347-4bdd-87f1-cb8da44fe2f7'),
 ('387', 'Asset', '1', '0', '2018-02-27 16:12:54', '2018-03-05 16:17:17', '87347767-9ff4-40a1-a084-3d13d38056f6'),
 ('388', 'Asset', '1', '0', '2018-02-27 16:12:54', '2018-03-05 16:17:15', '05490347-281f-4140-893b-27186b103507'),
 ('389', 'Asset', '1', '0', '2018-02-27 16:12:54', '2018-03-05 16:17:15', '7822d59b-b0b6-437d-b3b4-a4cc1ce36be9'),
 ('390', 'Asset', '1', '0', '2018-02-27 16:13:23', '2018-03-05 16:17:17', 'b1932711-98ee-471a-9d4c-0bfeb1e38287'),
 ('391', 'Asset', '1', '0', '2018-02-27 16:13:24', '2018-03-05 16:17:21', '1d4a5151-ad4d-4a2f-b30f-e38d23163bd0'),
 ('392', 'Asset', '1', '0', '2018-02-27 16:13:24', '2018-03-05 16:17:18', '41d52b0c-3229-431b-bcb0-b894fd2b890d'),
 ('393', 'Asset', '1', '0', '2018-02-27 16:18:34', '2018-03-05 16:17:19', '7bdafb7d-2310-4ccf-8513-fe5dbce4c886'),
 ('394', 'Asset', '1', '0', '2018-02-27 16:18:34', '2018-03-05 16:17:17', '243804eb-fb13-422a-a90e-3de69920bbd6'),
 ('395', 'Asset', '1', '0', '2018-02-27 16:18:35', '2018-03-05 16:17:20', 'dc44675d-8adb-430c-8df6-dd1e88a90874'),
 ('396', 'Asset', '1', '0', '2018-02-27 16:19:29', '2018-03-05 16:17:17', 'a60d04d4-8598-4543-b811-d1f71cfebf2e'),
 ('397', 'Asset', '1', '0', '2018-02-27 16:19:29', '2018-03-05 16:17:19', 'fb3325e2-9b1d-41ae-9f7c-c0856a27bc75'),
 ('398', 'Asset', '1', '0', '2018-02-27 16:19:29', '2018-03-05 16:17:17', '7f74ae27-5be1-4df6-b0ae-0b89833c35da'),
 ('399', 'Asset', '1', '0', '2018-02-27 16:19:48', '2018-03-05 16:17:18', 'b7e124c6-8dd7-41fb-a255-a16b38ce812c'),
 ('400', 'Asset', '1', '0', '2018-02-27 16:19:48', '2018-03-05 16:17:19', 'ea2537f5-d375-4eab-87ed-b40cede84031'),
 ('401', 'Asset', '1', '0', '2018-02-27 16:19:48', '2018-03-05 16:17:19', 'a0954025-fb9e-4fc6-be10-1ec7269f3cc0'),
 ('402', 'Asset', '1', '0', '2018-02-27 16:19:49', '2018-03-05 16:17:20', 'fb5bf906-c4ec-41c4-ac5e-9ab99d7693ec'),
 ('403', 'Asset', '1', '0', '2018-02-27 16:19:49', '2018-03-05 16:17:17', 'fb41db81-a3e0-4126-adc1-f3ddcbff1939'),
 ('404', 'Asset', '1', '0', '2018-02-27 16:20:01', '2018-03-05 16:17:18', '86598744-c221-4ebc-87d3-f1da757bc5c5'),
 ('405', 'Asset', '1', '0', '2018-02-27 16:20:01', '2018-03-05 16:17:22', 'b726609b-65c8-410d-ac11-4cd172cd955a'),
 ('406', 'Asset', '1', '0', '2018-02-27 16:20:01', '2018-03-05 16:17:16', '796e8839-d6b0-4906-89e9-dea025d59626'),
 ('407', 'User', '1', '0', '2018-02-28 10:04:10', '2018-02-28 10:04:10', '32300ba1-6c98-420f-8d33-ff7b33b4cdd7'),
 ('408', 'Asset', '1', '0', '2018-03-01 10:47:55', '2018-03-05 16:17:16', '15b5168b-a2ad-486f-8a1b-0a51e85f25c3'),
 ('409', 'Asset', '1', '0', '2018-03-01 10:48:02', '2018-03-05 16:17:24', 'dbb307b8-84f3-4b5b-8d08-6a173aa81092'),
 ('411', 'Asset', '1', '0', '2018-03-01 10:50:05', '2018-03-05 16:17:16', 'bf3a8dd3-0769-428a-be0f-ab41a071be71'),
 ('412', 'Asset', '1', '0', '2018-03-01 10:50:27', '2018-03-05 16:17:23', '8db7006e-b7f9-48d9-a59b-7b28d7bf814f'),
 ('414', 'Asset', '1', '0', '2018-03-05 16:01:23', '2018-03-05 16:17:16', 'd174d8ab-2e8b-4a43-beca-07b6c5b6c567'),
 ('415', 'Asset', '1', '0', '2018-03-05 16:02:29', '2018-03-05 16:02:29', '5eef16cb-50c9-4f40-9ebd-a667685f796f'),
 ('416', 'Asset', '1', '0', '2018-03-05 16:05:37', '2018-03-05 16:05:37', 'f617ccf6-771b-4928-8a4e-fb8ff968f585'),
 ('417', 'Asset', '1', '0', '2018-03-05 16:07:01', '2018-03-05 16:17:23', '27eafe6e-4cbb-4124-abf1-e26723c8bc82'),
 ('418', 'Asset', '1', '0', '2018-03-05 16:07:01', '2018-03-05 16:17:23', '027ea816-ad2b-4822-9db2-830b35229d68'),
 ('419', 'Asset', '1', '0', '2018-03-05 16:07:01', '2018-03-05 16:17:22', '65cc88ee-0d31-4349-b081-c680fa87a997'),
 ('420', 'Asset', '1', '0', '2018-03-05 16:07:13', '2018-03-05 16:17:20', 'f702dba7-25fd-4f38-80d5-b7c1308d364f'),
 ('421', 'Asset', '1', '0', '2018-03-05 16:07:13', '2018-03-05 16:17:20', '702a2895-4700-4119-9360-98f418973342'),
 ('422', 'Asset', '1', '0', '2018-03-05 16:07:13', '2018-03-05 16:17:16', '1bcb06ab-a31c-4441-bc45-8b7804347036');
INSERT INTO `craft_elements` (`id`, `type`, `enabled`, `archived`, `dateCreated`, `dateUpdated`, `uid`) VALUES
 ('423', 'Asset', '1', '0', '2018-03-05 16:07:15', '2018-03-05 16:17:20', 'b12ddda5-9b7c-497c-9b90-389909da190e'),
 ('424', 'Asset', '1', '0', '2018-03-05 16:07:15', '2018-03-05 16:17:15', '0bbb3721-0208-4d2f-b269-5184cb12f5f2'),
 ('425', 'Asset', '1', '0', '2018-03-05 16:07:30', '2018-03-05 16:17:23', '712bcd28-f25e-4283-b43c-96cbd807473b'),
 ('427', 'Asset', '1', '0', '2018-03-05 16:17:24', '2018-03-05 16:17:24', 'f7e91a98-7f24-4834-a872-e58e6905cae5'),
 ('428', 'Asset', '1', '0', '2018-03-05 16:36:01', '2018-03-05 16:36:01', '2a8609ee-d8f7-4e8c-8cbb-d637d931568c'),
 ('429', 'Asset', '1', '0', '2018-03-05 16:45:19', '2018-03-05 16:45:19', '0758a080-bb65-495d-8e51-dfdc3313be64'),
 ('430', 'Asset', '1', '0', '2018-03-05 16:47:12', '2018-03-05 16:47:12', 'ca351472-658e-4b4e-9ca2-224cdc389f7d'),
 ('431', 'Asset', '1', '0', '2018-03-12 10:33:50', '2018-03-12 10:33:50', '314acabf-0d9f-40c5-ab3b-d33f3a6cc456'),
 ('432', 'Asset', '1', '0', '2018-03-12 12:50:28', '2018-03-12 12:50:28', '88f8636a-9fb2-4519-9683-3bb8bda7209c'),
 ('433', 'Asset', '1', '0', '2018-03-12 13:01:59', '2018-03-12 13:05:10', '99218d84-dc61-4401-8ccc-8c626c275f04'),
 ('434', 'Asset', '1', '0', '2018-03-12 13:02:24', '2018-03-12 13:02:24', '1f037dff-57d3-4d88-bd01-fe13fe6b1d13'),
 ('435', 'Asset', '1', '0', '2018-03-12 13:02:24', '2018-03-12 13:02:24', 'e39a2104-3023-4293-b325-19e4200ea35d'),
 ('436', 'Asset', '1', '0', '2018-03-12 13:02:24', '2018-03-12 13:02:24', '25b9bdb4-aec9-456f-b310-c0d73234f571'),
 ('437', 'Asset', '1', '0', '2018-03-12 13:02:24', '2018-03-12 13:02:24', 'cc3d428b-a1fb-4f8c-98d7-bf06a57a9533'),
 ('438', 'Asset', '1', '0', '2018-03-12 13:02:24', '2018-03-12 13:02:24', 'fb6a45b8-0ca1-4eb9-9ba6-7a1868ec7050'),
 ('439', 'Asset', '1', '0', '2018-03-12 13:02:24', '2018-03-12 13:02:24', '8b1dcb78-689b-4647-85cb-9c8b1d49d12d'),
 ('440', 'Asset', '1', '0', '2018-03-12 13:02:24', '2018-03-12 13:02:24', '34a289eb-8603-41ac-bd23-b60716248833'),
 ('441', 'Asset', '1', '0', '2018-03-12 13:02:24', '2018-03-12 13:02:24', '4ab7f756-1b59-4193-b2b3-e449c146ecd8'),
 ('442', 'Asset', '1', '0', '2018-03-12 13:02:24', '2018-03-12 13:02:24', '2d65621e-2ace-4f7e-816a-82b6e5a3b37a'),
 ('443', 'Asset', '1', '0', '2018-03-12 13:02:26', '2018-03-12 13:02:26', '26ca250f-66d7-4776-9481-5afd8324682c'),
 ('444', 'Asset', '1', '0', '2018-03-12 13:02:26', '2018-03-12 13:02:26', 'c43b47d5-53b7-424c-b484-2141333e1230'),
 ('445', 'Asset', '1', '0', '2018-03-12 13:03:31', '2018-03-12 13:03:31', 'c7c0e348-16d4-4558-bf09-228ce335e069'),
 ('446', 'Asset', '1', '0', '2018-03-12 13:05:10', '2018-03-12 13:05:10', 'a515e3b6-59b2-4620-8876-461f1288717f'),
 ('448', 'Asset', '1', '0', '2018-03-12 13:06:04', '2018-03-12 13:06:39', '095d6ea3-c43f-49f3-99a2-44d9f170dd80'),
 ('449', 'Asset', '1', '0', '2018-03-12 13:06:04', '2018-03-12 13:06:39', 'aadc5156-fa6a-40ab-b5c2-3ea57cf7a3e1'),
 ('450', 'Asset', '1', '0', '2018-03-12 13:06:04', '2018-03-12 13:06:39', 'b102d77e-6767-49bb-a26a-e3f4c22d2a33'),
 ('451', 'Asset', '1', '0', '2018-03-12 13:06:04', '2018-03-12 13:06:39', '5a614cec-a523-4798-80ac-2c57e70a3516'),
 ('452', 'Asset', '1', '0', '2018-03-12 13:06:04', '2018-03-12 13:06:39', '4443abb5-5da2-45a0-8f1b-3cd6f2e26153'),
 ('453', 'Asset', '1', '0', '2018-03-12 13:06:04', '2018-03-12 13:06:39', 'd39116d8-4261-4676-8d61-bb167771e648'),
 ('454', 'Asset', '1', '0', '2018-03-12 13:06:04', '2018-03-12 13:06:39', '755381e8-f8ee-4a98-a11b-c6735c87ccc5'),
 ('455', 'Asset', '1', '0', '2018-03-12 13:06:04', '2018-03-12 13:06:39', '88b0467e-c8fc-4a75-a368-331edf054ab2'),
 ('456', 'Asset', '1', '0', '2018-03-12 13:06:05', '2018-03-12 13:06:39', '30cd7f89-1d12-443f-bd46-eeb2d56b783f'),
 ('457', 'Asset', '1', '0', '2018-03-12 13:06:05', '2018-03-12 13:06:39', '2b7cf33a-e821-40b2-bfcc-c28a061838ce'),
 ('458', 'Asset', '1', '0', '2018-03-12 13:06:05', '2018-03-12 13:06:39', '9f22cb17-3c14-492e-84b4-8247bdfe0b2e'),
 ('459', 'Asset', '1', '0', '2018-03-12 13:06:38', '2018-03-12 13:06:38', '069fd7e9-2c2c-4623-8bbf-8d768e066a61'),
 ('461', 'Asset', '1', '0', '2018-03-12 13:07:53', '2018-03-12 13:07:53', 'a744d9d8-b8d1-4a9a-93d6-54883a57e85b'),
 ('462', 'Asset', '1', '0', '2018-03-12 13:07:53', '2018-03-12 13:07:53', 'f605be18-8496-466c-bb10-0f15ac1f7c48'),
 ('463', 'Asset', '1', '0', '2018-03-12 13:07:53', '2018-03-12 13:07:53', 'b15283a7-c336-4768-9d18-a87ac19d5a90'),
 ('464', 'Asset', '1', '0', '2018-03-12 13:07:53', '2018-03-12 13:07:53', 'd413bea4-f779-4bce-9edd-1de8870d0247'),
 ('465', 'Asset', '1', '0', '2018-03-12 13:07:53', '2018-03-12 13:07:53', '108a8198-6fd4-4075-a2f9-a07507ee6fc3'),
 ('466', 'Asset', '1', '0', '2018-03-12 13:07:54', '2018-03-12 13:07:54', 'b992dfa1-279d-4c7e-a385-05c1c22dfe93'),
 ('467', 'Asset', '1', '0', '2018-03-12 13:07:54', '2018-03-12 13:07:54', '49579423-fb50-47ca-9287-7bb6054fd200'),
 ('468', 'Asset', '1', '0', '2018-03-12 13:07:54', '2018-03-12 13:07:54', '432ca2f2-adde-4817-b242-0a0e5e184f9a'),
 ('469', 'Asset', '1', '0', '2018-03-12 13:07:54', '2018-03-12 13:07:54', 'a306fa2d-1c10-4c57-b959-04d2fa23b808'),
 ('470', 'Asset', '1', '0', '2018-03-12 13:07:54', '2018-03-12 13:07:54', '48a703e0-a338-447d-95b4-c7469542fb0e'),
 ('471', 'Asset', '1', '0', '2018-03-12 13:07:54', '2018-03-12 13:07:54', 'cceb7a3c-050b-4ae8-83b7-047d16129744'),
 ('472', 'Asset', '1', '0', '2018-03-12 13:25:25', '2018-03-12 13:27:18', '098c0a06-af0c-4457-87b2-d1d680d7a51b'),
 ('473', 'Asset', '1', '0', '2018-03-12 13:25:32', '2018-03-12 13:27:18', '99252ec5-f3de-47f6-8501-1dbe1873beae'),
 ('474', 'Asset', '1', '0', '2018-03-12 13:25:32', '2018-03-12 13:27:18', '786a7b26-4b85-4854-a4c8-8dce7fd7edb4'),
 ('475', 'Asset', '1', '0', '2018-03-12 13:25:45', '2018-03-12 13:27:18', '03b3dba0-903b-470c-98dd-87ea0f0c0508'),
 ('476', 'Asset', '1', '0', '2018-03-12 13:25:45', '2018-03-12 13:27:18', '4430e0d8-20b8-4b97-9d74-f446d5f8315c'),
 ('477', 'Asset', '1', '0', '2018-03-12 13:25:45', '2018-03-12 13:27:18', 'a9b6a92b-2baa-4978-aa7c-6fe07fa4cab2'),
 ('478', 'Asset', '1', '0', '2018-03-12 13:25:46', '2018-03-12 13:27:18', 'f686c235-8aa6-4695-8e05-fcc472153e4f'),
 ('479', 'Asset', '1', '0', '2018-03-12 13:25:46', '2018-03-12 13:27:18', 'd68ce8eb-c50f-455b-9b61-2bfa0325bef6'),
 ('480', 'Asset', '1', '0', '2018-03-12 13:25:46', '2018-03-12 13:27:18', '49473c4c-3873-40a1-8da5-f03584c2862f'),
 ('481', 'Asset', '1', '0', '2018-03-12 13:25:46', '2018-03-12 13:25:46', '87c52f8c-a1b7-4e95-b448-2c05b688dcc4'),
 ('482', 'Asset', '1', '0', '2018-03-12 13:25:46', '2018-03-12 13:27:19', 'd33333c4-8cbc-4888-9efe-074934d26fe5'),
 ('483', 'Asset', '1', '0', '2018-03-12 13:25:46', '2018-03-12 13:27:19', '0e52c887-2697-45b2-ab4f-b21d477465ce'),
 ('484', 'Asset', '1', '0', '2018-03-12 13:25:46', '2018-03-12 13:27:19', '1a7d0fd1-c9fc-4f7f-ac39-db60916ade24'),
 ('485', 'Asset', '1', '0', '2018-03-12 13:25:46', '2018-03-12 13:27:19', 'fc507463-e561-4a68-b16d-9bb5ba92d0a9'),
 ('486', 'Asset', '1', '0', '2018-03-12 13:26:44', '2018-03-12 13:26:44', '11d9bf11-0b18-4af7-8ad7-1cc43ea24afb'),
 ('487', 'Asset', '1', '0', '2018-03-12 13:26:54', '2018-03-12 13:27:19', '27e29847-f1e9-4e19-94f3-648bcdf3a3e3'),
 ('488', 'Asset', '1', '0', '2018-03-12 13:26:58', '2018-03-12 13:27:19', 'f2a4db28-02ae-4925-a36f-42834ca0480a'),
 ('489', 'Asset', '1', '0', '2018-03-12 13:27:12', '2018-03-12 13:27:19', '7a00dd05-9212-46b1-81ed-fffd57454c80'),
 ('490', 'Asset', '1', '0', '2018-03-12 13:27:18', '2018-03-12 13:27:18', '31316bd5-c610-4edb-ae1a-49c654fb0fc4'),
 ('491', 'Entry', '1', '0', '2018-03-12 13:27:18', '2018-03-12 13:27:18', '97236f2d-05bd-4f63-ae8a-95d6c0ebfa36');



DROP TABLE IF EXISTS `craft_elements_i18n`;


--
-- Schema for table `craft_elements_i18n`
--
CREATE TABLE `craft_elements_i18n` (
  `id` int(11) NOT NULL AUTO_INCREMENT,
  `elementId` int(11) NOT NULL,
  `locale` char(12) COLLATE utf8_unicode_ci NOT NULL,
  `slug` varchar(255) COLLATE utf8_unicode_ci DEFAULT NULL,
  `uri` varchar(255) COLLATE utf8_unicode_ci DEFAULT NULL,
  `enabled` tinyint(1) unsigned NOT NULL DEFAULT '1',
  `dateCreated` datetime NOT NULL,
  `dateUpdated` datetime NOT NULL,
  `uid` char(36) COLLATE utf8_unicode_ci NOT NULL DEFAULT '0',
  PRIMARY KEY (`id`),
  UNIQUE KEY `craft_elements_i18n_elementId_locale_unq_idx` (`elementId`,`locale`),
  UNIQUE KEY `craft_elements_i18n_uri_locale_unq_idx` (`uri`,`locale`),
  KEY `craft_elements_i18n_slug_locale_idx` (`slug`,`locale`),
  KEY `craft_elements_i18n_enabled_idx` (`enabled`),
  KEY `craft_elements_i18n_locale_fk` (`locale`)
) ENGINE=InnoDB AUTO_INCREMENT=492 DEFAULT CHARSET=utf8 COLLATE=utf8_unicode_ci;

--
-- Data for table `craft_elements_i18n`
--

INSERT INTO `craft_elements_i18n` (`id`, `elementId`, `locale`, `slug`, `uri`, `enabled`, `dateCreated`, `dateUpdated`, `uid`) VALUES
 ('1', '1', 'en_gb', '', NULL, '1', '2018-01-18 10:53:34', '2018-02-28 12:39:03', '662abeb7-7ba9-45d9-9bd7-5ca676d76175'),
 ('2', '2', 'en_gb', 'homepage', '__home__', '1', '2018-01-18 10:53:40', '2018-01-18 10:53:40', 'b38127e6-bc7a-4c3f-a3b3-ac2590b362a4'),
 ('4', '4', 'en_gb', 'example-project-1', 'projects/example-project-1', '1', '2018-01-26 15:51:25', '2018-02-22 10:30:11', '728803fa-f9bf-418b-bfb5-32c9af5b78d0'),
 ('6', '6', 'en_gb', 'proj1', NULL, '1', '2018-01-30 11:17:18', '2018-03-05 16:17:22', '24d27978-318b-4f23-8082-29e90addffdc'),
 ('9', '9', 'en_gb', 'untitled-2', NULL, '1', '2018-01-30 12:32:33', '2018-03-05 16:17:21', '65fd7674-7232-4ed4-9333-9e6c4528c015'),
 ('10', '10', 'en_gb', 'untitled-3', NULL, '1', '2018-01-30 12:32:33', '2018-03-05 16:17:21', '7ac5f44b-87f0-4601-bf81-19701f7e3adb'),
 ('18', '18', 'en_gb', 'thumb', NULL, '1', '2018-01-30 13:31:15', '2018-03-05 16:17:22', 'a12f5631-c5e1-4484-a951-5e8d0b8a5bf8'),
 ('19', '19', 'en_gb', 'thumb2', NULL, '1', '2018-01-30 13:31:15', '2018-03-05 16:17:22', '055e8daf-f036-480d-8e61-72664c447778'),
 ('20', '20', 'en_gb', 'untitled-1', NULL, '1', '2018-01-30 13:31:15', '2018-03-05 16:17:21', '4c68feb3-5da4-4cd3-a117-2f23ae68b458'),
 ('29', '29', 'en_gb', 'thumbt', NULL, '1', '2018-01-30 13:33:23', '2018-03-05 16:17:22', '0e544d7c-5f9b-4d56-a0cd-c61ec1bf34be'),
 ('30', '30', 'en_gb', 'untitled-1f', NULL, '1', '2018-01-30 13:33:23', '2018-03-05 16:17:21', 'cb166026-74c0-4ea6-8689-1d3df299cf49'),
 ('31', '31', 'en_gb', '', NULL, '1', '2018-01-30 13:33:33', '2018-02-22 10:30:11', 'a5fcc37f-d8c6-42b1-b172-818f31b6070a'),
 ('32', '32', 'en_gb', '', NULL, '1', '2018-01-30 14:41:31', '2018-02-22 10:30:11', 'fad9fa40-62ec-4c30-b7c3-441c30178758'),
 ('36', '36', 'en_gb', '', NULL, '1', '2018-01-30 16:40:58', '2018-02-22 10:30:11', '1064170e-d07c-48ac-b64f-6ce907059ec6'),
 ('38', '38', 'en_gb', 'night', NULL, '1', '2018-01-30 16:43:39', '2018-03-05 16:17:21', '563a25ea-0fa6-4bb3-a991-5993b636f0f3'),
 ('109', '109', 'en_gb', '', NULL, '1', '2018-02-02 16:29:40', '2018-02-19 14:51:16', '1e04cd6b-2949-4883-a9ad-8b2dc14794fa'),
 ('110', '110', 'en_gb', '', NULL, '1', '2018-02-05 09:54:44', '2018-02-22 10:30:11', '7cb2551b-0007-40fc-9d9e-f67cd7f3e2df'),
 ('247', '247', 'en_gb', 'home', NULL, '1', '2018-02-14 10:50:16', '2018-03-05 16:17:23', '4e0ac595-0e84-455f-ba7b-a20b9b763ba6'),
 ('250', '250', 'en_gb', 'example-slide-1', NULL, '1', '2018-02-14 11:02:52', '2018-03-05 16:17:22', '13207482-00ff-40b2-9205-98f5dc18d536'),
 ('281', '281', 'en_gb', '', NULL, '1', '2018-02-19 15:19:03', '2018-02-20 10:25:47', '222a6d19-cb52-40a3-8063-d95eafa01cad'),
 ('311', '311', 'en_gb', 'example', NULL, '1', '2018-02-21 16:09:42', '2018-02-21 16:09:42', '6652dc85-fa41-4230-8b55-f24cc833964d'),
 ('319', '319', 'en_gb', 'defaultuserphoto', NULL, '1', '2018-02-21 17:09:25', '2018-02-21 17:09:25', '2bd51341-8517-449c-b131-e879b7a3a024'),
 ('320', '320', 'en_gb', 'defaultuserphoto', NULL, '1', '2018-02-21 17:15:40', '2018-03-05 16:17:21', 'cc2f0f15-f3be-4cee-bb5a-c898ce88ad28'),
 ('323', '323', 'en_gb', 'proj1', NULL, '1', '2018-02-22 09:18:14', '2018-03-05 16:17:23', '55c35d2a-e4a9-4ae4-bcb9-9da20442d420'),
 ('324', '324', 'en_gb', 'proj1', NULL, '1', '2018-02-22 09:47:32', '2018-02-22 09:47:32', 'b3a87ee7-47f5-4451-aa5e-0b6fb1db9710'),
 ('325', '325', 'en_gb', 'proj1', NULL, '1', '2018-02-22 09:51:14', '2018-03-05 16:17:21', '70d8b786-4432-4a66-a11e-6f05c267f03b'),
 ('326', '326', 'en_gb', '', NULL, '1', '2018-02-22 11:53:34', '2018-03-12 12:50:31', 'd7cec23b-bbbe-4469-9152-26cf4554a3d5'),
 ('327', '327', 'en_gb', '46c2373-default-skin', NULL, '1', '2018-02-22 13:52:54', '2018-03-05 16:17:16', '3c05b1f7-b7d4-4f87-b0db-6da664d55aa8'),
 ('336', '336', 'en_gb', 'ezgif-com-optimize', NULL, '1', '2018-02-22 14:12:56', '2018-02-22 14:12:56', 'dbe01d15-1ff6-4746-8420-3f34fef9a9f7'),
 ('338', '338', 'en_gb', '99956ba-justin-gallaher', NULL, '1', '2018-02-22 14:13:48', '2018-03-05 16:17:24', '5a153a12-f7f1-4aa6-a069-5b4c879959d1'),
 ('339', '339', 'en_gb', 'robert-bar', NULL, '1', '2018-02-22 14:13:55', '2018-03-05 16:17:24', 'f6e97ed9-9f0f-4768-bb20-8c8bed32e927'),
 ('341', '341', 'en_gb', 'example', NULL, '1', '2018-02-23 09:46:45', '2018-03-05 16:17:24', '61248f69-40e5-48a2-bd32-12254e42ede9'),
 ('343', '343', 'en_gb', '8cba771-justin-gallaher', NULL, '1', '2018-02-23 10:26:07', '2018-03-05 16:17:18', '820ef89e-09f3-40bb-8345-10b5c50f1ea7'),
 ('344', '344', 'en_gb', 'defaultuserphoto', NULL, '1', '2018-02-23 10:27:15', '2018-03-05 16:17:19', '73a6bb76-0f3b-46a7-ab5e-c921e9ea8790'),
 ('346', '346', 'en_gb', '2d126b5-justin-gallaher', NULL, '1', '2018-02-23 10:38:49', '2018-03-05 16:17:18', 'c5d4f582-78bb-4b32-99d9-24a463eddcba'),
 ('347', '347', 'en_gb', 'justin-gallaher', NULL, '1', '2018-02-23 10:39:03', '2018-03-05 16:17:18', '7a5aece6-49d4-4829-bb20-4a9a119e6d08'),
 ('349', '349', 'en_gb', '3f299da-justin-gallaher', NULL, '1', '2018-02-23 16:15:22', '2018-03-05 16:17:15', '30f1004d-31bc-46aa-8d44-aea5f018d8c7'),
 ('350', '350', 'en_gb', '94fd296-justin-gallaher', NULL, '1', '2018-02-23 16:15:35', '2018-03-05 16:17:17', '44ce63c9-75c1-4861-825b-c14cc0842c04'),
 ('351', '351', 'en_gb', '0364039-justin-gallaher', NULL, '1', '2018-02-23 16:16:12', '2018-03-05 16:17:24', '7119fe9b-ec79-43fe-9b53-cc3e20ebf774'),
 ('352', '352', 'en_gb', 'b7300c6-justin-gallaher', NULL, '1', '2018-02-23 16:16:15', '2018-03-05 16:17:19', 'abccd73b-39dd-4396-9e83-41d16d78f490'),
 ('353', '353', 'en_gb', '03d4c3a-justin-gallaher', NULL, '1', '2018-02-23 16:16:17', '2018-03-05 16:17:15', '95f13372-b71d-4d9c-bf19-0387dddc3d76'),
 ('354', '354', 'en_gb', 'justin-gallaher', NULL, '1', '2018-02-23 16:16:18', '2018-03-05 16:17:24', '466b4d3b-f26b-476e-aad4-acc26d590da7'),
 ('356', '356', 'en_gb', 'da85d79-robert-bar', NULL, '1', '2018-02-23 16:44:58', '2018-03-05 16:17:18', 'f8324605-d0f5-420e-928f-c5fe9b72ee79'),
 ('357', '357', 'en_gb', '877031e-robert-bar', NULL, '1', '2018-02-23 16:45:05', '2018-03-05 16:17:17', 'd7276fdd-e4fa-4cbb-84dd-194ef3ad18e2'),
 ('358', '358', 'en_gb', 'robert-bar', NULL, '1', '2018-02-23 16:45:09', '2018-03-05 16:17:18', 'ae3eb6d0-2a11-48df-8491-0f83d1556336'),
 ('360', '360', 'en_gb', '1f68a86-bright-1519639355286', NULL, '1', '2018-02-26 11:11:44', '2018-02-26 11:11:44', 'fa669433-c352-4167-9fe2-eb3b2c6eaf2d'),
 ('361', '361', 'en_gb', 'b8e59c7-bright-1519639355286', NULL, '1', '2018-02-26 11:11:46', '2018-02-26 11:11:46', 'd85c089d-7156-44c8-8c1f-8df1ca80e670'),
 ('368', '368', 'en_gb', 'dfgdfgdfg', 'news/2018/dfgdfgdfg', '1', '2018-02-26 15:49:08', '2018-02-27 13:21:09', 'c0692d7a-e06c-483e-a3ef-8b259902c5ea'),
 ('369', '369', 'en_gb', 'asdasd', 'news/2018/asdasd', '1', '2018-02-26 15:49:14', '2018-02-26 16:39:50', '74d86a64-4e5f-40b1-acc2-42498941cae8'),
 ('370', '370', 'en_gb', 'justin-gallaher', NULL, '1', '2018-02-26 16:39:39', '2018-03-05 16:17:19', '1b19ae63-92a1-48e8-84ba-b72709d3d95f'),
 ('371', '371', 'en_gb', 'testtesttest', NULL, '1', '2018-02-27 13:19:40', '2018-03-05 16:17:21', '7d9b9db7-07ec-4925-81f0-6ebd7f60fd54'),
 ('372', '372', 'en_gb', 'cacc01b-grey-text', NULL, '1', '2018-02-27 15:50:23', '2018-03-05 16:17:20', 'cfd7fd26-8255-4d03-8ef9-5c5c8a89d469'),
 ('373', '373', 'en_gb', '63af28b-house', NULL, '1', '2018-02-27 15:50:27', '2018-03-05 16:17:16', 'a6318c0b-90f1-407b-b390-8f8030bc8e2f'),
 ('374', '374', 'en_gb', '74ac968-grey-text', NULL, '1', '2018-02-27 15:50:30', '2018-03-05 16:17:17', 'a8929a96-1de2-4155-ac36-32bbe79a9ebe'),
 ('375', '375', 'en_gb', '73ae604-grey-text', NULL, '1', '2018-02-27 15:51:34', '2018-03-05 16:17:16', '30c81fe5-1577-422e-b902-c42fad279b79'),
 ('376', '376', 'en_gb', '4357612-footer-logo', NULL, '1', '2018-02-27 15:51:37', '2018-03-05 16:17:15', '73bda56e-f7e1-41a9-8fba-7babf69dd8b4'),
 ('377', '377', 'en_gb', '1d04815-footer-logo', NULL, '1', '2018-02-27 15:51:47', '2018-03-05 16:17:15', '8f2fd6b2-d9e4-4dec-923f-01b5cd03248e'),
 ('378', '378', 'en_gb', '00dfc91-grey-text', NULL, '1', '2018-02-27 15:51:47', '2018-03-05 16:17:14', '0b4e1b3d-e65d-4dcc-a9e6-cd6ab3d77ce5'),
 ('379', '379', 'en_gb', 'd65e602-house', NULL, '1', '2018-02-27 16:03:47', '2018-03-05 16:17:20', '3e1e9ee8-b21c-4e20-a772-2ec04fae1b85'),
 ('380', '380', 'en_gb', 'a6dd58f-house', NULL, '1', '2018-02-27 16:04:39', '2018-03-05 16:17:18', 'cd0e3da7-cea3-43d6-b27a-51ff8e01be6a'),
 ('381', '381', 'en_gb', '95b2ad6-house', NULL, '1', '2018-02-27 16:05:14', '2018-03-05 16:17:18', 'f82df3e9-7980-42f6-80db-0391115a3833'),
 ('382', '382', 'en_gb', 'e3a6fb8-house', NULL, '1', '2018-02-27 16:05:25', '2018-03-05 16:17:21', '4a9ac444-fc48-44e5-842c-0d8784ed26ea'),
 ('383', '383', 'en_gb', '77335c2-key', NULL, '1', '2018-02-27 16:05:38', '2018-03-05 16:17:17', '1eb6e67c-ce39-4652-9b21-2d5f633e7170'),
 ('384', '384', 'en_gb', '7fcf396-defaultuserphoto', NULL, '1', '2018-02-27 16:12:17', '2018-03-05 16:17:17', '90441f3a-6902-4c1a-a551-f5690861ac1f'),
 ('385', '385', 'en_gb', 'f391c87-grey-text', NULL, '1', '2018-02-27 16:12:17', '2018-03-05 16:17:22', 'f570e116-7375-4e28-9da3-86ce62b8c95c'),
 ('386', '386', 'en_gb', '9f2afff-key', NULL, '1', '2018-02-27 16:12:17', '2018-03-05 16:17:18', '32ba4f20-728d-4d76-ad39-8c5964654897'),
 ('387', '387', 'en_gb', '88be340-defaultuserphoto', NULL, '1', '2018-02-27 16:12:54', '2018-03-05 16:17:17', '00e39318-04ab-47c3-b6ab-7c6c8d063baf'),
 ('388', '388', 'en_gb', '0be89bd-grey-text', NULL, '1', '2018-02-27 16:12:54', '2018-03-05 16:17:15', 'dcfef00e-6f01-440f-bd13-3598c15fc6fb'),
 ('389', '389', 'en_gb', '3b91adf-key', NULL, '1', '2018-02-27 16:12:54', '2018-03-05 16:17:15', '25d35ffc-a8f7-4d78-8cf7-b12ce023e122'),
 ('390', '390', 'en_gb', '8be0521-defaultuserphoto', NULL, '1', '2018-02-27 16:13:23', '2018-03-05 16:17:17', 'aafb3867-bc4a-41a5-b37f-e5293cd0fa05'),
 ('391', '391', 'en_gb', 'eb8b7d1-grey-text', NULL, '1', '2018-02-27 16:13:24', '2018-03-05 16:17:21', '1e6151f2-2685-4713-beb5-8738bae100c0'),
 ('392', '392', 'en_gb', '9a82983-key', NULL, '1', '2018-02-27 16:13:24', '2018-03-05 16:17:18', '1d5a71b2-71ae-40c5-b3c6-baaf7a59e228'),
 ('393', '393', 'en_gb', 'aac62cb-defaultuserphoto', NULL, '1', '2018-02-27 16:18:34', '2018-03-05 16:17:19', 'daceaf74-9a1e-4c07-9a4a-a332bcb750a6'),
 ('394', '394', 'en_gb', '8a3a74e-grey-text', NULL, '1', '2018-02-27 16:18:34', '2018-03-05 16:17:17', 'd13dc78c-6b4f-4ab4-948c-80207792fa81'),
 ('395', '395', 'en_gb', 'dd1bb83-key', NULL, '1', '2018-02-27 16:18:35', '2018-03-05 16:17:20', '468bf2de-f1c9-494a-b180-cd029eeeba39'),
 ('396', '396', 'en_gb', '8397c66-defaultuserphoto', NULL, '1', '2018-02-27 16:19:29', '2018-03-05 16:17:17', '1a0a79a0-fe1e-4f55-882b-85653f4cea36'),
 ('397', '397', 'en_gb', 'add59d3-grey-text', NULL, '1', '2018-02-27 16:19:29', '2018-03-05 16:17:19', 'e549ec5c-b5e8-42ec-93ab-da8226df15e2'),
 ('398', '398', 'en_gb', '893ca75-key', NULL, '1', '2018-02-27 16:19:29', '2018-03-05 16:17:17', 'ccde113c-8d7c-4f88-b733-a29779a5a66c'),
 ('399', '399', 'en_gb', 'a704d27-defaultuserphoto', NULL, '1', '2018-02-27 16:19:48', '2018-03-05 16:17:18', '68e1a91d-e93d-4d11-a555-62632643ff21'),
 ('400', '400', 'en_gb', 'b231bba-grey-text', NULL, '1', '2018-02-27 16:19:48', '2018-03-05 16:17:19', 'dd5f4a4c-9b08-4371-8088-89b1bf353dd9'),
 ('401', '401', 'en_gb', 'bf81b01-key', NULL, '1', '2018-02-27 16:19:48', '2018-03-05 16:17:19', 'b2f62734-678c-4d8c-b7ed-9ed3e6450375'),
 ('402', '402', 'en_gb', 'dc877ee-logo', NULL, '1', '2018-02-27 16:19:49', '2018-03-05 16:17:20', 'c37c2fc9-cd0e-4b7a-9974-bc32e6a36201'),
 ('403', '403', 'en_gb', '951276d-orange-text', NULL, '1', '2018-02-27 16:19:49', '2018-03-05 16:17:17', '2fae82fd-0835-41a0-a9b9-db4701dff1de'),
 ('404', '404', 'en_gb', 'a5e2fa8-key', NULL, '1', '2018-02-27 16:20:01', '2018-03-05 16:17:18', '2eedbea3-9e2b-4b1a-b310-7406695f4408'),
 ('405', '405', 'en_gb', 'f244921-logo', NULL, '1', '2018-02-27 16:20:01', '2018-03-05 16:17:22', 'df5b1847-8555-4d95-8e0c-3bd0dfd576c0'),
 ('406', '406', 'en_gb', '6cbaf73-orange-text', NULL, '1', '2018-02-27 16:20:01', '2018-03-05 16:17:16', '5b463848-908b-4f93-b9f9-d3008687baa0'),
 ('407', '407', 'en_gb', '', NULL, '1', '2018-02-28 10:04:10', '2018-02-28 10:04:10', 'fc27f5f9-99e0-4c2f-bdfe-9e815fde717e'),
 ('408', '408', 'en_gb', '4b44e49-platform-device-cluster-group-171016-113142', NULL, '1', '2018-03-01 10:47:55', '2018-03-05 16:17:16', '2e5a9f5d-267f-44fe-9f37-e6d84d4968b7'),
 ('409', '409', 'en_gb', 'defaultuserphoto', NULL, '1', '2018-03-01 10:48:02', '2018-03-05 16:17:24', '338d6f02-2190-4704-b73d-f1c568a6e017'),
 ('411', '411', 'en_gb', '6c3f04e-poster', NULL, '1', '2018-03-01 10:50:05', '2018-03-05 16:17:16', 'afd0d87f-6c4b-4660-be25-f979c639a56b'),
 ('412', '412', 'en_gb', 'house', NULL, '1', '2018-03-01 10:50:27', '2018-03-05 16:17:23', 'e2d80a30-cd4c-43af-a053-4c5f7cbab1e1'),
 ('414', '414', 'en_gb', '7329bae-justin-gallaher', NULL, '1', '2018-03-05 16:01:23', '2018-03-05 16:17:16', 'fc787d7b-8dc6-4f04-ba4d-7c9d4a274016'),
 ('415', '415', 'en_gb', '57a5f46-bright-1519639355286', NULL, '1', '2018-03-05 16:02:29', '2018-03-05 16:02:29', '8e734747-1f45-4c1b-aeb5-ae6751d66177'),
 ('416', '416', 'en_gb', 'bfab748-bright-1519639355286', NULL, '1', '2018-03-05 16:05:37', '2018-03-05 16:05:37', 'a1de9652-5454-49c0-9b09-b954f77e1adb'),
 ('417', '417', 'en_gb', '8d7caf2-after-entrance-hall', NULL, '1', '2018-03-05 16:07:01', '2018-03-05 16:17:23', '4c3ec82a-c7fa-4b03-8421-783861735bba'),
 ('418', '418', 'en_gb', 'ff6cdb9-after-garden-view', NULL, '1', '2018-03-05 16:07:01', '2018-03-05 16:17:23', '6d7a20bc-1ac8-4303-8fe8-72924a319cd4'),
 ('419', '419', 'en_gb', '0b21171-after-front-elevation', NULL, '1', '2018-03-05 16:07:01', '2018-03-05 16:17:22', '7e8e9784-87d5-40db-a3b4-0073798df25c'),
 ('420', '420', 'en_gb', 'c4ad654-after-kitchen', NULL, '1', '2018-03-05 16:07:13', '2018-03-05 16:17:20', '95ccc023-a276-473f-8fc6-db3139dccb6a'),
 ('421', '421', 'en_gb', 'c86c314-after-pellet-boiler', NULL, '1', '2018-03-05 16:07:13', '2018-03-05 16:17:20', 'eecbd0a0-f175-4ae2-884d-f769a7e405e6'),
 ('422', '422', 'en_gb', '553756e-after-master-bedroom', NULL, '1', '2018-03-05 16:07:13', '2018-03-05 16:17:16', 'e3f8cbce-5ea5-4264-bfcb-8a1834daf659');
INSERT INTO `craft_elements_i18n` (`id`, `elementId`, `locale`, `slug`, `uri`, `enabled`, `dateCreated`, `dateUpdated`, `uid`) VALUES
 ('423', '423', 'en_gb', 'cce4608-after-staircase', NULL, '1', '2018-03-05 16:07:15', '2018-03-05 16:17:20', 'f286f55c-c5ea-4d62-af34-682301b83a8a'),
 ('424', '424', 'en_gb', '0408ea8-before-front-elevation', NULL, '1', '2018-03-05 16:07:15', '2018-03-05 16:17:15', '5baa968c-f0b2-42ec-bcb5-e5b521e04679'),
 ('425', '425', 'en_gb', 'after-dining-room', NULL, '1', '2018-03-05 16:07:30', '2018-03-05 16:17:23', 'e63b01ba-d409-43b1-bd6d-d5baa159cdb9'),
 ('427', '427', 'en_gb', 'ezgif-com-optimize', NULL, '1', '2018-03-05 16:17:24', '2018-03-05 16:17:24', 'a18f05a5-48d2-4cf7-acb4-fba377172433'),
 ('428', '428', 'en_gb', '683da37-after-kitchen', NULL, '1', '2018-03-05 16:36:01', '2018-03-05 16:36:01', '4ea327f5-6e26-492b-99bd-07e2c7554d5a'),
 ('429', '429', 'en_gb', 'df5921e-during-2', NULL, '1', '2018-03-05 16:45:20', '2018-03-05 16:45:20', '1bc7d2c7-3dd7-4c82-aa81-d1fcbfb60fd9'),
 ('430', '430', 'en_gb', 'b904b1b-before-front-elevation', NULL, '1', '2018-03-05 16:47:12', '2018-03-05 16:47:12', '7db6656a-15b8-4bbf-b26f-d03873ec37da'),
 ('431', '431', 'en_gb', '87d2a40-justin-gallaher-1', NULL, '1', '2018-03-12 10:33:50', '2018-03-12 10:33:50', 'f42845db-4f18-4e48-a402-642dade59df4'),
 ('432', '432', 'en_gb', '577725c-justin-gallaher-1', NULL, '1', '2018-03-12 12:50:28', '2018-03-12 12:50:28', 'b79c4d3a-5ffc-4f95-a8b1-700c8c22d4df'),
 ('433', '433', 'en_gb', '531caeb-during-2', NULL, '1', '2018-03-12 13:01:59', '2018-03-12 13:05:10', '6202b187-7981-40f4-9fe4-00d7632fe48a'),
 ('434', '434', 'en_gb', '2c40cbf-after-dining-room', NULL, '1', '2018-03-12 13:02:24', '2018-03-12 13:02:24', 'b9a1b8a3-a4f3-487d-8dbf-98347731df4a'),
 ('435', '435', 'en_gb', '91a7faa-after-entrance-hall', NULL, '1', '2018-03-12 13:02:24', '2018-03-12 13:02:24', 'c51442a0-3be2-47d4-a747-49e75adb2002'),
 ('436', '436', 'en_gb', '556832c-after-front-elevation', NULL, '1', '2018-03-12 13:02:24', '2018-03-12 13:02:24', '9f8c5b66-7dfa-459c-96ed-0862e3ae3230'),
 ('437', '437', 'en_gb', 'bca7954-after-garden-view', NULL, '1', '2018-03-12 13:02:24', '2018-03-12 13:02:24', '4cc6582f-333f-4328-9038-b3c1850a8ca2'),
 ('438', '438', 'en_gb', '9443979-after-kitchen', NULL, '1', '2018-03-12 13:02:24', '2018-03-12 13:02:24', '9ad55f70-26aa-4e53-aa36-3343abffce2e'),
 ('439', '439', 'en_gb', 'af31814-after-master-bedroom', NULL, '1', '2018-03-12 13:02:24', '2018-03-12 13:02:24', '3a2651d8-b745-403b-a22a-46df7ad94797'),
 ('440', '440', 'en_gb', '0afc5dc-after-pellet-boiler', NULL, '1', '2018-03-12 13:02:24', '2018-03-12 13:02:24', '187f234e-4018-4ad4-ab7c-ab8e2da638b5'),
 ('441', '441', 'en_gb', '335fe2c-after-staircase', NULL, '1', '2018-03-12 13:02:24', '2018-03-12 13:02:24', '56b0c973-a19b-44d1-912b-cdbe2e804a61'),
 ('442', '442', 'en_gb', '1bbf187-before-front-elevation', NULL, '1', '2018-03-12 13:02:24', '2018-03-12 13:02:24', 'b82f13cc-5ae1-4c19-ab7d-a4327ecb90af'),
 ('443', '443', 'en_gb', '8fcedfc-during-2', NULL, '1', '2018-03-12 13:02:26', '2018-03-12 13:02:26', '1a48204b-0444-448a-adb1-0ef08b8582c8'),
 ('444', '444', 'en_gb', 'b06b193-before-garden-view', NULL, '1', '2018-03-12 13:02:26', '2018-03-12 13:02:26', 'a03608f2-22e5-4086-965e-0499b3c477c0'),
 ('445', '445', 'en_gb', '6eda5e8-after-pellet-boiler', NULL, '1', '2018-03-12 13:03:31', '2018-03-12 13:03:31', '57074f1c-741f-472f-a11e-3d892b9df31e'),
 ('446', '446', 'en_gb', 'after-front-elevation', NULL, '1', '2018-03-12 13:05:10', '2018-03-12 13:05:10', '11570998-6543-4c9c-b877-fcd424051adb'),
 ('448', '448', 'en_gb', '04d6f6c-after-dining-room', NULL, '1', '2018-03-12 13:06:04', '2018-03-12 13:06:39', '019bd969-11f1-4fdf-a6be-e5b5b5063e26'),
 ('449', '449', 'en_gb', 'd3056c8-after-entrance-hall', NULL, '1', '2018-03-12 13:06:04', '2018-03-12 13:06:39', '2c9a83f4-92b6-480b-b239-edafb12cd19f'),
 ('450', '450', 'en_gb', '7a39702-after-front-elevation', NULL, '1', '2018-03-12 13:06:04', '2018-03-12 13:06:39', 'f486ff4f-092d-42b7-aa92-a1da893fb3df'),
 ('451', '451', 'en_gb', 'e4fd0cc-after-garden-view', NULL, '1', '2018-03-12 13:06:04', '2018-03-12 13:06:39', 'c17471a5-7930-4526-8536-423b029705e4'),
 ('452', '452', 'en_gb', 'ef10724-after-kitchen', NULL, '1', '2018-03-12 13:06:04', '2018-03-12 13:06:39', '0048a4d0-517f-4b28-906f-3805ba4a65d7'),
 ('453', '453', 'en_gb', 'ce05d15-after-master-bedroom', NULL, '1', '2018-03-12 13:06:04', '2018-03-12 13:06:39', '51559e25-0d2f-4dcc-99e4-044795986568'),
 ('454', '454', 'en_gb', 'd49b838-after-pellet-boiler', NULL, '1', '2018-03-12 13:06:04', '2018-03-12 13:06:39', '98f84d4f-6923-4b8b-862f-6d584b1971d1'),
 ('455', '455', 'en_gb', 'dee246e-after-staircase', NULL, '1', '2018-03-12 13:06:04', '2018-03-12 13:06:39', 'e06532df-7426-4fd6-a2a5-a99926cbf685'),
 ('456', '456', 'en_gb', '61c6a71-before-front-elevation', NULL, '1', '2018-03-12 13:06:05', '2018-03-12 13:06:39', '7bdd03c4-4265-407b-b747-4dc57255a370'),
 ('457', '457', 'en_gb', '5d24668-before-garden-view', NULL, '1', '2018-03-12 13:06:05', '2018-03-12 13:06:39', 'c82466f7-fc24-44c3-aa91-c513ff3e4bef'),
 ('458', '458', 'en_gb', '924d336-during-2', NULL, '1', '2018-03-12 13:06:05', '2018-03-12 13:06:39', 'e68fe38a-4fa5-4cfb-a19f-3f6ca98cc24e'),
 ('459', '459', 'en_gb', 'after-pellet-boiler', NULL, '1', '2018-03-12 13:06:38', '2018-03-12 13:06:38', '0fca2d00-d98f-47ea-badf-d4004fc3a26b'),
 ('461', '461', 'en_gb', '95f7625-after-dining-room', NULL, '1', '2018-03-12 13:07:53', '2018-03-12 13:07:53', 'c66d6aad-e7b6-4d9a-a710-f244eaebc02a'),
 ('462', '462', 'en_gb', 'fb0b6af-after-entrance-hall', NULL, '1', '2018-03-12 13:07:53', '2018-03-12 13:07:53', '417ad395-83c7-4fc6-aa59-db572d2389e7'),
 ('463', '463', 'en_gb', '3db66b7-after-front-elevation', NULL, '1', '2018-03-12 13:07:53', '2018-03-12 13:07:53', 'e72610f5-aa7a-4a00-b437-00b7e88fdee0'),
 ('464', '464', 'en_gb', 'e64e1e2-after-garden-view', NULL, '1', '2018-03-12 13:07:53', '2018-03-12 13:07:53', '68aca6fb-1c02-4d08-943b-8658535dfb08'),
 ('465', '465', 'en_gb', '77930d4-after-kitchen', NULL, '1', '2018-03-12 13:07:53', '2018-03-12 13:07:53', '250f7007-c2d9-40af-b0a0-cf490dffb4f4'),
 ('466', '466', 'en_gb', 'af7d865-after-master-bedroom', NULL, '1', '2018-03-12 13:07:54', '2018-03-12 13:07:54', 'dee0e12b-af03-48c7-946a-fed2f3ed62d9'),
 ('467', '467', 'en_gb', '6d58ef7-after-pellet-boiler', NULL, '1', '2018-03-12 13:07:54', '2018-03-12 13:07:54', 'b7db0291-3785-4540-8a55-8e52285cc23c'),
 ('468', '468', 'en_gb', 'c009cda-after-staircase', NULL, '1', '2018-03-12 13:07:54', '2018-03-12 13:07:54', '28db6521-938e-4044-abf1-2c05d6a13e54'),
 ('469', '469', 'en_gb', 'cbca7e9-before-front-elevation', NULL, '1', '2018-03-12 13:07:54', '2018-03-12 13:07:54', '08999a78-079a-40b3-b15c-9961c1ec6d31'),
 ('470', '470', 'en_gb', '78ea57d-before-garden-view', NULL, '1', '2018-03-12 13:07:54', '2018-03-12 13:07:54', 'e31a38a5-33c6-419d-8fb8-760d51c297c9'),
 ('471', '471', 'en_gb', '345fffc-during-2', NULL, '1', '2018-03-12 13:07:54', '2018-03-12 13:07:54', '08e6962a-5d3f-43df-b7e3-aef5a22ae790'),
 ('472', '472', 'en_gb', 'f0646b5-during-2', NULL, '1', '2018-03-12 13:25:25', '2018-03-12 13:27:18', 'a04820f7-c281-4654-945b-89fe730d8a8b'),
 ('473', '473', 'en_gb', 'c72cf5a-before-front-elevation', NULL, '1', '2018-03-12 13:25:32', '2018-03-12 13:27:18', '75d21060-bc06-431b-8b6b-567e216c869a'),
 ('474', '474', 'en_gb', '8f2403a-before-garden-view', NULL, '1', '2018-03-12 13:25:32', '2018-03-12 13:27:18', 'e02d6c13-0cdb-40db-8b8c-351decfc227e'),
 ('475', '475', 'en_gb', '60a228f-after-dining-room', NULL, '1', '2018-03-12 13:25:45', '2018-03-12 13:27:18', '1baf4f25-a00c-4574-972a-95c862f53954'),
 ('476', '476', 'en_gb', '8c7db55-after-entrance-hall', NULL, '1', '2018-03-12 13:25:45', '2018-03-12 13:27:18', '4fa13d8d-ed79-4c5a-aaa2-39cadd256b0e'),
 ('477', '477', 'en_gb', '650f3cb-after-front-elevation', NULL, '1', '2018-03-12 13:25:45', '2018-03-12 13:27:18', 'ed6e7417-5bdc-478f-936b-48e7738dd6aa'),
 ('478', '478', 'en_gb', '29b501d-after-garden-view', NULL, '1', '2018-03-12 13:25:46', '2018-03-12 13:27:18', '3edd1ca8-9346-4d84-8fbd-2a9d6330f30e'),
 ('479', '479', 'en_gb', '0e63690-after-kitchen', NULL, '1', '2018-03-12 13:25:46', '2018-03-12 13:27:18', '5e263d79-f871-4581-9bac-a6302706451b'),
 ('480', '480', 'en_gb', '3403ab6-after-master-bedroom', NULL, '1', '2018-03-12 13:25:46', '2018-03-12 13:27:18', '10ba6e1e-63f4-47f9-9f04-8059b8d68788'),
 ('481', '481', 'en_gb', '991ffaf-after-pellet-boiler', NULL, '1', '2018-03-12 13:25:46', '2018-03-12 13:25:46', 'e762eb01-d30f-482f-bd6a-eabd50979a77'),
 ('482', '482', 'en_gb', '99b608f-after-staircase', NULL, '1', '2018-03-12 13:25:46', '2018-03-12 13:27:19', '2e791dd6-2103-433d-8152-0d89675c565f'),
 ('483', '483', 'en_gb', '86ac71f-before-front-elevation', NULL, '1', '2018-03-12 13:25:46', '2018-03-12 13:27:19', '59808d0b-9311-42d9-a848-17fb1791f6f8'),
 ('484', '484', 'en_gb', '7f8cc79-before-garden-view', NULL, '1', '2018-03-12 13:25:46', '2018-03-12 13:27:19', '169c994e-babf-4aef-9959-bc53f031a1ba'),
 ('485', '485', 'en_gb', '1461db3-during-2', NULL, '1', '2018-03-12 13:25:46', '2018-03-12 13:27:19', '39caf4ec-217a-4edd-94c9-52449023aa4a'),
 ('486', '486', 'en_gb', '017e50a-after-pellet-boiler', NULL, '1', '2018-03-12 13:26:44', '2018-03-12 13:26:44', 'a0a1c215-d472-46d4-8a9b-52a0db11eb32'),
 ('487', '487', 'en_gb', '4c08ad2-after-front-elevation', NULL, '1', '2018-03-12 13:26:54', '2018-03-12 13:27:19', 'a363d811-fd92-4f28-aa64-0379a457f4cd'),
 ('488', '488', 'en_gb', '2d1f6cf-after-garden-view', NULL, '1', '2018-03-12 13:26:58', '2018-03-12 13:27:19', '0d0a9bf1-ce03-4a43-af4b-86faff2d9b42'),
 ('489', '489', 'en_gb', 'cc5bb00-after-kitchen', NULL, '1', '2018-03-12 13:27:12', '2018-03-12 13:27:19', 'baa141b7-bf69-465f-9c3e-96316a07b670'),
 ('490', '490', 'en_gb', 'after-garden-view', NULL, '1', '2018-03-12 13:27:18', '2018-03-12 13:27:18', 'f6b2c125-daee-459f-983f-db5b561bc6c8'),
 ('491', '491', 'en_gb', 'le-rocher', 'projects/le-rocher', '1', '2018-03-12 13:27:18', '2018-03-12 13:27:18', '5bba897a-2011-4d10-82b6-b4f9719ea3b8');



DROP TABLE IF EXISTS `craft_emailmessages`;


--
-- Schema for table `craft_emailmessages`
--
CREATE TABLE `craft_emailmessages` (
  `id` int(11) NOT NULL AUTO_INCREMENT,
  `key` char(150) COLLATE utf8_unicode_ci NOT NULL,
  `locale` char(12) COLLATE utf8_unicode_ci NOT NULL,
  `subject` varchar(1000) COLLATE utf8_unicode_ci NOT NULL,
  `body` text COLLATE utf8_unicode_ci NOT NULL,
  `dateCreated` datetime NOT NULL,
  `dateUpdated` datetime NOT NULL,
  `uid` char(36) COLLATE utf8_unicode_ci NOT NULL DEFAULT '0',
  PRIMARY KEY (`id`),
  UNIQUE KEY `craft_emailmessages_key_locale_unq_idx` (`key`,`locale`),
  KEY `craft_emailmessages_locale_fk` (`locale`)
) ENGINE=InnoDB DEFAULT CHARSET=utf8 COLLATE=utf8_unicode_ci;

DROP TABLE IF EXISTS `craft_entries`;


--
-- Schema for table `craft_entries`
--
CREATE TABLE `craft_entries` (
  `id` int(11) NOT NULL,
  `sectionId` int(11) NOT NULL,
  `typeId` int(11) DEFAULT NULL,
  `authorId` int(11) DEFAULT NULL,
  `postDate` datetime DEFAULT NULL,
  `expiryDate` datetime DEFAULT NULL,
  `dateCreated` datetime NOT NULL,
  `dateUpdated` datetime NOT NULL,
  `uid` char(36) COLLATE utf8_unicode_ci NOT NULL DEFAULT '0',
  PRIMARY KEY (`id`),
  KEY `craft_entries_sectionId_idx` (`sectionId`),
  KEY `craft_entries_typeId_idx` (`typeId`),
  KEY `craft_entries_postDate_idx` (`postDate`),
  KEY `craft_entries_expiryDate_idx` (`expiryDate`),
  KEY `craft_entries_authorId_fk` (`authorId`)
) ENGINE=InnoDB DEFAULT CHARSET=utf8 COLLATE=utf8_unicode_ci;

--
-- Data for table `craft_entries`
--

INSERT INTO `craft_entries` (`id`, `sectionId`, `typeId`, `authorId`, `postDate`, `expiryDate`, `dateCreated`, `dateUpdated`, `uid`) VALUES
 ('2', '1', NULL, NULL, '2018-01-18 10:53:40', NULL, '2018-01-18 10:53:40', '2018-01-18 10:53:40', 'c5b9e93c-9d03-42ab-903e-eeeec866f802'),
 ('4', '3', '3', '1', '2018-01-26 15:51:00', NULL, '2018-01-26 15:51:25', '2018-02-22 10:30:11', '7570ddf4-d6d6-4825-b7ac-3f3aaad6a5f9'),
 ('368', '2', '2', '1', '2018-02-26 15:49:00', NULL, '2018-02-26 15:49:08', '2018-02-27 13:21:09', '3eae4c72-a461-4b8f-8773-8dfcfb485735'),
 ('369', '2', '2', '1', '2018-02-26 15:49:00', NULL, '2018-02-26 15:49:14', '2018-02-26 16:39:51', 'e34cc4a8-10c0-4a9a-bc71-84cc96f09b03'),
 ('491', '3', '3', '326', '2018-03-12 00:00:00', NULL, '2018-03-12 13:27:19', '2018-03-12 13:27:19', 'f0a9c8f4-936d-4a86-988c-60824beb2178');



DROP TABLE IF EXISTS `craft_entrydrafts`;


--
-- Schema for table `craft_entrydrafts`
--
CREATE TABLE `craft_entrydrafts` (
  `id` int(11) NOT NULL AUTO_INCREMENT,
  `entryId` int(11) NOT NULL,
  `sectionId` int(11) NOT NULL,
  `creatorId` int(11) NOT NULL,
  `locale` char(12) COLLATE utf8_unicode_ci NOT NULL,
  `name` varchar(255) COLLATE utf8_unicode_ci NOT NULL,
  `notes` tinytext COLLATE utf8_unicode_ci,
  `data` mediumtext COLLATE utf8_unicode_ci NOT NULL,
  `dateCreated` datetime NOT NULL,
  `dateUpdated` datetime NOT NULL,
  `uid` char(36) COLLATE utf8_unicode_ci NOT NULL DEFAULT '0',
  PRIMARY KEY (`id`),
  KEY `craft_entrydrafts_entryId_locale_idx` (`entryId`,`locale`),
  KEY `craft_entrydrafts_sectionId_fk` (`sectionId`),
  KEY `craft_entrydrafts_creatorId_fk` (`creatorId`),
  KEY `craft_entrydrafts_locale_fk` (`locale`)
) ENGINE=InnoDB DEFAULT CHARSET=utf8 COLLATE=utf8_unicode_ci;

DROP TABLE IF EXISTS `craft_entrytypes`;


--
-- Schema for table `craft_entrytypes`
--
CREATE TABLE `craft_entrytypes` (
  `id` int(11) NOT NULL AUTO_INCREMENT,
  `sectionId` int(11) NOT NULL,
  `fieldLayoutId` int(11) DEFAULT NULL,
  `name` varchar(255) COLLATE utf8_unicode_ci NOT NULL,
  `handle` varchar(255) COLLATE utf8_unicode_ci NOT NULL,
  `hasTitleField` tinyint(1) unsigned NOT NULL DEFAULT '1',
  `titleLabel` varchar(255) COLLATE utf8_unicode_ci DEFAULT 'Title',
  `titleFormat` varchar(255) COLLATE utf8_unicode_ci DEFAULT NULL,
  `sortOrder` smallint(6) unsigned DEFAULT NULL,
  `dateCreated` datetime NOT NULL,
  `dateUpdated` datetime NOT NULL,
  `uid` char(36) COLLATE utf8_unicode_ci NOT NULL DEFAULT '0',
  PRIMARY KEY (`id`),
  UNIQUE KEY `craft_entrytypes_name_sectionId_unq_idx` (`name`,`sectionId`),
  UNIQUE KEY `craft_entrytypes_handle_sectionId_unq_idx` (`handle`,`sectionId`),
  KEY `craft_entrytypes_sectionId_fk` (`sectionId`),
  KEY `craft_entrytypes_fieldLayoutId_fk` (`fieldLayoutId`)
) ENGINE=InnoDB AUTO_INCREMENT=4 DEFAULT CHARSET=utf8 COLLATE=utf8_unicode_ci;

--
-- Data for table `craft_entrytypes`
--

INSERT INTO `craft_entrytypes` (`id`, `sectionId`, `fieldLayoutId`, `name`, `handle`, `hasTitleField`, `titleLabel`, `titleFormat`, `sortOrder`, `dateCreated`, `dateUpdated`, `uid`) VALUES
 ('1', '1', '3', 'Homepage', 'homepage', '1', 'Title', NULL, '1', '2018-01-18 10:53:40', '2018-01-18 10:53:40', '9b511af6-0744-46a0-915f-92d29ba4d4a5'),
 ('2', '2', '101', 'News', 'news', '1', 'Title', NULL, '1', '2018-01-18 10:53:41', '2018-02-27 13:30:28', 'f64e2f37-d837-48b2-b5bc-26734ce36102'),
 ('3', '3', '105', 'Projects', 'projects', '1', 'Title', NULL, '1', '2018-01-26 15:50:35', '2018-03-05 16:13:31', 'a0c0a188-8181-4d45-8127-ebbfa34b3392');



DROP TABLE IF EXISTS `craft_entryversions`;


--
-- Schema for table `craft_entryversions`
--
CREATE TABLE `craft_entryversions` (
  `id` int(11) NOT NULL AUTO_INCREMENT,
  `entryId` int(11) NOT NULL,
  `sectionId` int(11) NOT NULL,
  `creatorId` int(11) DEFAULT NULL,
  `locale` char(12) COLLATE utf8_unicode_ci NOT NULL,
  `num` smallint(6) unsigned NOT NULL,
  `notes` tinytext COLLATE utf8_unicode_ci,
  `data` mediumtext COLLATE utf8_unicode_ci NOT NULL,
  `dateCreated` datetime NOT NULL,
  `dateUpdated` datetime NOT NULL,
  `uid` char(36) COLLATE utf8_unicode_ci NOT NULL DEFAULT '0',
  PRIMARY KEY (`id`),
  KEY `craft_entryversions_entryId_locale_idx` (`entryId`,`locale`),
  KEY `craft_entryversions_sectionId_fk` (`sectionId`),
  KEY `craft_entryversions_creatorId_fk` (`creatorId`),
  KEY `craft_entryversions_locale_fk` (`locale`)
) ENGINE=InnoDB AUTO_INCREMENT=84 DEFAULT CHARSET=utf8 COLLATE=utf8_unicode_ci;

--
-- Data for table `craft_entryversions`
--

INSERT INTO `craft_entryversions` (`id`, `entryId`, `sectionId`, `creatorId`, `locale`, `num`, `notes`, `data`, `dateCreated`, `dateUpdated`, `uid`) VALUES
 ('1', '2', '1', '1', 'en_gb', '1', NULL, '{\"typeId\":\"1\",\"authorId\":null,\"title\":\"Homepage\",\"slug\":\"homepage\",\"postDate\":1516272820,\"expiryDate\":null,\"enabled\":1,\"parentId\":null,\"fields\":[]}', '2018-01-18 10:53:40', '2018-01-18 10:53:40', '38f41b32-0190-4349-a9a3-e56edafa99eb'),
 ('2', '2', '1', '1', 'en_gb', '2', NULL, '{\"typeId\":null,\"authorId\":null,\"title\":\"Welcome to Localhost!\",\"slug\":\"homepage\",\"postDate\":1516272820,\"expiryDate\":null,\"enabled\":\"1\",\"parentId\":null,\"fields\":{\"1\":\"<p>It\\u2019s true, this site doesn\\u2019t have a whole lot of content yet, but don\\u2019t worry. Our web developers have just installed the CMS, and they\\u2019re setting things up for the content editors this very moment. Soon Localhost will be an oasis of fresh perspectives, sharp analyses, and astute opinions that will keep you coming back again and again.<\\/p>\"}}', '2018-01-18 10:53:40', '2018-01-18 10:53:40', '444775ee-bb92-41c3-bc01-fa28501e0b4f'),
 ('4', '4', '3', '1', 'en_gb', '1', '', '{\"typeId\":null,\"authorId\":\"1\",\"title\":\"Example project 1\",\"slug\":\"example-project-1\",\"postDate\":1516981885,\"expiryDate\":null,\"enabled\":1,\"parentId\":null,\"fields\":[]}', '2018-01-26 15:51:25', '2018-01-26 15:51:25', '010199bc-b924-47de-bd0c-61b89882748c'),
 ('5', '4', '3', '1', 'en_gb', '2', '', '{\"typeId\":\"3\",\"authorId\":\"1\",\"title\":\"Example project 1\",\"slug\":\"example-project-1\",\"postDate\":1516981860,\"expiryDate\":null,\"enabled\":1,\"parentId\":null,\"fields\":{\"3\":[\"6\"]}}', '2018-01-30 11:17:22', '2018-01-30 11:17:22', '53ab73a0-c54e-43c8-8de6-f5f97f8ac488'),
 ('6', '4', '3', '1', 'en_gb', '3', '', '{\"typeId\":\"3\",\"authorId\":\"1\",\"title\":\"Example project 1\",\"slug\":\"example-project-1\",\"postDate\":1516981860,\"expiryDate\":null,\"enabled\":1,\"parentId\":null,\"fields\":{\"3\":[\"6\"],\"4\":{\"new1\":{\"type\":\"creditBlock\",\"enabled\":\"1\",\"fields\":{\"credits\":[{\"col1\":\"COMPANY\",\"col2\":\"Godel Architects\"},{\"col1\":\"PROJECT\",\"col2\":\"Example project 1\"},{\"col1\":\"LOCATION\",\"col2\":\"St Peter, Jersey\"},{\"col1\":\"WEBSITE\",\"col2\":\"www.godelarchitects.com\"}],\"images\":[\"9\",\"10\"]}}}}}', '2018-01-30 12:32:38', '2018-01-30 12:32:38', 'a59e07a8-84b4-49e3-94a1-1070299f7c40'),
 ('7', '4', '3', '1', 'en_gb', '4', '', '{\"typeId\":\"3\",\"authorId\":\"1\",\"title\":\"Example project 1\",\"slug\":\"example-project-1\",\"postDate\":1516981860,\"expiryDate\":null,\"enabled\":1,\"parentId\":null,\"fields\":{\"3\":[\"6\"],\"4\":{\"11\":{\"type\":\"creditBlock\",\"enabled\":\"1\",\"fields\":{\"credits\":[{\"col1\":\"COMPANY\",\"col2\":\"Godel Architects\"},{\"col1\":\"PROJECT\",\"col2\":\"Example project 1\"},{\"col1\":\"LOCATION\",\"col2\":\"St Peter, Jersey\"},{\"col1\":\"WEBSITE\",\"col2\":\"www.godelarchitects.com\"}],\"images\":[\"9\",\"10\"]}},\"new1\":{\"type\":\"imageGrid\",\"enabled\":\"1\",\"fields\":{\"images\":[\"6\",\"18\",\"19\",\"29\",\"20\",\"30\",\"9\",\"10\"]}}}}}', '2018-01-30 13:33:34', '2018-01-30 13:33:34', '5d73da45-378e-4054-888f-34df2da1c072'),
 ('8', '4', '3', '1', 'en_gb', '5', '', '{\"typeId\":\"3\",\"authorId\":\"1\",\"title\":\"Example project 1\",\"slug\":\"example-project-1\",\"postDate\":1516981860,\"expiryDate\":null,\"enabled\":1,\"parentId\":null,\"fields\":{\"3\":[\"6\"],\"4\":{\"11\":{\"type\":\"creditBlock\",\"enabled\":\"1\",\"fields\":{\"credits\":[{\"col1\":\"COMPANY\",\"col2\":\"Godel Architects\"},{\"col1\":\"PROJECT\",\"col2\":\"Example project 1\"},{\"col1\":\"LOCATION\",\"col2\":\"St Peter, Jersey\"},{\"col1\":\"WEBSITE\",\"col2\":\"www.godelarchitects.com\"}],\"images\":[\"9\",\"10\"]}},\"31\":{\"type\":\"imageGrid\",\"enabled\":\"1\",\"fields\":{\"images\":[\"6\",\"18\",\"19\",\"29\",\"20\",\"30\",\"9\",\"10\"]}},\"new1\":{\"type\":\"videoBlock\",\"enabled\":\"1\",\"fields\":{\"youtubeUrl\":\"https:\\/\\/www.youtube.com\\/watch?v=xcJtL7QggTI\",\"vimeoUrl\":\"\"}}}}}', '2018-01-30 14:41:31', '2018-01-30 14:41:31', 'f5e2acb8-bafb-4144-95ef-c085624b2bf8'),
 ('9', '4', '3', '1', 'en_gb', '6', '', '{\"typeId\":\"3\",\"authorId\":\"1\",\"title\":\"Example project 1\",\"slug\":\"example-project-1\",\"postDate\":1516981860,\"expiryDate\":null,\"enabled\":1,\"parentId\":null,\"fields\":{\"3\":[\"35\"],\"4\":{\"11\":{\"type\":\"creditBlock\",\"enabled\":\"1\",\"fields\":{\"credits\":[{\"col1\":\"COMPANY\",\"col2\":\"Godel Architects\"},{\"col1\":\"PROJECT\",\"col2\":\"Example project 1\"},{\"col1\":\"LOCATION\",\"col2\":\"St Peter, Jersey\"},{\"col1\":\"WEBSITE\",\"col2\":\"www.godelarchitects.com\"}],\"images\":[\"9\",\"10\"]}},\"31\":{\"type\":\"imageGrid\",\"enabled\":\"1\",\"fields\":{\"images\":[\"6\",\"18\",\"19\",\"29\",\"20\",\"30\",\"9\",\"10\"]}},\"32\":{\"type\":\"videoBlock\",\"enabled\":\"1\",\"fields\":{\"youtubeUrl\":\"https:\\/\\/www.youtube.com\\/watch?v=xcJtL7QggTI\",\"vimeoUrl\":\"\",\"videoPoster\":[\"29\"]}}}}}', '2018-01-30 15:05:12', '2018-01-30 15:05:12', 'c0371c0f-6c5d-484f-94a4-cbb8fdec8a73'),
 ('10', '4', '3', '1', 'en_gb', '7', '', '{\"typeId\":\"3\",\"authorId\":\"1\",\"title\":\"Example project 1\",\"slug\":\"example-project-1\",\"postDate\":1516981860,\"expiryDate\":null,\"enabled\":1,\"parentId\":null,\"fields\":{\"3\":[\"35\"],\"4\":{\"11\":{\"type\":\"creditBlock\",\"enabled\":\"1\",\"fields\":{\"credits\":[{\"col1\":\"COMPANY\",\"col2\":\"Godel Architects\"},{\"col1\":\"PROJECT\",\"col2\":\"Example project 1\"},{\"col1\":\"LOCATION\",\"col2\":\"St Peter, Jersey\"},{\"col1\":\"WEBSITE\",\"col2\":\"www.godelarchitects.com\"}],\"images\":[\"9\",\"10\"]}},\"31\":{\"type\":\"imageGrid\",\"enabled\":\"1\",\"fields\":{\"images\":[\"6\",\"18\",\"19\",\"29\",\"20\",\"30\",\"9\",\"10\"]}},\"32\":{\"type\":\"videoBlock\",\"enabled\":\"1\",\"fields\":{\"youtubeUrl\":\"https:\\/\\/www.youtube.com\\/watch?v=xcJtL7QggTI\\/\",\"vimeoUrl\":\"\",\"videoPoster\":[\"29\"]}}}}}', '2018-01-30 16:19:25', '2018-01-30 16:19:25', '58191b18-e9e9-419f-9a86-cb465fcc1371'),
 ('11', '4', '3', '1', 'en_gb', '8', '', '{\"typeId\":\"3\",\"authorId\":\"1\",\"title\":\"Example project 1\",\"slug\":\"example-project-1\",\"postDate\":1516981860,\"expiryDate\":null,\"enabled\":1,\"parentId\":null,\"fields\":{\"3\":[\"35\"],\"4\":{\"11\":{\"type\":\"creditBlock\",\"enabled\":\"1\",\"fields\":{\"credits\":[{\"col1\":\"COMPANY\",\"col2\":\"Godel Architects\"},{\"col1\":\"PROJECT\",\"col2\":\"Example project 1\"},{\"col1\":\"LOCATION\",\"col2\":\"St Peter, Jersey\"},{\"col1\":\"WEBSITE\",\"col2\":\"www.godelarchitects.com\"}],\"images\":[\"9\",\"10\"]}},\"31\":{\"type\":\"imageGrid\",\"enabled\":\"1\",\"fields\":{\"images\":[\"6\",\"18\",\"19\",\"29\",\"20\",\"30\",\"9\",\"10\"]}},\"32\":{\"type\":\"videoBlock\",\"enabled\":\"1\",\"fields\":{\"youtubeUrl\":\"https:\\/\\/www.youtube.com\\/watch?v=xcJtL7QggTI\\/\",\"vimeoUrl\":\"\",\"videoPoster\":[\"29\"],\"credits\":[{\"col1\":\"video by\",\"col2\":\"iPOP Digital\"},{\"col1\":\"PHOTOGRAPHY BY\",\"col2\":\"Andy Le Gresley\"},{\"col1\":\"Art Direction\",\"col2\":\"Jon Moore\"},{\"col1\":\"WEBSITE\",\"col2\":\"www.ipopdigital.com\"}]}}}}}', '2018-01-30 16:36:34', '2018-01-30 16:36:34', 'b933fadc-4e2e-402c-b9da-dc410c0494d3'),
 ('12', '4', '3', '1', 'en_gb', '9', '', '{\"typeId\":\"3\",\"authorId\":\"1\",\"title\":\"Example project 1\",\"slug\":\"example-project-1\",\"postDate\":1516981860,\"expiryDate\":null,\"enabled\":1,\"parentId\":null,\"fields\":{\"3\":[\"35\"],\"4\":{\"11\":{\"type\":\"creditBlock\",\"enabled\":\"1\",\"fields\":{\"credits\":[{\"col1\":\"COMPANY\",\"col2\":\"Godel Architects\"},{\"col1\":\"PROJECT\",\"col2\":\"Example project 1\"},{\"col1\":\"LOCATION\",\"col2\":\"St Peter, Jersey\"},{\"col1\":\"WEBSITE\",\"col2\":\"www.godelarchitects.com\"}],\"images\":[\"9\",\"10\"]}},\"31\":{\"type\":\"imageGrid\",\"enabled\":\"1\",\"fields\":{\"images\":[\"6\",\"18\",\"19\",\"29\",\"20\",\"30\",\"9\",\"10\"]}},\"32\":{\"type\":\"videoBlock\",\"enabled\":\"1\",\"fields\":{\"youtubeUrl\":\"https:\\/\\/www.youtube.com\\/watch?v=xcJtL7QggTI\\/\",\"vimeoUrl\":\"\",\"videoPoster\":[\"29\"],\"credits\":[{\"col1\":\"video by\",\"col2\":\"iPOP Digital\"},{\"col1\":\"PHOTOGRAPHY BY\",\"col2\":\"Andy Le Gresley\"},{\"col1\":\"Art Direction\",\"col2\":\"Jon Moore\"},{\"col1\":\"WEBSITE\",\"col2\":\"www.ipopdigital.com\"}]}},\"new1\":{\"type\":\"quoteBlock\",\"enabled\":\"1\",\"fields\":{\"quote\":\"\\u201cLorem ipsum dolor sit amet, consectetuer adipiscing elit, sed diam nonummy nibh euismod tincidunt ut laoreet dolore magna aliquam erat volutpat.\\u201d\",\"quoter\":\"\",\"image\":\"\"}}}}}', '2018-01-30 16:40:59', '2018-01-30 16:40:59', 'b9b3d35c-c07c-42a4-b773-ff29210bcb58'),
 ('13', '4', '3', '1', 'en_gb', '10', '', '{\"typeId\":\"3\",\"authorId\":\"1\",\"title\":\"Example project 1\",\"slug\":\"example-project-1\",\"postDate\":1516981860,\"expiryDate\":null,\"enabled\":1,\"parentId\":null,\"fields\":{\"3\":[\"35\"],\"4\":{\"11\":{\"type\":\"creditBlock\",\"enabled\":\"1\",\"fields\":{\"credits\":[{\"col1\":\"COMPANY\",\"col2\":\"Godel Architects\"},{\"col1\":\"PROJECT\",\"col2\":\"Example project 1\"},{\"col1\":\"LOCATION\",\"col2\":\"St Peter, Jersey\"},{\"col1\":\"WEBSITE\",\"col2\":\"www.godelarchitects.com\"}],\"images\":[\"9\",\"10\"]}},\"31\":{\"type\":\"imageGrid\",\"enabled\":\"1\",\"fields\":{\"images\":[\"6\",\"18\",\"19\",\"29\",\"20\",\"30\",\"9\",\"10\"]}},\"32\":{\"type\":\"videoBlock\",\"enabled\":\"1\",\"fields\":{\"youtubeUrl\":\"https:\\/\\/www.youtube.com\\/watch?v=xcJtL7QggTI\\/\",\"vimeoUrl\":\"\",\"videoPoster\":[\"29\"],\"credits\":[{\"col1\":\"video by\",\"col2\":\"iPOP Digital\"},{\"col1\":\"PHOTOGRAPHY BY\",\"col2\":\"Andy Le Gresley\"},{\"col1\":\"Art Direction\",\"col2\":\"Jon Moore\"},{\"col1\":\"WEBSITE\",\"col2\":\"www.ipopdigital.com\"}]}},\"36\":{\"type\":\"quoteBlock\",\"enabled\":\"1\",\"fields\":{\"quote\":\"\\u201cLorem ipsum dolor sit amet, consectetuer adipiscing elit, sed diam nonummy nibh euismod tincidunt ut laoreet dolore magna aliquam erat volutpat.\\u201d\",\"quoter\":\"\",\"image\":[\"38\"]}}}}}', '2018-01-30 16:43:42', '2018-01-30 16:43:42', '5e25a484-6fdf-4005-90ff-470a2ec15602'),
 ('14', '4', '3', '1', 'en_gb', '11', '', '{\"typeId\":\"3\",\"authorId\":\"1\",\"title\":\"Example project 1\",\"slug\":\"example-project-1\",\"postDate\":1516981860,\"expiryDate\":null,\"enabled\":1,\"parentId\":null,\"fields\":{\"3\":[\"35\"],\"4\":{\"11\":{\"type\":\"creditBlock\",\"enabled\":\"1\",\"fields\":{\"credits\":[{\"col1\":\"COMPANY\",\"col2\":\"Godel Architects\"},{\"col1\":\"PROJECT\",\"col2\":\"Example project 1\"},{\"col1\":\"LOCATION\",\"col2\":\"St Peter, Jersey\"},{\"col1\":\"WEBSITE\",\"col2\":\"www.godelarchitects.com\"}],\"images\":[\"9\",\"10\"]}},\"31\":{\"type\":\"imageGrid\",\"enabled\":\"1\",\"fields\":{\"images\":[\"6\",\"18\",\"19\",\"29\",\"20\",\"30\",\"9\",\"10\"]}},\"32\":{\"type\":\"videoBlock\",\"enabled\":\"1\",\"fields\":{\"youtubeUrl\":\"https:\\/\\/www.youtube.com\\/watch?v=xcJtL7QggTI\\/\",\"vimeoUrl\":\"\",\"videoPoster\":[\"29\"],\"credits\":[{\"col1\":\"video by\",\"col2\":\"iPOP Digital\"},{\"col1\":\"PHOTOGRAPHY BY\",\"col2\":\"Andy Le Gresley\"},{\"col1\":\"Art Direction\",\"col2\":\"Jon Moore\"},{\"col1\":\"WEBSITE\",\"col2\":\"www.ipopdigital.com\"}]}},\"36\":{\"type\":\"quoteBlock\",\"enabled\":\"1\",\"fields\":{\"quote\":\"\\u201cLorem ipsum dolor sit amet, consectetuer adipiscing elit, sed diam nonummy nibh euismod tincidunt ut laoreet dolore magna aliquam erat volutpat.\\u201d\",\"quoter\":\"JON MOORE,\",\"quoterPosition\":\"the chamber of commerce\",\"image\":[\"38\"]}}}}}', '2018-01-31 09:38:39', '2018-01-31 09:38:39', 'cfbde875-5876-492b-92fe-c7be61d08e42'),
 ('15', '4', '3', '1', 'en_gb', '12', '', '{\"typeId\":\"3\",\"authorId\":\"1\",\"title\":\"Example project 1\",\"slug\":\"example-project-1\",\"postDate\":1516981860,\"expiryDate\":null,\"enabled\":1,\"parentId\":null,\"fields\":{\"33\":\"\",\"29\":\"Godel Architects\",\"3\":[\"35\"],\"31\":\"St Peter, Jersey\",\"30\":\"Example project 1\",\"4\":{\"11\":{\"type\":\"creditBlock\",\"enabled\":\"1\",\"fields\":{\"credits\":[{\"col1\":\"COMPANY\",\"col2\":\"Godel Architects\"},{\"col1\":\"PROJECT\",\"col2\":\"Example project 1\"},{\"col1\":\"LOCATION\",\"col2\":\"St Peter, Jersey\"},{\"col1\":\"WEBSITE\",\"col2\":\"www.godelarchitects.com\"}],\"images\":[\"9\",\"10\"]}},\"31\":{\"type\":\"imageGrid\",\"enabled\":\"1\",\"fields\":{\"images\":[\"6\",\"18\",\"19\",\"29\",\"20\",\"30\",\"9\",\"10\"]}},\"32\":{\"type\":\"videoBlock\",\"enabled\":\"1\",\"fields\":{\"youtubeUrl\":\"https:\\/\\/www.youtube.com\\/watch?v=xcJtL7QggTI\\/\",\"vimeoUrl\":\"\",\"videoPoster\":[\"29\"],\"credits\":[{\"col1\":\"video by\",\"col2\":\"iPOP Digital\"},{\"col1\":\"PHOTOGRAPHY BY\",\"col2\":\"Andy Le Gresley\"},{\"col1\":\"Art Direction\",\"col2\":\"Jon Moore\"},{\"col1\":\"WEBSITE\",\"col2\":\"www.ipopdigital.com\"}]}},\"36\":{\"type\":\"quoteBlock\",\"enabled\":\"1\",\"fields\":{\"quote\":\"\\u201cLorem ipsum dolor sit amet, consectetuer adipiscing elit, sed diam nonummy nibh euismod tincidunt ut laoreet dolore magna aliquam erat volutpat.\\u201d\",\"quoter\":\"JON MOORE,\",\"quoterPosition\":\"the chamber of commerce\",\"image\":[\"38\"]}}},\"32\":\"www.godelarchitects.com\"}}', '2018-02-01 13:06:11', '2018-02-01 13:06:11', '3064e716-ed1b-4315-b818-16145613cfea'),
 ('16', '4', '3', '1', 'en_gb', '13', '', '{\"typeId\":\"3\",\"authorId\":\"1\",\"title\":\"Example project 1\",\"slug\":\"example-project-1\",\"postDate\":1516981860,\"expiryDate\":null,\"enabled\":1,\"parentId\":null,\"fields\":{\"33\":\"John smitg\",\"29\":\"Godel Architects\",\"3\":[\"35\"],\"31\":\"St Peter, Jersey\",\"30\":\"Example project 1\",\"4\":{\"11\":{\"type\":\"creditBlock\",\"enabled\":\"1\",\"fields\":{\"credits\":[{\"col1\":\"COMPANY\",\"col2\":\"Godel Architects\"},{\"col1\":\"PROJECT\",\"col2\":\"Example project 1\"},{\"col1\":\"LOCATION\",\"col2\":\"St Peter, Jersey\"},{\"col1\":\"WEBSITE\",\"col2\":\"www.godelarchitects.com\"}],\"images\":[\"9\",\"10\"]}},\"31\":{\"type\":\"imageGrid\",\"enabled\":\"1\",\"fields\":{\"images\":[\"6\",\"18\",\"19\",\"29\",\"20\",\"30\",\"9\",\"10\"]}},\"32\":{\"type\":\"videoBlock\",\"enabled\":\"1\",\"fields\":{\"youtubeUrl\":\"https:\\/\\/www.youtube.com\\/watch?v=xcJtL7QggTI\\/\",\"vimeoUrl\":\"\",\"videoPoster\":[\"29\"],\"credits\":[{\"col1\":\"video by\",\"col2\":\"iPOP Digital\"},{\"col1\":\"PHOTOGRAPHY BY\",\"col2\":\"Andy Le Gresley\"},{\"col1\":\"Art Direction\",\"col2\":\"Jon Moore\"},{\"col1\":\"WEBSITE\",\"col2\":\"www.ipopdigital.com\"}]}},\"36\":{\"type\":\"quoteBlock\",\"enabled\":\"1\",\"fields\":{\"quote\":\"\\u201cLorem ipsum dolor sit amet, consectetuer adipiscing elit, sed diam nonummy nibh euismod tincidunt ut laoreet dolore magna aliquam erat volutpat.\\u201d\",\"quoter\":\"JON MOORE,\",\"quoterPosition\":\"the chamber of commerce\",\"image\":[\"38\"]}}},\"32\":\"www.godelarchitects.com\"}}', '2018-02-01 13:06:24', '2018-02-01 13:06:24', 'b08148cc-7de2-4f0b-92b4-2c7a2131d98c'),
 ('25', '4', '3', '1', 'en_gb', '14', '', '{\"typeId\":\"3\",\"authorId\":\"1\",\"title\":\"Example project 1\",\"slug\":\"example-project-1\",\"postDate\":1516981860,\"expiryDate\":null,\"enabled\":1,\"parentId\":null,\"fields\":{\"34\":\"Lorem ipsum dolor sit amet, consectetuer adipiscing elit, sed diam nonummy nibh euismod tincidunt ut laoreet dolore magna aliquam erat volutpat. Ut wisi enim ad minim\",\"33\":\"John smitg\",\"29\":\"Godel Architects\",\"3\":[\"35\"],\"31\":\"St Peter, Jersey\",\"4\":{\"11\":{\"type\":\"creditBlock\",\"enabled\":\"1\",\"fields\":{\"credits\":[{\"col1\":\"COMPANY\",\"col2\":\"Godel Architects\"},{\"col1\":\"PROJECT\",\"col2\":\"Example project 1\"},{\"col1\":\"LOCATION\",\"col2\":\"St Peter, Jersey\"},{\"col1\":\"WEBSITE\",\"col2\":\"www.godelarchitects.com\"}],\"images\":[\"9\",\"10\"]}},\"31\":{\"type\":\"imageGrid\",\"enabled\":\"1\",\"fields\":{\"images\":[\"6\",\"18\",\"19\",\"29\",\"20\",\"30\",\"9\",\"10\"]}},\"32\":{\"type\":\"videoBlock\",\"enabled\":\"1\",\"fields\":{\"youtubeUrl\":\"https:\\/\\/www.youtube.com\\/watch?v=xcJtL7QggTI\\/\",\"vimeoUrl\":\"\",\"videoPoster\":[\"29\"],\"credits\":[{\"col1\":\"video by\",\"col2\":\"iPOP Digital\"},{\"col1\":\"PHOTOGRAPHY BY\",\"col2\":\"Andy Le Gresley\"},{\"col1\":\"Art Direction\",\"col2\":\"Jon Moore\"},{\"col1\":\"WEBSITE\",\"col2\":\"www.ipopdigital.com\"}]}},\"36\":{\"type\":\"quoteBlock\",\"enabled\":\"1\",\"fields\":{\"quote\":\"\\u201cLorem ipsum dolor sit amet, consectetuer adipiscing elit, sed diam nonummy nibh euismod tincidunt ut laoreet dolore magna aliquam erat volutpat.\\u201d\",\"quoter\":\"JON MOORE,\",\"quoterPosition\":\"the chamber of commerce\",\"image\":[\"38\"]}}},\"32\":\"www.godelarchitects.com\"}}', '2018-02-01 15:34:03', '2018-02-01 15:34:03', 'bc67bb00-c182-4190-9100-e6e281d5af97'),
 ('26', '4', '3', '1', 'en_gb', '15', '', '{\"typeId\":\"3\",\"authorId\":\"1\",\"title\":\"Example project 1\",\"slug\":\"example-project-1\",\"postDate\":1516981860,\"expiryDate\":null,\"enabled\":1,\"parentId\":null,\"fields\":{\"34\":\"Lorem ipsum dolor sit amet, consectetuer adipiscing elit, sed diam nonummy nibh euismod tincidunt ut laoreet dolore magna aliquam erat volutpat. Ut wisi enim ad minim\",\"33\":\"John smitg\",\"29\":\"Godel Architects\",\"3\":[\"35\"],\"31\":\"St Peter, Jersey\",\"4\":{\"11\":{\"type\":\"creditBlock\",\"enabled\":\"1\",\"fields\":{\"images\":[\"9\",\"10\"]}},\"31\":{\"type\":\"imageGrid\",\"enabled\":\"1\",\"fields\":{\"images\":[\"6\",\"18\",\"19\",\"29\",\"20\",\"30\",\"9\",\"10\"]}},\"32\":{\"type\":\"videoBlock\",\"enabled\":\"1\",\"fields\":{\"youtubeUrl\":\"https:\\/\\/www.youtube.com\\/watch?v=xcJtL7QggTI\\/\",\"vimeoUrl\":\"\",\"videoPoster\":[\"29\"],\"credits\":[{\"col1\":\"video by\",\"col2\":\"iPOP Digital\"},{\"col1\":\"PHOTOGRAPHY BY\",\"col2\":\"Andy Le Gresley\"},{\"col1\":\"Art Direction\",\"col2\":\"Jon Moore\"},{\"col1\":\"WEBSITE\",\"col2\":\"www.ipopdigital.com\"}]}},\"36\":{\"type\":\"quoteBlock\",\"enabled\":\"1\",\"fields\":{\"quote\":\"\\u201cLorem ipsum dolor sit amet, consectetuer adipiscing elit, sed diam nonummy nibh euismod tincidunt ut laoreet dolore magna aliquam erat volutpat.\\u201d\",\"quoter\":\"JON MOORE,\",\"quoterPosition\":\"the chamber of commerce\",\"image\":[\"38\"]}},\"new1\":{\"type\":\"fullWidthSlider\",\"enabled\":\"1\",\"fields\":{\"images\":[\"76\",\"6\",\"96\",\"92\",\"9\"]}}},\"32\":\"www.godelarchitects.com\"}}', '2018-02-05 09:54:44', '2018-02-05 09:54:44', '68ad5fa0-6983-453f-b281-6faa035799fe'),
 ('38', '4', '3', '1', 'en_gb', '16', '', '{\"typeId\":\"3\",\"authorId\":\"1\",\"title\":\"Example project 1\",\"slug\":\"example-project-1\",\"postDate\":1516981860,\"expiryDate\":null,\"enabled\":1,\"parentId\":null,\"fields\":{\"34\":\"Lorem ipsum dolor sit amet, consectetuer adipiscing elit, sed diam nonummy nibh euismod tincidunt ut laoreet dolore magna aliquam erat volutpat. Ut wisi enim ad minim\",\"33\":\"John smitg\",\"29\":\"Godel Architects\",\"3\":[\"35\"],\"31\":\"St Peter, Jersey\",\"4\":{\"11\":{\"type\":\"creditBlock\",\"enabled\":\"1\",\"fields\":{\"images\":[\"9\",\"10\"]}},\"31\":{\"type\":\"imageGrid\",\"enabled\":\"1\",\"fields\":{\"images\":[\"6\",\"18\",\"19\",\"29\",\"20\",\"30\",\"9\",\"10\"]}},\"32\":{\"type\":\"videoBlock\",\"enabled\":\"1\",\"fields\":{\"youtubeUrl\":\"https:\\/\\/www.youtube.com\\/watch?v=xcJtL7QggTI\\/\",\"vimeoUrl\":\"\",\"videoPoster\":[\"29\"],\"credits\":[{\"col1\":\"video by\",\"col2\":\"iPOP Digital\"},{\"col1\":\"PHOTOGRAPHY BY\",\"col2\":\"Andy Le Gresley\"},{\"col1\":\"Art Direction\",\"col2\":\"Jon Moore\"},{\"col1\":\"WEBSITE\",\"col2\":\"www.ipopdigital.com\"}]}},\"36\":{\"type\":\"quoteBlock\",\"enabled\":\"1\",\"fields\":{\"quote\":\"Lorem ipsum dolor sit amet, consectetuer adipiscing elit, sed diam nonummy nibh euismod tincidunt ut laoreet dolore magna aliquam erat volutpat.\",\"quoter\":\"JON MOORE,\",\"quoterPosition\":\"the chamber of commerce\",\"image\":[\"38\"]}},\"110\":{\"type\":\"fullWidthSlider\",\"enabled\":\"1\",\"fields\":{\"images\":[\"6\",\"9\"]}}},\"36\":\"\",\"32\":\"www.godelarchitects.com\"}}', '2018-02-14 09:47:06', '2018-02-14 09:47:06', 'cd1fd52c-7091-4eaf-a197-398b4bd42672'),
 ('52', '4', '3', '1', 'en_gb', '17', '', '{\"typeId\":\"3\",\"authorId\":\"1\",\"title\":\"Example project 1\",\"slug\":\"example-project-1\",\"postDate\":1516981860,\"expiryDate\":null,\"enabled\":1,\"parentId\":null,\"fields\":{\"34\":\"Lorem ipsum dolor sit amet, consectetuer adipiscing elit, sed diam nonummy nibh euismod tincidunt ut laoreet dolore magna aliquam erat volutpat. Ut wisi enim ad minim\",\"33\":\"John smitg\",\"29\":\"Godel Architects\",\"31\":\"St Peter, Jersey\",\"4\":{\"31\":{\"type\":\"imageGrid\",\"enabled\":\"1\",\"fields\":{\"images\":[\"6\",\"18\",\"19\",\"29\",\"20\",\"30\",\"9\",\"10\"]}},\"32\":{\"type\":\"videoBlock\",\"enabled\":\"1\",\"fields\":{\"youtubeUrl\":\"https:\\/\\/www.youtube.com\\/watch?v=xcJtL7QggTI\\/\",\"vimeoUrl\":\"\",\"videoPoster\":[\"29\"],\"credits\":[{\"col1\":\"video by\",\"col2\":\"iPOP Digital\"},{\"col1\":\"PHOTOGRAPHY BY\",\"col2\":\"Andy Le Gresley\"},{\"col1\":\"Art Direction\",\"col2\":\"Jon Moore\"},{\"col1\":\"WEBSITE\",\"col2\":\"www.ipopdigital.com\"}]}},\"36\":{\"type\":\"quoteBlock\",\"enabled\":\"1\",\"fields\":{\"quote\":\"Lorem ipsum dolor sit amet, consectetuer adipiscing elit, sed diam nonummy nibh euismod tincidunt ut laoreet dolore magna aliquam erat volutpat.\",\"quoter\":\"JON MOORE,\",\"quoterPosition\":\"the chamber of commerce\",\"image\":[\"38\"]}},\"110\":{\"type\":\"fullWidthSlider\",\"enabled\":\"1\",\"fields\":{\"images\":[\"6\",\"9\"]}}},\"36\":\"\",\"32\":\"www.godelarchitects.com\"}}', '2018-02-22 10:10:18', '2018-02-22 10:10:18', '5bb0bfde-41db-496e-99bd-003d8f44d084'),
 ('53', '4', '3', '1', 'en_gb', '18', '', '{\"typeId\":\"3\",\"authorId\":\"1\",\"title\":\"Example project 1\",\"slug\":\"example-project-1\",\"postDate\":1516981860,\"expiryDate\":null,\"enabled\":1,\"parentId\":null,\"fields\":{\"34\":\"Lorem ipsum dolor sit amet, consectetuer adipiscing elit, sed diam nonummy nibh euismod tincidunt ut laoreet dolore magna aliquam erat volutpat. Ut wisi enim ad minim\",\"33\":\"John smitg\",\"29\":\"Godel Architects\",\"39\":[\"325\"],\"31\":\"St Peter, Jersey\",\"4\":{\"31\":{\"type\":\"imageGrid\",\"enabled\":\"1\",\"fields\":{\"images\":[\"6\",\"18\",\"19\",\"29\",\"20\",\"30\",\"9\",\"10\"]}},\"32\":{\"type\":\"videoBlock\",\"enabled\":\"1\",\"fields\":{\"youtubeUrl\":\"https:\\/\\/www.youtube.com\\/watch?v=xcJtL7QggTI\\/\",\"vimeoUrl\":\"\",\"videoPoster\":[\"29\"],\"credits\":[{\"col1\":\"video by\",\"col2\":\"iPOP Digital\"},{\"col1\":\"PHOTOGRAPHY BY\",\"col2\":\"Andy Le Gresley\"},{\"col1\":\"Art Direction\",\"col2\":\"Jon Moore\"},{\"col1\":\"WEBSITE\",\"col2\":\"www.ipopdigital.com\"}]}},\"36\":{\"type\":\"quoteBlock\",\"enabled\":\"1\",\"fields\":{\"quote\":\"Lorem ipsum dolor sit amet, consectetuer adipiscing elit, sed diam nonummy nibh euismod tincidunt ut laoreet dolore magna aliquam erat volutpat.\",\"quoter\":\"JON MOORE,\",\"quoterPosition\":\"the chamber of commerce\",\"image\":[\"38\"]}},\"110\":{\"type\":\"fullWidthSlider\",\"enabled\":\"1\",\"fields\":{\"images\":[\"6\",\"9\"]}}},\"36\":\"\",\"32\":\"www.godelarchitects.com\"}}', '2018-02-22 10:11:20', '2018-02-22 10:11:20', '2b76bb96-a1fa-4bf7-9ddf-ba031e6271f0'),
 ('54', '4', '3', '1', 'en_gb', '19', '', '{\"typeId\":\"3\",\"authorId\":\"1\",\"title\":\"Example project 1\",\"slug\":\"example-project-1\",\"postDate\":1516981860,\"expiryDate\":null,\"enabled\":1,\"parentId\":null,\"fields\":{\"34\":\"Lorem ipsum dolor sit amet, consectetuer adipiscing elit, sed diam nonummy nibh euismod tincidunt ut laoreet dolore magna aliquam erat volutpat. Ut wisi enim ad minim\",\"33\":\"John smitg\",\"29\":\"Godel Architects\",\"39\":[\"325\"],\"31\":\"St Peter, Jersey\",\"4\":{\"31\":{\"type\":\"imageGrid\",\"enabled\":\"1\",\"fields\":{\"images\":[\"6\",\"18\",\"19\",\"29\",\"20\",\"30\",\"9\",\"10\"]}},\"32\":{\"type\":\"videoBlock\",\"enabled\":\"1\",\"fields\":{\"youtubeUrl\":\"https:\\/\\/www.youtube.com\\/watch?v=xcJtL7QggTI\\/\",\"vimeoUrl\":\"\",\"videoPoster\":[\"29\"],\"credits\":[{\"col1\":\"video by\",\"col2\":\"iPOP Digital\"},{\"col1\":\"PHOTOGRAPHY BY\",\"col2\":\"Andy Le Gresley\"},{\"col1\":\"Art Direction\",\"col2\":\"Jon Moore\"},{\"col1\":\"WEBSITE\",\"col2\":\"www.ipopdigital.com\"}]}},\"36\":{\"type\":\"quoteBlock\",\"enabled\":\"1\",\"fields\":{\"quote\":\"Lorem ipsum dolor sit amet, consectetuer adipiscing elit, sed diam nonummy nibh euismod tincidunt ut laoreet dolore magna aliquam erat volutpat.\",\"quoter\":\"JON MOORE,\",\"quoterPosition\":\"the chamber of commerce\",\"image\":[\"38\"]}},\"110\":{\"type\":\"fullWidthSlider\",\"enabled\":\"1\",\"fields\":{\"images\":[\"6\",\"9\"]}}},\"36\":[\"325\",\"18\",\"19\",\"29\"],\"32\":\"www.godelarchitects.com\"}}', '2018-02-22 10:30:11', '2018-02-22 10:30:11', 'db77828c-fe66-46f7-93f7-14ab2904de28'),
 ('70', '368', '2', '1', 'en_gb', '1', '', '{\"typeId\":null,\"authorId\":\"1\",\"title\":\"dfgdfgdfg\",\"slug\":\"dfgdfgdfg\",\"postDate\":1519660148,\"expiryDate\":null,\"enabled\":1,\"parentId\":null,\"fields\":{\"1\":\"<p>dfgdfgdfg<\\/p>\",\"2\":\"\"}}', '2018-02-26 15:49:08', '2018-02-26 15:49:08', 'ed21a329-68a1-4946-a5f9-f709960506c6'),
 ('71', '369', '2', '1', 'en_gb', '1', '', '{\"typeId\":null,\"authorId\":\"1\",\"title\":\"asdasd\",\"slug\":\"asdasd\",\"postDate\":1519660154,\"expiryDate\":null,\"enabled\":1,\"parentId\":null,\"fields\":{\"1\":\"<hr>\\r\\n<p><\\/p><p>\\r\\n<\\/p><p>asd<\\/p>\",\"2\":\"\"}}', '2018-02-26 15:49:14', '2018-02-26 15:49:14', '9f84b12d-f0b2-4eda-a80a-bec055bcea25'),
 ('72', '369', '2', '1', 'en_gb', '2', '', '{\"typeId\":\"2\",\"authorId\":\"1\",\"title\":\"asdasd\",\"slug\":\"asdasd\",\"postDate\":1519660140,\"expiryDate\":null,\"enabled\":1,\"parentId\":null,\"fields\":{\"1\":\"<hr>\\r\\n<p>\\r\\n<\\/p>\\r\\n<p>asd<\\/p>\",\"39\":[\"370\"],\"2\":\"\"}}', '2018-02-26 16:39:51', '2018-02-26 16:39:51', '4cba158d-02e8-4f28-bc7f-530c3cdcbded'),
 ('74', '368', '2', '1', 'en_gb', '2', '', '{\"typeId\":\"2\",\"authorId\":\"1\",\"title\":\"dfgdfgdfg\",\"slug\":\"dfgdfgdfg\",\"postDate\":1519660140,\"expiryDate\":null,\"enabled\":1,\"parentId\":null,\"fields\":{\"1\":\"<p>Lorem ipsum dolor sit amet, consectetur adipiscing elit. Nam luctus lacus ut dui gravida luctus. Nam diam enim, ultricies vel consectetur interdum, accumsan vel metus. Mauris lacinia ex eget sem ullamcorper porta. Suspendisse dapibus, magna nec molestie consequat, dolor nisi fermentum orci, eu interdum magna quam eget elit. Proin pulvinar laoreet leo, in commodo risus commodo quis. Proin feugiat nunc at malesuada commodo. Etiam eget suscipit dolor.<\\/p><p>Lorem ipsum dolor sit amet, consectetur adipiscing elit. Nam luctus lacus ut dui gravida luctus. Nam diam enim, ultricies vel consectetur interdum, accumsan vel metus. Mauris lacinia ex eget sem ullamcorper porta. Suspendisse dapibus, magna nec molestie consequat, dolor nisi fermentum orci, eu interdum magna quam eget elit. Proin pulvinar laoreet leo, in commodo risus commodo quis. Proin feugiat nunc at malesuada commodo. Etiam eget suscipit dolor.<\\/p>\",\"39\":[\"371\"],\"41\":\"Lorem ipsum dolor sit amet, consectetur adipiscing elit. Nam luctus lacus ut dui gravida luctus. Nam diam enim, ultricies vel consectetur interdum, accumsan vel metus. Mauris lacinia ex eget sem ullamcorper porta. Suspendisse dapibus, magna nec molestie consequat, dolor nisi fermentum orci, eu interdum magna quam eget elit.\",\"2\":\"\"}}', '2018-02-27 13:21:09', '2018-02-27 13:21:09', '792302a4-ba87-46a1-9c54-e14a4d1b86ba'),
 ('83', '491', '3', '326', 'en_gb', '1', NULL, '{\"typeId\":null,\"authorId\":\"326\",\"title\":\"Le Rocher\",\"slug\":\"le-rocher\",\"postDate\":1520812800,\"expiryDate\":null,\"enabled\":1,\"parentId\":null,\"fields\":{\"34\":\"This project involved refurbishing the existing cottage and replacing substandard extensions into a new contemporary family home.\",\"29\":\"Gallaher Architects\",\"47\":[\"487\",\"488\",\"489\"],\"39\":[\"490\"],\"40\":[\"475\",\"476\",\"477\",\"478\",\"479\",\"480\",\"482\",\"483\",\"484\",\"485\"],\"31\":\"La Rue du Mont Pellier, Trinity\",\"43\":\"The client was also very keen to have a sustainable house and has installed a pellet boiler, to embrace biodiversity credentials.\",\"46\":[\"486\"],\"44\":\"Justin Gallaher\",\"45\":\"Gallaher Architects\",\"36\":[\"472\",\"473\",\"474\"],\"32\":\"architects.je\",\"42\":\"\"}}', '2018-03-12 13:27:19', '2018-03-12 13:27:19', '7fe39e04-2ad3-4746-976e-442a276dfcc1');



DROP TABLE IF EXISTS `craft_fieldgroups`;


--
-- Schema for table `craft_fieldgroups`
--
CREATE TABLE `craft_fieldgroups` (
  `id` int(11) NOT NULL AUTO_INCREMENT,
  `name` varchar(255) COLLATE utf8_unicode_ci NOT NULL,
  `dateCreated` datetime NOT NULL,
  `dateUpdated` datetime NOT NULL,
  `uid` char(36) COLLATE utf8_unicode_ci NOT NULL DEFAULT '0',
  PRIMARY KEY (`id`),
  UNIQUE KEY `craft_fieldgroups_name_unq_idx` (`name`)
) ENGINE=InnoDB AUTO_INCREMENT=4 DEFAULT CHARSET=utf8 COLLATE=utf8_unicode_ci;

--
-- Data for table `craft_fieldgroups`
--

INSERT INTO `craft_fieldgroups` (`id`, `name`, `dateCreated`, `dateUpdated`, `uid`) VALUES
 ('1', 'Default', '2018-01-18 10:53:38', '2018-01-18 10:53:38', '12e4b222-e354-4d7d-a48b-c31eb702f637'),
 ('2', 'User', '2018-01-31 14:30:32', '2018-01-31 14:30:32', 'a405c3da-5b8f-4052-94dc-57d6c161850c'),
 ('3', 'Project', '2018-02-01 13:02:47', '2018-02-01 13:02:47', '5c4c3da1-1c3a-4699-b40c-598fe3d14d28');



DROP TABLE IF EXISTS `craft_fieldlayoutfields`;


--
-- Schema for table `craft_fieldlayoutfields`
--
CREATE TABLE `craft_fieldlayoutfields` (
  `id` int(11) NOT NULL AUTO_INCREMENT,
  `layoutId` int(11) NOT NULL,
  `tabId` int(11) NOT NULL,
  `fieldId` int(11) NOT NULL,
  `required` tinyint(1) unsigned NOT NULL DEFAULT '0',
  `sortOrder` smallint(6) unsigned DEFAULT NULL,
  `dateCreated` datetime NOT NULL,
  `dateUpdated` datetime NOT NULL,
  `uid` char(36) COLLATE utf8_unicode_ci NOT NULL DEFAULT '0',
  PRIMARY KEY (`id`),
  UNIQUE KEY `craft_fieldlayoutfields_layoutId_fieldId_unq_idx` (`layoutId`,`fieldId`),
  KEY `craft_fieldlayoutfields_sortOrder_idx` (`sortOrder`),
  KEY `craft_fieldlayoutfields_tabId_fk` (`tabId`),
  KEY `craft_fieldlayoutfields_fieldId_fk` (`fieldId`)
) ENGINE=InnoDB AUTO_INCREMENT=343 DEFAULT CHARSET=utf8 COLLATE=utf8_unicode_ci;

--
-- Data for table `craft_fieldlayoutfields`
--

INSERT INTO `craft_fieldlayoutfields` (`id`, `layoutId`, `tabId`, `fieldId`, `required`, `sortOrder`, `dateCreated`, `dateUpdated`, `uid`) VALUES
 ('1', '3', '1', '1', '1', '1', '2018-01-18 10:53:40', '2018-01-18 10:53:40', '1d659820-2326-459b-a4c6-8cced643b07e'),
 ('239', '93', '85', '7', '0', '1', '2018-02-22 10:07:36', '2018-02-22 10:07:36', 'e52dcb93-8a5b-44df-b608-42b390ce36b1'),
 ('240', '94', '86', '8', '0', '1', '2018-02-22 10:07:36', '2018-02-22 10:07:36', '261a8040-5466-4fa4-bc80-202c4c2f0d48'),
 ('241', '94', '86', '9', '0', '2', '2018-02-22 10:07:36', '2018-02-22 10:07:36', '37bf05e3-c235-400d-ab6a-52e3683e9c06'),
 ('242', '94', '86', '10', '1', '3', '2018-02-22 10:07:36', '2018-02-22 10:07:36', '141e968f-c3e4-473a-8380-7c2a8ffabf61'),
 ('243', '94', '86', '11', '0', '4', '2018-02-22 10:07:36', '2018-02-22 10:07:36', '0198d38b-2bfc-434b-88b8-020ca7b951df'),
 ('244', '95', '87', '12', '0', '1', '2018-02-22 10:07:36', '2018-02-22 10:07:36', '1f6d5a00-d8d2-4598-99b6-94005205206d'),
 ('245', '95', '87', '13', '0', '2', '2018-02-22 10:07:36', '2018-02-22 10:07:36', '918a5c50-c588-4e72-a914-6a003d8fa7a6'),
 ('246', '95', '87', '15', '0', '3', '2018-02-22 10:07:36', '2018-02-22 10:07:36', '988f4b01-5690-40f8-a15d-8ba4b67de31b'),
 ('247', '95', '87', '14', '0', '4', '2018-02-22 10:07:36', '2018-02-22 10:07:36', 'bb37a1e7-cdc4-424d-bd21-ca80a367b7c4'),
 ('248', '96', '88', '35', '0', '1', '2018-02-22 10:07:36', '2018-02-22 10:07:36', '1b5cab48-1564-490e-a301-7e5b2ca00593'),
 ('273', '101', '93', '39', '1', '1', '2018-02-27 13:30:28', '2018-02-27 13:30:28', '2936ed58-089a-4b5e-836a-7ddcd0e153cf'),
 ('274', '101', '93', '41', '0', '2', '2018-02-27 13:30:28', '2018-02-27 13:30:28', 'bf95d624-8e0f-4402-9759-5bfe329d89bb'),
 ('275', '101', '93', '1', '1', '3', '2018-02-27 13:30:28', '2018-02-27 13:30:28', '8183117f-d126-46e4-960f-859438b8c14b'),
 ('276', '101', '93', '2', '0', '4', '2018-02-27 13:30:28', '2018-02-27 13:30:28', '06c87f44-797e-49c4-a981-393ffa7882da'),
 ('316', '105', '97', '39', '1', '1', '2018-03-05 16:13:31', '2018-03-05 16:13:31', 'bff79688-1212-4cc6-a9f8-5d8088372cbd'),
 ('317', '105', '97', '29', '0', '2', '2018-03-05 16:13:31', '2018-03-05 16:13:31', '7102b50a-f2b3-40e0-9015-e49745220f5b'),
 ('318', '105', '97', '31', '0', '3', '2018-03-05 16:13:31', '2018-03-05 16:13:31', '2292544d-39fd-4a1d-89e8-39ff18bd7508'),
 ('319', '105', '97', '32', '0', '4', '2018-03-05 16:13:31', '2018-03-05 16:13:31', '9f1b0755-576b-4eaf-8706-fb58f02719cf'),
 ('320', '105', '97', '33', '0', '5', '2018-03-05 16:13:31', '2018-03-05 16:13:31', '987876a2-6e78-4367-b72d-7e6fc6e09f40'),
 ('321', '105', '97', '34', '0', '6', '2018-03-05 16:13:31', '2018-03-05 16:13:31', '769b4db5-1a2f-4534-9b7b-cca38e87d160'),
 ('322', '105', '97', '36', '0', '7', '2018-03-05 16:13:31', '2018-03-05 16:13:31', 'faeee6ec-6888-4da8-a7aa-e9fb95ae2798'),
 ('323', '105', '97', '40', '0', '8', '2018-03-05 16:13:31', '2018-03-05 16:13:31', '57792240-3dd8-4855-9c41-fecea0f0c1a9'),
 ('324', '105', '97', '42', '0', '9', '2018-03-05 16:13:31', '2018-03-05 16:13:31', '2b34363a-e461-4e29-b153-d65229c39f65'),
 ('325', '105', '97', '43', '0', '10', '2018-03-05 16:13:31', '2018-03-05 16:13:31', '3295e48c-0247-4b66-a6e9-2aa246298a27'),
 ('326', '105', '97', '44', '0', '11', '2018-03-05 16:13:31', '2018-03-05 16:13:31', '1d5ffcbe-d85b-46c7-afff-884443b736f0'),
 ('327', '105', '97', '45', '0', '12', '2018-03-05 16:13:31', '2018-03-05 16:13:31', '0d082ea6-f7db-4af4-9bb5-64035269e8f9'),
 ('328', '105', '97', '46', '0', '13', '2018-03-05 16:13:31', '2018-03-05 16:13:31', '686b5e6f-98ad-4128-865e-991ffe6b8dc6'),
 ('329', '105', '97', '47', '0', '14', '2018-03-05 16:13:31', '2018-03-05 16:13:31', '900d406e-b67e-432b-9f4b-d8b2c926bc11'),
 ('330', '105', '97', '4', '0', '15', '2018-03-05 16:13:31', '2018-03-05 16:13:31', '99ba4ad1-41fd-42a2-94ac-db30b882bda7'),
 ('331', '106', '98', '48', '0', '1', '2018-03-12 10:01:00', '2018-03-12 10:01:00', '4df3c6e7-11c5-4965-b636-0abf53797576'),
 ('332', '106', '98', '18', '1', '2', '2018-03-12 10:01:00', '2018-03-12 10:01:00', 'f924157e-816f-4d43-ae23-3512fbe4a159'),
 ('333', '106', '98', '19', '1', '3', '2018-03-12 10:01:00', '2018-03-12 10:01:00', '10e341e1-6019-4607-81da-2174d264efd2'),
 ('334', '106', '98', '20', '1', '4', '2018-03-12 10:01:00', '2018-03-12 10:01:00', 'b73795c0-e851-4bf7-a662-ab4f4c285b77'),
 ('335', '106', '98', '21', '0', '5', '2018-03-12 10:01:00', '2018-03-12 10:01:00', 'ebbf6cf7-35c8-405d-a206-f9bd735233ca'),
 ('336', '106', '98', '22', '0', '6', '2018-03-12 10:01:00', '2018-03-12 10:01:00', '08a2a546-fa41-45f8-8e37-c2269e078371'),
 ('337', '106', '98', '23', '0', '7', '2018-03-12 10:01:00', '2018-03-12 10:01:00', '0999cd06-86f9-4f5a-87f4-9f85fc93e5b1'),
 ('338', '106', '98', '24', '0', '8', '2018-03-12 10:01:00', '2018-03-12 10:01:00', 'c02878e3-df39-4f81-a612-1e337bc5efd4'),
 ('339', '106', '98', '26', '0', '9', '2018-03-12 10:01:00', '2018-03-12 10:01:00', '675ca02a-e7c6-44c3-a40e-0f31283f7502'),
 ('340', '106', '98', '27', '0', '10', '2018-03-12 10:01:00', '2018-03-12 10:01:00', 'a66dad4d-2dc0-4cad-bb3e-c7d624adc2aa'),
 ('341', '106', '98', '28', '0', '11', '2018-03-12 10:01:00', '2018-03-12 10:01:00', 'ad1026f9-50c6-472c-af7d-1beb100ee121'),
 ('342', '106', '98', '25', '0', '12', '2018-03-12 10:01:00', '2018-03-12 10:01:00', '9af8515b-5ea2-41e4-b1af-9bd49e20b176');



DROP TABLE IF EXISTS `craft_fieldlayouts`;


--
-- Schema for table `craft_fieldlayouts`
--
CREATE TABLE `craft_fieldlayouts` (
  `id` int(11) NOT NULL AUTO_INCREMENT,
  `type` varchar(150) COLLATE utf8_unicode_ci NOT NULL,
  `dateCreated` datetime NOT NULL,
  `dateUpdated` datetime NOT NULL,
  `uid` char(36) COLLATE utf8_unicode_ci NOT NULL DEFAULT '0',
  PRIMARY KEY (`id`),
  KEY `craft_fieldlayouts_type_idx` (`type`)
) ENGINE=InnoDB AUTO_INCREMENT=107 DEFAULT CHARSET=utf8 COLLATE=utf8_unicode_ci;

--
-- Data for table `craft_fieldlayouts`
--

INSERT INTO `craft_fieldlayouts` (`id`, `type`, `dateCreated`, `dateUpdated`, `uid`) VALUES
 ('1', 'Tag', '2018-01-18 10:53:38', '2018-01-18 10:53:38', 'abb117d9-5d3a-455e-8bf5-ac0513def2c7'),
 ('3', 'Entry', '2018-01-18 10:53:40', '2018-01-18 10:53:40', '461f127f-f464-4e2c-99f7-ad0b36af9276'),
 ('9', 'Asset', '2018-01-30 11:06:56', '2018-01-30 11:06:56', '47ae5f18-dc08-4d2b-aba5-02cd3a085c5b'),
 ('10', 'Asset', '2018-01-30 11:07:44', '2018-01-30 11:07:44', '2b7b4f4b-0568-475c-87de-60ddd7896965'),
 ('90', 'Category', '2018-02-21 12:04:50', '2018-02-21 12:04:50', 'e7ed2996-8689-4fdd-b844-74062ba7666b'),
 ('93', 'MatrixBlock', '2018-02-22 10:07:36', '2018-02-22 10:07:36', '83b2ddbb-84a9-48f6-aeb4-2fc452ea72cc'),
 ('94', 'MatrixBlock', '2018-02-22 10:07:36', '2018-02-22 10:07:36', 'f0d7d05b-7bc4-401e-b4df-dd4e5279e87e'),
 ('95', 'MatrixBlock', '2018-02-22 10:07:36', '2018-02-22 10:07:36', 'cdf35385-5eff-4ef7-bbd0-28c8138b8023'),
 ('96', 'MatrixBlock', '2018-02-22 10:07:36', '2018-02-22 10:07:36', 'd3a236f7-6f92-41ce-a0b5-c9c251431d10'),
 ('101', 'Entry', '2018-02-27 13:30:28', '2018-02-27 13:30:28', 'ccbf1231-b6db-4d5a-8326-83c9a2fb6496'),
 ('105', 'Entry', '2018-03-05 16:13:31', '2018-03-05 16:13:31', '016ea54f-4a80-4f41-a3e5-0e25048495f4'),
 ('106', 'User', '2018-03-12 10:01:00', '2018-03-12 10:01:00', '0e603a23-154b-4304-86d2-492001ab36eb');



DROP TABLE IF EXISTS `craft_fieldlayouttabs`;


--
-- Schema for table `craft_fieldlayouttabs`
--
CREATE TABLE `craft_fieldlayouttabs` (
  `id` int(11) NOT NULL AUTO_INCREMENT,
  `layoutId` int(11) NOT NULL,
  `name` varchar(255) COLLATE utf8_unicode_ci NOT NULL,
  `sortOrder` smallint(6) unsigned DEFAULT NULL,
  `dateCreated` datetime NOT NULL,
  `dateUpdated` datetime NOT NULL,
  `uid` char(36) COLLATE utf8_unicode_ci NOT NULL DEFAULT '0',
  PRIMARY KEY (`id`),
  KEY `craft_fieldlayouttabs_sortOrder_idx` (`sortOrder`),
  KEY `craft_fieldlayouttabs_layoutId_fk` (`layoutId`)
) ENGINE=InnoDB AUTO_INCREMENT=99 DEFAULT CHARSET=utf8 COLLATE=utf8_unicode_ci;

--
-- Data for table `craft_fieldlayouttabs`
--

INSERT INTO `craft_fieldlayouttabs` (`id`, `layoutId`, `name`, `sortOrder`, `dateCreated`, `dateUpdated`, `uid`) VALUES
 ('1', '3', 'Content', '1', '2018-01-18 10:53:40', '2018-01-18 10:53:40', 'cc02cf24-5df6-4496-8e1b-c878a7823ab0'),
 ('85', '93', 'Content', '1', '2018-02-22 10:07:36', '2018-02-22 10:07:36', 'ad9f0f49-631d-44b2-ac23-21e6eb649b8c'),
 ('86', '94', 'Content', '1', '2018-02-22 10:07:36', '2018-02-22 10:07:36', '9258e637-aada-4d1e-9937-66d1be319549'),
 ('87', '95', 'Content', '1', '2018-02-22 10:07:36', '2018-02-22 10:07:36', 'a55cd1d6-b899-41cb-9c21-f811a2f6d38d'),
 ('88', '96', 'Content', '1', '2018-02-22 10:07:36', '2018-02-22 10:07:36', 'fa3692fc-b7fc-44c0-bfe1-8aa7eb75ee49'),
 ('93', '101', 'Content', '1', '2018-02-27 13:30:28', '2018-02-27 13:30:28', '28fab666-644d-48d7-b3bf-56f87735fc99'),
 ('97', '105', 'Tab 1', '1', '2018-03-05 16:13:31', '2018-03-05 16:13:31', '3f611aae-9ec5-43bd-be85-26d831864a54'),
 ('98', '106', 'Profile', '1', '2018-03-12 10:01:00', '2018-03-12 10:01:00', '572bea07-d2f6-4662-8002-bc2e5c2897e3');



DROP TABLE IF EXISTS `craft_fields`;


--
-- Schema for table `craft_fields`
--
CREATE TABLE `craft_fields` (
  `id` int(11) NOT NULL AUTO_INCREMENT,
  `groupId` int(11) DEFAULT NULL,
  `name` varchar(255) COLLATE utf8_unicode_ci NOT NULL,
  `handle` varchar(58) COLLATE utf8_unicode_ci NOT NULL,
  `context` varchar(255) COLLATE utf8_unicode_ci NOT NULL DEFAULT 'global',
  `instructions` text COLLATE utf8_unicode_ci,
  `translatable` tinyint(1) unsigned NOT NULL DEFAULT '0',
  `type` varchar(150) COLLATE utf8_unicode_ci NOT NULL,
  `settings` text COLLATE utf8_unicode_ci,
  `dateCreated` datetime NOT NULL,
  `dateUpdated` datetime NOT NULL,
  `uid` char(36) COLLATE utf8_unicode_ci NOT NULL DEFAULT '0',
  PRIMARY KEY (`id`),
  UNIQUE KEY `craft_fields_handle_context_unq_idx` (`handle`,`context`),
  KEY `craft_fields_context_idx` (`context`),
  KEY `craft_fields_groupId_fk` (`groupId`)
) ENGINE=InnoDB AUTO_INCREMENT=49 DEFAULT CHARSET=utf8 COLLATE=utf8_unicode_ci;

--
-- Data for table `craft_fields`
--

INSERT INTO `craft_fields` (`id`, `groupId`, `name`, `handle`, `context`, `instructions`, `translatable`, `type`, `settings`, `dateCreated`, `dateUpdated`, `uid`) VALUES
 ('1', '1', 'Body', 'body', 'global', NULL, '1', 'RichText', '{\"configFile\":\"Standard.json\",\"columnType\":\"text\"}', '2018-01-18 10:53:39', '2018-01-18 10:53:39', 'c83df057-e675-45f7-801d-47fd108be1d8'),
 ('2', '1', 'Tags', 'tags', 'global', NULL, '0', 'Tags', '{\"source\":\"taggroup:1\"}', '2018-01-18 10:53:40', '2018-01-18 10:53:40', 'ab56102b-83d1-4787-98ed-ed6674a65cc5'),
 ('4', '1', 'Project Content', 'projectContent', 'global', '', '0', 'Matrix', '{\"maxBlocks\":null}', '2018-01-30 12:31:13', '2018-02-22 10:07:36', 'd8b53d61-7274-4232-8028-05342f02f9e7'),
 ('7', NULL, 'Images', 'images', 'matrixBlockType:2', '', '0', 'Assets', '{\"useSingleFolder\":\"1\",\"sources\":\"*\",\"defaultUploadLocationSource\":\"1\",\"defaultUploadLocationSubpath\":\"\",\"singleUploadLocationSource\":\"1\",\"singleUploadLocationSubpath\":\"{owner.slug}\",\"restrictFiles\":\"1\",\"allowedKinds\":[\"image\"],\"limit\":\"\",\"viewMode\":\"list\",\"selectionLabel\":\"\"}', '2018-01-30 13:25:46', '2018-02-22 10:07:36', '7dd89a96-f6b5-485e-a049-afa5a72741d8'),
 ('8', NULL, 'Youtube Url', 'youtubeUrl', 'matrixBlockType:3', '', '0', 'PlainText', '{\"placeholder\":\"\",\"maxLength\":\"\",\"multiline\":\"\",\"initialRows\":\"4\"}', '2018-01-30 14:40:40', '2018-02-22 10:07:36', '90bb1fc4-bc2e-47e2-a117-1ec54c06ea1c'),
 ('9', NULL, 'Vimeo Url', 'vimeoUrl', 'matrixBlockType:3', '', '0', 'PlainText', '{\"placeholder\":\"\",\"maxLength\":\"\",\"multiline\":\"\",\"initialRows\":\"4\"}', '2018-01-30 14:40:40', '2018-02-22 10:07:36', 'da3507d2-bdcd-47b7-8916-2fc34754eef4'),
 ('10', NULL, 'Video Poster', 'videoPoster', 'matrixBlockType:3', '', '0', 'Assets', '{\"useSingleFolder\":\"1\",\"sources\":\"*\",\"defaultUploadLocationSource\":\"1\",\"defaultUploadLocationSubpath\":\"\",\"singleUploadLocationSource\":\"1\",\"singleUploadLocationSubpath\":\"{owner.slug}\",\"restrictFiles\":\"\",\"limit\":\"\",\"viewMode\":\"list\",\"selectionLabel\":\"\"}', '2018-01-30 14:44:20', '2018-02-22 10:07:36', '96a4e5b7-b1c5-45bb-8b18-bfdd09ad5472'),
 ('11', NULL, 'Credits', 'credits', 'matrixBlockType:3', '', '0', 'Table', '{\"columns\":{\"col1\":{\"heading\":\"Heading\",\"handle\":\"heading\",\"width\":\"\",\"type\":\"singleline\"},\"col2\":{\"heading\":\"Credit\",\"handle\":\"credit\",\"width\":\"\",\"type\":\"singleline\"}},\"defaults\":{\"row1\":{\"col1\":\"\",\"col2\":\"\"}}}', '2018-01-30 16:33:16', '2018-02-22 10:07:36', 'e32d27f2-70a8-4e64-8af5-7df92eac54df'),
 ('12', NULL, 'Quote', 'quote', 'matrixBlockType:4', '', '0', 'PlainText', '{\"placeholder\":\"\",\"maxLength\":\"\",\"multiline\":\"\",\"initialRows\":\"4\"}', '2018-01-30 16:39:27', '2018-02-22 10:07:36', '1d155a70-c035-4e1f-a50a-2e5d680a3aef'),
 ('13', NULL, 'Quoter', 'quoter', 'matrixBlockType:4', '', '0', 'PlainText', '{\"placeholder\":\"\",\"maxLength\":\"\",\"multiline\":\"\",\"initialRows\":\"4\"}', '2018-01-30 16:39:27', '2018-02-22 10:07:36', 'cf13ff61-13b0-44a8-b731-fe758958575c'),
 ('14', NULL, 'Image', 'image', 'matrixBlockType:4', '', '0', 'Assets', '{\"useSingleFolder\":\"1\",\"sources\":\"*\",\"defaultUploadLocationSource\":\"1\",\"defaultUploadLocationSubpath\":\"\",\"singleUploadLocationSource\":\"1\",\"singleUploadLocationSubpath\":\"{owner.slug}\",\"restrictFiles\":\"1\",\"allowedKinds\":[\"image\"],\"limit\":\"\",\"viewMode\":\"list\",\"selectionLabel\":\"\"}', '2018-01-30 16:39:27', '2018-02-22 10:07:36', '0e02e8eb-6816-4e98-948f-1101b55115ec'),
 ('15', NULL, 'Quoter Position', 'quoterPosition', 'matrixBlockType:4', '', '0', 'PlainText', '{\"placeholder\":\"\",\"maxLength\":\"\",\"multiline\":\"\",\"initialRows\":\"4\"}', '2018-01-31 09:33:25', '2018-02-22 10:07:36', '6122fb02-6124-42c7-8462-32b63894a607'),
 ('18', '2', 'AJA Membership No', 'ajaMembershipNo', 'global', '', '0', 'PlainText', '{\"placeholder\":\"\",\"maxLength\":\"\",\"multiline\":\"\",\"initialRows\":\"4\"}', '2018-01-31 14:47:26', '2018-01-31 14:47:26', '48f6a1c9-f590-4364-9252-446374f54cc4'),
 ('19', '2', 'ARB Membership No', 'arbMembershipNo', 'global', '', '0', 'PlainText', '{\"placeholder\":\"\",\"maxLength\":\"\",\"multiline\":\"\",\"initialRows\":\"4\"}', '2018-01-31 14:59:19', '2018-01-31 15:01:03', 'de8f195e-c8ff-4aee-935f-78c39fc2fc64'),
 ('20', '2', 'RIBA Membership No', 'ribaMembershipNo', 'global', '', '0', 'PlainText', '{\"placeholder\":\"\",\"maxLength\":\"\",\"multiline\":\"\",\"initialRows\":\"4\"}', '2018-01-31 15:01:48', '2018-01-31 15:01:48', '3648a01e-07f3-47ab-a8cb-5a1158cbcded'),
 ('21', '2', 'Company Website', 'companyWebsite', 'global', '', '0', 'PlainText', '{\"placeholder\":\"\",\"maxLength\":\"\",\"multiline\":\"\",\"initialRows\":\"4\"}', '2018-01-31 15:08:50', '2018-01-31 16:48:14', '372dfbac-e831-44d3-aab3-1fbbe8be758f'),
 ('22', '2', 'Phone number', 'phoneNumber', 'global', '', '0', 'PlainText', '{\"placeholder\":\"\",\"maxLength\":\"\",\"multiline\":\"\",\"initialRows\":\"4\"}', '2018-01-31 15:09:02', '2018-01-31 15:09:02', '7a46edea-e2f1-4e4b-b66f-cf3c86473e57'),
 ('23', '2', 'Personal profile', 'personalProfile', 'global', '', '0', 'PlainText', '{\"placeholder\":\"\",\"maxLength\":\"1100\",\"multiline\":\"1\",\"initialRows\":\"4\"}', '2018-01-31 15:09:44', '2018-01-31 15:35:42', '60cbcfd0-440e-4ac4-a27a-083e7600b6a3'),
 ('24', '2', 'Facebook link', 'facebookLink', 'global', '', '0', 'PlainText', '{\"placeholder\":\"\",\"maxLength\":\"\",\"multiline\":\"\",\"initialRows\":\"4\"}', '2018-01-31 15:10:57', '2018-01-31 15:10:57', '63cc3c28-e2cd-4737-afbe-0f07c68962c0'),
 ('25', '2', 'Twitter link', 'twitterLink', 'global', '', '0', 'PlainText', '{\"placeholder\":\"\",\"maxLength\":\"\",\"multiline\":\"\",\"initialRows\":\"4\"}', '2018-01-31 15:11:07', '2018-01-31 15:11:07', 'd0e8e74e-802e-4940-aedc-4ad78cf64d7d'),
 ('26', '2', 'Instagram Link', 'instagramLink', 'global', '', '0', 'PlainText', '{\"placeholder\":\"\",\"maxLength\":\"\",\"multiline\":\"\",\"initialRows\":\"4\"}', '2018-01-31 15:11:28', '2018-01-31 15:11:28', 'f5ded1f5-2243-4082-ad55-a9dbe2270993'),
 ('27', '2', 'Linkedin Link', 'linkedinLink', 'global', '', '0', 'PlainText', '{\"placeholder\":\"\",\"maxLength\":\"\",\"multiline\":\"\",\"initialRows\":\"4\"}', '2018-01-31 15:11:46', '2018-01-31 15:11:46', '14b81c3d-50a7-48c2-a024-e5a9e40ec487'),
 ('28', '2', 'Pinterest link', 'pinterestLink', 'global', '', '0', 'PlainText', '{\"placeholder\":\"\",\"maxLength\":\"\",\"multiline\":\"\",\"initialRows\":\"4\"}', '2018-01-31 15:12:00', '2018-01-31 15:12:00', '8ab3e56d-62e2-424e-bb95-88fb3d91b478'),
 ('29', '3', 'Company', 'company', 'global', '', '0', 'PlainText', '{\"placeholder\":\"\",\"maxLength\":\"\",\"multiline\":\"\",\"initialRows\":\"4\"}', '2018-02-01 13:03:07', '2018-02-01 13:03:07', '0dec37d8-9f65-4113-9216-3067147414d0'),
 ('31', '3', 'Location', 'location', 'global', '', '0', 'PlainText', '{\"placeholder\":\"\",\"maxLength\":\"\",\"multiline\":\"\",\"initialRows\":\"4\"}', '2018-02-01 13:03:21', '2018-02-01 13:03:21', '854c48a3-2ae6-4791-bd74-27c6018f8ae3'),
 ('32', '3', 'Website', 'website', 'global', '', '0', 'PlainText', '{\"placeholder\":\"\",\"maxLength\":\"\",\"multiline\":\"\",\"initialRows\":\"4\"}', '2018-02-01 13:03:30', '2018-02-01 13:03:30', 'efc749fb-f686-4601-861f-91c490626257'),
 ('33', '3', 'Architect', 'architect', 'global', '', '0', 'PlainText', '{\"placeholder\":\"\",\"maxLength\":\"\",\"multiline\":\"\",\"initialRows\":\"4\"}', '2018-02-01 13:03:41', '2018-02-01 13:03:41', 'c2836a73-b078-4646-b32e-bf7c4da0cece'),
 ('34', '3', 'Abstract', 'abstract', 'global', '', '0', 'PlainText', '{\"placeholder\":\"\",\"maxLength\":\"180\",\"multiline\":\"\",\"initialRows\":\"4\"}', '2018-02-01 15:33:18', '2018-02-05 11:15:47', '1a38155b-ba42-4196-9973-f93201948a1c'),
 ('35', NULL, 'Images', 'images', 'matrixBlockType:5', '', '0', 'Assets', '{\"useSingleFolder\":\"1\",\"sources\":\"*\",\"defaultUploadLocationSource\":\"1\",\"defaultUploadLocationSubpath\":\"\",\"singleUploadLocationSource\":\"1\",\"singleUploadLocationSubpath\":\"{owner.slug}\",\"restrictFiles\":\"\",\"limit\":\"\",\"viewMode\":\"list\",\"selectionLabel\":\"\"}', '2018-02-05 09:44:21', '2018-02-22 10:07:36', '3e3cdcbf-a060-47b4-a24d-cbec4609fb69'),
 ('36', '1', 'Square Slider', 'squareSlider', 'global', '', '0', 'Assets', '{\"useSingleFolder\":\"1\",\"sources\":\"*\",\"defaultUploadLocationSource\":\"1\",\"defaultUploadLocationSubpath\":\"\",\"singleUploadLocationSource\":\"1\",\"singleUploadLocationSubpath\":\"{slug}\",\"restrictFiles\":\"\",\"limit\":\"\",\"viewMode\":\"list\",\"selectionLabel\":\"\"}', '2018-02-09 09:42:13', '2018-02-22 10:06:25', '4e770935-f37a-4e4d-ba72-eef4a47f9b2e'),
 ('39', '1', 'Heading Image', 'headingImage', 'global', '', '0', 'Assets', '{\"useSingleFolder\":\"1\",\"sources\":\"*\",\"defaultUploadLocationSource\":\"1\",\"defaultUploadLocationSubpath\":\"\",\"singleUploadLocationSource\":\"1\",\"singleUploadLocationSubpath\":\"{slug}\",\"restrictFiles\":\"1\",\"allowedKinds\":[\"image\"],\"limit\":\"1\",\"viewMode\":\"list\",\"selectionLabel\":\"\"}', '2018-02-22 10:04:32', '2018-02-22 10:06:17', '716d11a2-9774-41f3-af76-abebdbb9be88'),
 ('40', '1', 'Image Grid', 'imageGrid', 'global', '', '0', 'Assets', '{\"useSingleFolder\":\"1\",\"sources\":\"*\",\"defaultUploadLocationSource\":\"1\",\"defaultUploadLocationSubpath\":\"\",\"singleUploadLocationSource\":\"1\",\"singleUploadLocationSubpath\":\"{slug}\",\"restrictFiles\":\"\",\"limit\":\"\",\"viewMode\":\"list\",\"selectionLabel\":\"\"}', '2018-02-23 10:09:53', '2018-02-23 10:09:53', '4ff6ef10-0292-45f5-9d48-e21baec6f4fb'),
 ('41', '1', 'Leading Paragraph', 'leadingParagraph', 'global', '', '0', 'PlainText', '{\"placeholder\":\"\",\"maxLength\":\"\",\"multiline\":\"\",\"initialRows\":\"4\"}', '2018-02-26 16:47:53', '2018-02-26 16:47:53', 'fef3d5b0-89b7-4ae3-b6ca-cb7c8243dbda'),
 ('42', '3', 'Youtube Url', 'youtubeUrl', 'global', '', '0', 'PlainText', '{\"placeholder\":\"\",\"maxLength\":\"\",\"multiline\":\"\",\"initialRows\":\"4\"}', '2018-02-27 14:55:40', '2018-02-27 14:55:40', 'db426183-c5c8-43b4-ba50-af10f553603f'),
 ('43', '3', 'Quote', 'quote', 'global', '', '0', 'PlainText', '{\"placeholder\":\"\",\"maxLength\":\"\",\"multiline\":\"\",\"initialRows\":\"4\"}', '2018-02-27 15:01:56', '2018-02-27 15:01:56', '30ec021f-3848-44a0-a171-859e9031c0a3'),
 ('44', '3', 'Quote Name', 'quoteName', 'global', '', '0', 'PlainText', '{\"placeholder\":\"\",\"maxLength\":\"\",\"multiline\":\"\",\"initialRows\":\"4\"}', '2018-02-27 15:02:48', '2018-02-27 15:02:48', '1a1fe23a-fcd7-41e0-a989-62cec6c7e745'),
 ('45', '3', 'Quote Position', 'quotePosition', 'global', '', '0', 'PlainText', '{\"placeholder\":\"\",\"maxLength\":\"\",\"multiline\":\"\",\"initialRows\":\"4\"}', '2018-02-27 15:03:02', '2018-02-27 15:03:02', '030f67af-ac93-468a-938d-e8354603c4d8'),
 ('46', '1', 'Quote Image', 'quoteImage', 'global', '', '0', 'Assets', '{\"useSingleFolder\":\"\",\"sources\":\"*\",\"defaultUploadLocationSource\":\"1\",\"defaultUploadLocationSubpath\":\"\",\"singleUploadLocationSource\":\"1\",\"singleUploadLocationSubpath\":\"\",\"restrictFiles\":\"1\",\"allowedKinds\":[\"image\"],\"limit\":\"1\",\"viewMode\":\"list\",\"selectionLabel\":\"\"}', '2018-03-01 09:53:06', '2018-03-01 09:53:06', '78bce1e3-98af-4099-9e0a-d9d7a96b3f24'),
 ('47', '1', 'Full Width Slider', 'fullWidthSlider', 'global', '', '0', 'Assets', '{\"useSingleFolder\":\"1\",\"sources\":\"*\",\"defaultUploadLocationSource\":\"1\",\"defaultUploadLocationSubpath\":\"\",\"singleUploadLocationSource\":\"1\",\"singleUploadLocationSubpath\":\"{slug}\",\"restrictFiles\":\"1\",\"allowedKinds\":[\"image\"],\"limit\":\"\",\"viewMode\":\"list\",\"selectionLabel\":\"\"}', '2018-03-05 16:13:15', '2018-03-05 16:13:15', '41c4c74a-8340-4a97-b0c2-93e84ba1a5b7'),
 ('48', '1', 'Profile Photo', 'profilePhoto', 'global', '', '0', 'Assets', '{\"useSingleFolder\":\"\",\"sources\":\"*\",\"defaultUploadLocationSource\":\"1\",\"defaultUploadLocationSubpath\":\"\",\"singleUploadLocationSource\":\"1\",\"singleUploadLocationSubpath\":\"\",\"restrictFiles\":\"1\",\"allowedKinds\":[\"image\"],\"limit\":\"1\",\"viewMode\":\"list\",\"selectionLabel\":\"\"}', '2018-03-12 10:00:19', '2018-03-12 10:20:18', '2fc1db17-9ab2-45e8-b42c-10de6e52783f');



DROP TABLE IF EXISTS `craft_globalsets`;


--
-- Schema for table `craft_globalsets`
--
CREATE TABLE `craft_globalsets` (
  `id` int(11) NOT NULL,
  `name` varchar(255) COLLATE utf8_unicode_ci NOT NULL,
  `handle` varchar(255) COLLATE utf8_unicode_ci NOT NULL,
  `fieldLayoutId` int(10) DEFAULT NULL,
  `dateCreated` datetime NOT NULL,
  `dateUpdated` datetime NOT NULL,
  `uid` char(36) COLLATE utf8_unicode_ci NOT NULL DEFAULT '0',
  PRIMARY KEY (`id`),
  UNIQUE KEY `craft_globalsets_name_unq_idx` (`name`),
  UNIQUE KEY `craft_globalsets_handle_unq_idx` (`handle`),
  KEY `craft_globalsets_fieldLayoutId_fk` (`fieldLayoutId`)
) ENGINE=InnoDB DEFAULT CHARSET=utf8 COLLATE=utf8_unicode_ci;

DROP TABLE IF EXISTS `craft_info`;


--
-- Schema for table `craft_info`
--
CREATE TABLE `craft_info` (
  `id` int(11) NOT NULL AUTO_INCREMENT,
  `version` varchar(50) COLLATE utf8_unicode_ci NOT NULL,
  `schemaVersion` varchar(15) COLLATE utf8_unicode_ci NOT NULL,
  `edition` tinyint(1) unsigned NOT NULL DEFAULT '0',
  `siteName` varchar(100) COLLATE utf8_unicode_ci NOT NULL,
  `siteUrl` varchar(255) COLLATE utf8_unicode_ci NOT NULL,
  `timezone` varchar(30) COLLATE utf8_unicode_ci DEFAULT NULL,
  `on` tinyint(1) unsigned NOT NULL DEFAULT '0',
  `maintenance` tinyint(1) unsigned NOT NULL DEFAULT '0',
  `dateCreated` datetime NOT NULL,
  `dateUpdated` datetime NOT NULL,
  `uid` char(36) COLLATE utf8_unicode_ci NOT NULL DEFAULT '0',
  PRIMARY KEY (`id`)
) ENGINE=InnoDB AUTO_INCREMENT=2 DEFAULT CHARSET=utf8 COLLATE=utf8_unicode_ci;

--
-- Data for table `craft_info`
--

INSERT INTO `craft_info` (`id`, `version`, `schemaVersion`, `edition`, `siteName`, `siteUrl`, `timezone`, `on`, `maintenance`, `dateCreated`, `dateUpdated`, `uid`) VALUES
 ('1', '2.6.3004', '2.6.13', '2', 'AJA', 'http://localhost/aja', 'UTC', '1', '0', '2018-01-18 10:53:31', '2018-01-26 14:44:00', 'c26a7571-28bb-43a8-b2be-c0d7cbb75d6b');



DROP TABLE IF EXISTS `craft_locales`;


--
-- Schema for table `craft_locales`
--
CREATE TABLE `craft_locales` (
  `locale` char(12) COLLATE utf8_unicode_ci NOT NULL,
  `sortOrder` smallint(6) unsigned DEFAULT NULL,
  `dateCreated` datetime NOT NULL,
  `dateUpdated` datetime NOT NULL,
  `uid` char(36) COLLATE utf8_unicode_ci NOT NULL DEFAULT '0',
  PRIMARY KEY (`locale`),
  KEY `craft_locales_sortOrder_idx` (`sortOrder`)
) ENGINE=InnoDB DEFAULT CHARSET=utf8 COLLATE=utf8_unicode_ci;

--
-- Data for table `craft_locales`
--

INSERT INTO `craft_locales` (`locale`, `sortOrder`, `dateCreated`, `dateUpdated`, `uid`) VALUES
 ('en_gb', '1', '2018-01-18 10:53:33', '2018-01-18 10:53:33', 'e0e0d6e7-956d-4172-8244-d06788357701');



DROP TABLE IF EXISTS `craft_matrixblocks`;


--
-- Schema for table `craft_matrixblocks`
--
CREATE TABLE `craft_matrixblocks` (
  `id` int(11) NOT NULL,
  `ownerId` int(11) NOT NULL,
  `fieldId` int(11) NOT NULL,
  `typeId` int(11) DEFAULT NULL,
  `sortOrder` smallint(6) unsigned DEFAULT NULL,
  `ownerLocale` char(12) COLLATE utf8_unicode_ci DEFAULT NULL,
  `dateCreated` datetime NOT NULL,
  `dateUpdated` datetime NOT NULL,
  `uid` char(36) COLLATE utf8_unicode_ci NOT NULL DEFAULT '0',
  PRIMARY KEY (`id`),
  KEY `craft_matrixblocks_ownerId_idx` (`ownerId`),
  KEY `craft_matrixblocks_fieldId_idx` (`fieldId`),
  KEY `craft_matrixblocks_typeId_idx` (`typeId`),
  KEY `craft_matrixblocks_sortOrder_idx` (`sortOrder`),
  KEY `craft_matrixblocks_ownerLocale_fk` (`ownerLocale`)
) ENGINE=InnoDB DEFAULT CHARSET=utf8 COLLATE=utf8_unicode_ci;

--
-- Data for table `craft_matrixblocks`
--

INSERT INTO `craft_matrixblocks` (`id`, `ownerId`, `fieldId`, `typeId`, `sortOrder`, `ownerLocale`, `dateCreated`, `dateUpdated`, `uid`) VALUES
 ('31', '4', '4', '2', '1', NULL, '2018-01-30 13:33:33', '2018-02-22 10:30:11', 'd7ad069d-437f-4402-b252-dbe15ecfbfa7'),
 ('32', '4', '4', '3', '2', NULL, '2018-01-30 14:41:31', '2018-02-22 10:30:11', '7c24644c-9dfd-463a-897d-ef2333135cc7'),
 ('36', '4', '4', '4', '3', NULL, '2018-01-30 16:40:58', '2018-02-22 10:30:11', '09baa42d-8473-48cc-928d-b75a9262eba1'),
 ('110', '4', '4', '5', '4', NULL, '2018-02-05 09:54:44', '2018-02-22 10:30:11', '939805f9-5b09-4b11-993f-19da7b5af7c5');



DROP TABLE IF EXISTS `craft_matrixblocktypes`;


--
-- Schema for table `craft_matrixblocktypes`
--
CREATE TABLE `craft_matrixblocktypes` (
  `id` int(11) NOT NULL AUTO_INCREMENT,
  `fieldId` int(11) NOT NULL,
  `fieldLayoutId` int(11) DEFAULT NULL,
  `name` varchar(255) COLLATE utf8_unicode_ci NOT NULL,
  `handle` varchar(255) COLLATE utf8_unicode_ci NOT NULL,
  `sortOrder` smallint(6) unsigned DEFAULT NULL,
  `dateCreated` datetime NOT NULL,
  `dateUpdated` datetime NOT NULL,
  `uid` char(36) COLLATE utf8_unicode_ci NOT NULL DEFAULT '0',
  PRIMARY KEY (`id`),
  UNIQUE KEY `craft_matrixblocktypes_name_fieldId_unq_idx` (`name`,`fieldId`),
  UNIQUE KEY `craft_matrixblocktypes_handle_fieldId_unq_idx` (`handle`,`fieldId`),
  KEY `craft_matrixblocktypes_fieldId_fk` (`fieldId`),
  KEY `craft_matrixblocktypes_fieldLayoutId_fk` (`fieldLayoutId`)
) ENGINE=InnoDB AUTO_INCREMENT=6 DEFAULT CHARSET=utf8 COLLATE=utf8_unicode_ci;

--
-- Data for table `craft_matrixblocktypes`
--

INSERT INTO `craft_matrixblocktypes` (`id`, `fieldId`, `fieldLayoutId`, `name`, `handle`, `sortOrder`, `dateCreated`, `dateUpdated`, `uid`) VALUES
 ('2', '4', '93', 'Image Grid', 'imageGrid', '1', '2018-01-30 13:25:46', '2018-02-22 10:07:36', '5a396302-56f3-4487-a830-fce6993319ab'),
 ('3', '4', '94', 'Video Block', 'videoBlock', '2', '2018-01-30 14:40:40', '2018-02-22 10:07:36', '334067c5-15f7-4570-98eb-53e0d4df4514'),
 ('4', '4', '95', 'Quote Block', 'quoteBlock', '3', '2018-01-30 16:39:27', '2018-02-22 10:07:36', 'd835f8ab-506e-4445-9e42-0ce6b304d3fc'),
 ('5', '4', '96', 'Full Width Slider', 'fullWidthSlider', '4', '2018-02-05 09:44:21', '2018-02-22 10:07:36', 'b986f2fb-646e-49c2-98c6-0e72c42f28e9');



DROP TABLE IF EXISTS `craft_matrixcontent_projectcontent`;


--
-- Schema for table `craft_matrixcontent_projectcontent`
--
CREATE TABLE `craft_matrixcontent_projectcontent` (
  `id` int(11) NOT NULL AUTO_INCREMENT,
  `elementId` int(11) NOT NULL,
  `locale` char(12) COLLATE utf8_unicode_ci NOT NULL,
  `field_videoBlock_youtubeUrl` text COLLATE utf8_unicode_ci,
  `field_videoBlock_vimeoUrl` text COLLATE utf8_unicode_ci,
  `field_videoBlock_credits` text COLLATE utf8_unicode_ci,
  `field_quoteBlock_quote` text COLLATE utf8_unicode_ci,
  `field_quoteBlock_quoter` text COLLATE utf8_unicode_ci,
  `field_quoteBlock_quoterPosition` text COLLATE utf8_unicode_ci,
  `dateCreated` datetime NOT NULL,
  `dateUpdated` datetime NOT NULL,
  `uid` char(36) COLLATE utf8_unicode_ci NOT NULL DEFAULT '0',
  PRIMARY KEY (`id`),
  UNIQUE KEY `craft_matrixcontent_projectcontent_elementId_locale_unq_idx` (`elementId`,`locale`),
  KEY `craft_matrixcontent_projectcontent_locale_fk` (`locale`)
) ENGINE=InnoDB AUTO_INCREMENT=6 DEFAULT CHARSET=utf8 COLLATE=utf8_unicode_ci;

--
-- Data for table `craft_matrixcontent_projectcontent`
--

INSERT INTO `craft_matrixcontent_projectcontent` (`id`, `elementId`, `locale`, `field_videoBlock_youtubeUrl`, `field_videoBlock_vimeoUrl`, `field_videoBlock_credits`, `field_quoteBlock_quote`, `field_quoteBlock_quoter`, `field_quoteBlock_quoterPosition`, `dateCreated`, `dateUpdated`, `uid`) VALUES
 ('2', '31', 'en_gb', NULL, NULL, NULL, NULL, NULL, NULL, '2018-01-30 13:33:33', '2018-02-22 10:30:11', '1bb6b569-bd3c-4d4d-849a-fb2520e1d244'),
 ('3', '32', 'en_gb', 'https://www.youtube.com/watch?v=xcJtL7QggTI/', '', '[{\"col1\":\"video by\",\"col2\":\"iPOP Digital\"},{\"col1\":\"PHOTOGRAPHY BY\",\"col2\":\"Andy Le Gresley\"},{\"col1\":\"Art Direction\",\"col2\":\"Jon Moore\"},{\"col1\":\"WEBSITE\",\"col2\":\"www.ipopdigital.com\"}]', NULL, NULL, NULL, '2018-01-30 14:41:31', '2018-02-22 10:30:11', '0127ed67-e2c6-4741-b401-c145fb0b7d01'),
 ('4', '36', 'en_gb', NULL, NULL, NULL, 'Lorem ipsum dolor sit amet, consectetuer adipiscing elit, sed diam nonummy nibh euismod tincidunt ut laoreet dolore magna aliquam erat volutpat.', 'JON MOORE,', 'the chamber of commerce', '2018-01-30 16:40:58', '2018-02-22 10:30:11', '8864a58c-a351-4888-98fc-e981faa60021'),
 ('5', '110', 'en_gb', NULL, NULL, NULL, NULL, NULL, NULL, '2018-02-05 09:54:44', '2018-02-22 10:30:11', 'af73ba34-f048-4597-8be1-048007c9891a');



DROP TABLE IF EXISTS `craft_migrations`;


--
-- Schema for table `craft_migrations`
--
CREATE TABLE `craft_migrations` (
  `id` int(11) NOT NULL AUTO_INCREMENT,
  `pluginId` int(11) DEFAULT NULL,
  `version` varchar(255) COLLATE utf8_unicode_ci NOT NULL,
  `applyTime` datetime NOT NULL,
  `dateCreated` datetime NOT NULL,
  `dateUpdated` datetime NOT NULL,
  `uid` char(36) COLLATE utf8_unicode_ci NOT NULL DEFAULT '0',
  PRIMARY KEY (`id`),
  UNIQUE KEY `craft_migrations_version_unq_idx` (`version`),
  KEY `craft_migrations_pluginId_fk` (`pluginId`)
) ENGINE=InnoDB AUTO_INCREMENT=43 DEFAULT CHARSET=utf8 COLLATE=utf8_unicode_ci;

--
-- Data for table `craft_migrations`
--

INSERT INTO `craft_migrations` (`id`, `pluginId`, `version`, `applyTime`, `dateCreated`, `dateUpdated`, `uid`) VALUES
 ('1', NULL, 'm000000_000000_base', '2018-01-18 10:53:32', '2018-01-18 10:53:32', '2018-01-18 10:53:32', '48513b57-c712-427e-b5e7-c6fe38b91afc'),
 ('2', NULL, 'm140730_000001_add_filename_and_format_to_transformindex', '2018-01-18 10:53:32', '2018-01-18 10:53:32', '2018-01-18 10:53:32', '78d4de42-f363-45ad-b55e-5d1ea107beda'),
 ('3', NULL, 'm140815_000001_add_format_to_transforms', '2018-01-18 10:53:32', '2018-01-18 10:53:32', '2018-01-18 10:53:32', 'eac6188f-0bf6-4c06-8810-e70549bbb8db'),
 ('4', NULL, 'm140822_000001_allow_more_than_128_items_per_field', '2018-01-18 10:53:32', '2018-01-18 10:53:32', '2018-01-18 10:53:32', '22d24357-aabb-4a54-8be7-9e7c6672ebd1'),
 ('5', NULL, 'm140829_000001_single_title_formats', '2018-01-18 10:53:32', '2018-01-18 10:53:32', '2018-01-18 10:53:32', '620eae05-bce3-4724-8387-d26c672d9265'),
 ('6', NULL, 'm140831_000001_extended_cache_keys', '2018-01-18 10:53:32', '2018-01-18 10:53:32', '2018-01-18 10:53:32', 'eec3c741-db51-4ba3-a7b6-68af94bb9d5a'),
 ('7', NULL, 'm140922_000001_delete_orphaned_matrix_blocks', '2018-01-18 10:53:32', '2018-01-18 10:53:32', '2018-01-18 10:53:32', 'f4374be6-26a0-4cda-adac-813abccca943'),
 ('8', NULL, 'm141008_000001_elements_index_tune', '2018-01-18 10:53:32', '2018-01-18 10:53:32', '2018-01-18 10:53:32', '2f542fa6-e35e-4f9b-b6a9-f2d4d7928b47'),
 ('9', NULL, 'm141009_000001_assets_source_handle', '2018-01-18 10:53:32', '2018-01-18 10:53:32', '2018-01-18 10:53:32', 'c3f2cb87-c7ea-40aa-94ce-bd2ac6484d3f'),
 ('10', NULL, 'm141024_000001_field_layout_tabs', '2018-01-18 10:53:32', '2018-01-18 10:53:32', '2018-01-18 10:53:32', 'e9668c53-f383-4035-91c8-f31d6655f350'),
 ('11', NULL, 'm141030_000000_plugin_schema_versions', '2018-01-18 10:53:32', '2018-01-18 10:53:32', '2018-01-18 10:53:32', '80cd5457-fe8a-4f38-8a18-185505c7b5f0'),
 ('12', NULL, 'm141030_000001_drop_structure_move_permission', '2018-01-18 10:53:32', '2018-01-18 10:53:32', '2018-01-18 10:53:32', 'ac78d427-fdd9-402e-bc88-496780d1e354'),
 ('13', NULL, 'm141103_000001_tag_titles', '2018-01-18 10:53:32', '2018-01-18 10:53:32', '2018-01-18 10:53:32', 'ca542355-5264-4c9a-9295-d3d186b37084'),
 ('14', NULL, 'm141109_000001_user_status_shuffle', '2018-01-18 10:53:32', '2018-01-18 10:53:32', '2018-01-18 10:53:32', '685b8971-396d-4b7f-abd7-defbfae02796'),
 ('15', NULL, 'm141126_000001_user_week_start_day', '2018-01-18 10:53:32', '2018-01-18 10:53:32', '2018-01-18 10:53:32', '932ddc36-a2a2-4352-bbf0-f645d78bf4e3'),
 ('16', NULL, 'm150210_000001_adjust_user_photo_size', '2018-01-18 10:53:32', '2018-01-18 10:53:32', '2018-01-18 10:53:32', 'd48ef13f-aa2a-4fdc-a6ea-91db07941ff9'),
 ('17', NULL, 'm150724_000001_adjust_quality_settings', '2018-01-18 10:53:32', '2018-01-18 10:53:32', '2018-01-18 10:53:32', 'f1999f19-ff90-4bde-b647-f62e5c258005'),
 ('18', NULL, 'm150827_000000_element_index_settings', '2018-01-18 10:53:32', '2018-01-18 10:53:32', '2018-01-18 10:53:32', '504b9504-55eb-4c63-87ff-cb3d267eb2f1'),
 ('19', NULL, 'm150918_000001_add_colspan_to_widgets', '2018-01-18 10:53:32', '2018-01-18 10:53:32', '2018-01-18 10:53:32', '4970ef13-d13b-4ed7-9532-299ed44ef179'),
 ('20', NULL, 'm151007_000000_clear_asset_caches', '2018-01-18 10:53:32', '2018-01-18 10:53:32', '2018-01-18 10:53:32', 'bfa15ef6-fdfd-40bd-84ce-cdc0aa794f8a'),
 ('21', NULL, 'm151109_000000_text_url_formats', '2018-01-18 10:53:32', '2018-01-18 10:53:32', '2018-01-18 10:53:32', '467007e4-8306-46f6-ace5-e51b57db0134'),
 ('22', NULL, 'm151110_000000_move_logo', '2018-01-18 10:53:32', '2018-01-18 10:53:32', '2018-01-18 10:53:32', 'e9343b49-09f3-4110-b3d4-0482adb3c1ce'),
 ('23', NULL, 'm151117_000000_adjust_image_widthheight', '2018-01-18 10:53:32', '2018-01-18 10:53:32', '2018-01-18 10:53:32', '16892231-1704-4a4c-9123-b571381eea96'),
 ('24', NULL, 'm151127_000000_clear_license_key_status', '2018-01-18 10:53:32', '2018-01-18 10:53:32', '2018-01-18 10:53:32', '24954e00-a646-4152-a71e-fffe25516285'),
 ('25', NULL, 'm151127_000000_plugin_license_keys', '2018-01-18 10:53:32', '2018-01-18 10:53:32', '2018-01-18 10:53:32', '3474d6f7-0d8d-4746-aabe-b3420fe6d0e5'),
 ('26', NULL, 'm151130_000000_update_pt_widget_feeds', '2018-01-18 10:53:32', '2018-01-18 10:53:32', '2018-01-18 10:53:32', 'e55cc1f6-90b9-43f2-ae6a-695f039c0822'),
 ('27', NULL, 'm160114_000000_asset_sources_public_url_default_true', '2018-01-18 10:53:32', '2018-01-18 10:53:32', '2018-01-18 10:53:32', 'ea3be4d3-0151-447a-8171-b7301cfeac5c'),
 ('28', NULL, 'm160223_000000_sortorder_to_smallint', '2018-01-18 10:53:32', '2018-01-18 10:53:32', '2018-01-18 10:53:32', 'd7ec42d4-af47-44a2-89bd-554671bde3ad'),
 ('29', NULL, 'm160229_000000_set_default_entry_statuses', '2018-01-18 10:53:32', '2018-01-18 10:53:32', '2018-01-18 10:53:32', 'e5532213-aa7f-42fd-b6e3-75d0a5c929f5'),
 ('30', NULL, 'm160304_000000_client_permissions', '2018-01-18 10:53:32', '2018-01-18 10:53:32', '2018-01-18 10:53:32', 'a9e5882e-bda9-474b-802d-c25ce83f7e73'),
 ('31', NULL, 'm160322_000000_asset_filesize', '2018-01-18 10:53:32', '2018-01-18 10:53:32', '2018-01-18 10:53:32', 'cac35347-a6e0-4d53-b41f-3a24f1d751dd'),
 ('32', NULL, 'm160503_000000_orphaned_fieldlayouts', '2018-01-18 10:53:32', '2018-01-18 10:53:33', '2018-01-18 10:53:33', '929bd6fd-e89e-4022-81cb-31987a202f5b'),
 ('33', NULL, 'm160510_000000_tasksettings', '2018-01-18 10:53:32', '2018-01-18 10:53:33', '2018-01-18 10:53:33', 'd581716d-d5f8-431e-a210-e6dd23b1a4ae'),
 ('34', NULL, 'm160829_000000_pending_user_content_cleanup', '2018-01-18 10:53:32', '2018-01-18 10:53:33', '2018-01-18 10:53:33', '1bcdd4a1-7deb-44fc-96ab-9a45167a3ad0'),
 ('35', NULL, 'm160830_000000_asset_index_uri_increase', '2018-01-18 10:53:32', '2018-01-18 10:53:33', '2018-01-18 10:53:33', 'e4542001-702b-429b-9819-8a68672b982c'),
 ('36', NULL, 'm160919_000000_usergroup_handle_title_unique', '2018-01-18 10:53:32', '2018-01-18 10:53:33', '2018-01-18 10:53:33', 'e2e111aa-e8b4-4510-85f5-a5a1e9cec05e'),
 ('37', NULL, 'm161108_000000_new_version_format', '2018-01-18 10:53:32', '2018-01-18 10:53:33', '2018-01-18 10:53:33', 'f801030f-83a3-4980-9312-c23bb86cb8e4'),
 ('38', NULL, 'm161109_000000_index_shuffle', '2018-01-18 10:53:32', '2018-01-18 10:53:33', '2018-01-18 10:53:33', '4c90f379-81ce-4512-beeb-93f34956afab'),
 ('39', NULL, 'm170612_000000_route_index_shuffle', '2018-01-18 10:53:32', '2018-01-18 10:53:33', '2018-01-18 10:53:33', '2662e732-7e77-4b05-a226-9168b66a9255'),
 ('40', NULL, 'm171107_000000_assign_group_permissions', '2018-01-18 10:53:32', '2018-01-18 10:53:33', '2018-01-18 10:53:33', 'c92bd5a5-0360-4c18-9ae4-ced8844a27ab'),
 ('41', NULL, 'm171117_000001_templatecache_index_tune', '2018-01-18 10:53:32', '2018-01-18 10:53:33', '2018-01-18 10:53:33', '36cdc694-3926-4731-bb18-5c78cc74ebee'),
 ('42', NULL, 'm171204_000001_templatecache_index_tune_deux', '2018-01-18 10:53:32', '2018-01-18 10:53:33', '2018-01-18 10:53:33', '9248bb55-bda5-4d15-94b0-36e9d5f2a4d4');



DROP TABLE IF EXISTS `craft_plugins`;


--
-- Schema for table `craft_plugins`
--
CREATE TABLE `craft_plugins` (
  `id` int(11) NOT NULL AUTO_INCREMENT,
  `class` varchar(150) COLLATE utf8_unicode_ci NOT NULL,
  `version` varchar(15) COLLATE utf8_unicode_ci NOT NULL,
  `schemaVersion` varchar(15) COLLATE utf8_unicode_ci DEFAULT NULL,
  `licenseKey` char(24) COLLATE utf8_unicode_ci DEFAULT NULL,
  `licenseKeyStatus` enum('valid','invalid','mismatched','unknown') COLLATE utf8_unicode_ci NOT NULL DEFAULT 'unknown',
  `enabled` tinyint(1) unsigned NOT NULL DEFAULT '0',
  `settings` text COLLATE utf8_unicode_ci,
  `installDate` datetime NOT NULL,
  `dateCreated` datetime NOT NULL,
  `dateUpdated` datetime NOT NULL,
  `uid` char(36) COLLATE utf8_unicode_ci NOT NULL DEFAULT '0',
  PRIMARY KEY (`id`)
) ENGINE=InnoDB AUTO_INCREMENT=7 DEFAULT CHARSET=utf8 COLLATE=utf8_unicode_ci;

--
-- Data for table `craft_plugins`
--

INSERT INTO `craft_plugins` (`id`, `class`, `version`, `schemaVersion`, `licenseKey`, `licenseKeyStatus`, `enabled`, `settings`, `installDate`, `dateCreated`, `dateUpdated`, `uid`) VALUES
 ('3', 'PendingUser', '1.0.1', NULL, NULL, 'unknown', '1', '{\"allowedDomains\":\"\",\"signupEmailSubject\":\"User Request Received\",\"signupEmailBody\":\"We received your request for a members account and we are currently reviewing it.  You will receive a verification email once the account has been approved.\",\"activationEmailSubject\":\"Account Activated\",\"activationEmailBody\":\"Your AJA account has been activated. <a href=\\\"http:\\/\\/jerseyarchitects.com\\/user\\\">Click here<\\/a> to login and start adding projects.\",\"notifyModerator\":\"1\",\"moderatorEmailAddress\":\"luca@ipopdigital.com\",\"moderatorEmailSubject\":\"A new user has signed up\",\"moderatorEmailBody\":\"A new user has signed up.\\r\\nClick here to review: {{ user.cpEditUrl }}\"}', '2018-02-02 11:41:36', '2018-02-02 11:41:36', '2018-03-12 09:52:46', 'a7f65bdd-6a52-4eb3-b61c-cee5741d308d'),
 ('4', 'ImageBase64', '0.1.0', NULL, NULL, 'unknown', '1', NULL, '2018-02-02 12:06:52', '2018-02-02 12:06:52', '2018-03-12 09:52:46', '6aafc8c2-0a23-436c-806b-5fdf69158389'),
 ('5', 'Imager', '1.6.4', '1.0.0', NULL, 'unknown', '1', NULL, '2018-02-19 12:17:51', '2018-02-19 12:17:51', '2018-03-12 09:52:46', '874f601e-6ba3-48c8-820a-6e414683cca9'),
 ('6', 'FileUpload', '0.0.1', '0.0.1', NULL, 'unknown', '1', NULL, '2018-02-19 14:14:00', '2018-02-19 14:14:00', '2018-03-12 09:52:46', '7b465f80-bb98-4230-8891-80df8a392be6');



DROP TABLE IF EXISTS `craft_rackspaceaccess`;


--
-- Schema for table `craft_rackspaceaccess`
--
CREATE TABLE `craft_rackspaceaccess` (
  `id` int(11) NOT NULL AUTO_INCREMENT,
  `connectionKey` varchar(255) COLLATE utf8_unicode_ci NOT NULL,
  `token` varchar(255) COLLATE utf8_unicode_ci NOT NULL,
  `storageUrl` varchar(255) COLLATE utf8_unicode_ci NOT NULL,
  `cdnUrl` varchar(255) COLLATE utf8_unicode_ci NOT NULL,
  `dateCreated` datetime NOT NULL,
  `dateUpdated` datetime NOT NULL,
  `uid` char(36) COLLATE utf8_unicode_ci NOT NULL DEFAULT '0',
  PRIMARY KEY (`id`),
  UNIQUE KEY `craft_rackspaceaccess_connectionKey_unq_idx` (`connectionKey`)
) ENGINE=InnoDB DEFAULT CHARSET=utf8 COLLATE=utf8_unicode_ci;

DROP TABLE IF EXISTS `craft_relations`;


--
-- Schema for table `craft_relations`
--
CREATE TABLE `craft_relations` (
  `id` int(11) NOT NULL AUTO_INCREMENT,
  `fieldId` int(11) NOT NULL,
  `sourceId` int(11) NOT NULL,
  `sourceLocale` char(12) COLLATE utf8_unicode_ci DEFAULT NULL,
  `targetId` int(11) NOT NULL,
  `sortOrder` smallint(6) DEFAULT NULL,
  `dateCreated` datetime NOT NULL,
  `dateUpdated` datetime NOT NULL,
  `uid` char(36) COLLATE utf8_unicode_ci NOT NULL DEFAULT '0',
  PRIMARY KEY (`id`),
  UNIQUE KEY `craft_relations_fieldId_sourceId_sourceLocale_targetId_unq_idx` (`fieldId`,`sourceId`,`sourceLocale`,`targetId`),
  KEY `craft_relations_sourceId_fk` (`sourceId`),
  KEY `craft_relations_sourceLocale_fk` (`sourceLocale`),
  KEY `craft_relations_targetId_fk` (`targetId`)
) ENGINE=InnoDB AUTO_INCREMENT=452 DEFAULT CHARSET=utf8 COLLATE=utf8_unicode_ci;

--
-- Data for table `craft_relations`
--

INSERT INTO `craft_relations` (`id`, `fieldId`, `sourceId`, `sourceLocale`, `targetId`, `sortOrder`, `dateCreated`, `dateUpdated`, `uid`) VALUES
 ('318', '39', '4', NULL, '325', '1', '2018-02-22 10:30:11', '2018-02-22 10:30:11', 'b8582e5c-d73e-41f6-89b8-1c76e6f0335d'),
 ('319', '36', '4', NULL, '325', '1', '2018-02-22 10:30:11', '2018-02-22 10:30:11', 'd236585e-85db-4953-b03d-1e66f111a605'),
 ('320', '36', '4', NULL, '18', '2', '2018-02-22 10:30:11', '2018-02-22 10:30:11', '5d716cc1-e0a0-4ad5-9002-ecd44a302083'),
 ('321', '36', '4', NULL, '19', '3', '2018-02-22 10:30:11', '2018-02-22 10:30:11', '7b2b29eb-eb04-4acc-8c09-b41876a0824b'),
 ('322', '36', '4', NULL, '29', '4', '2018-02-22 10:30:11', '2018-02-22 10:30:11', 'acf541a3-417e-4528-a546-a8555588a2c6'),
 ('323', '7', '31', NULL, '6', '1', '2018-02-22 10:30:11', '2018-02-22 10:30:11', '5aa6446c-2ba5-4b82-8d29-5458b080ba7d'),
 ('324', '7', '31', NULL, '18', '2', '2018-02-22 10:30:11', '2018-02-22 10:30:11', '337cb85e-28a9-49c6-8a6e-700f409ef2ba'),
 ('325', '7', '31', NULL, '19', '3', '2018-02-22 10:30:11', '2018-02-22 10:30:11', 'cefd4a77-613b-4a09-808a-fe3dee8af791'),
 ('326', '7', '31', NULL, '29', '4', '2018-02-22 10:30:11', '2018-02-22 10:30:11', '7843f20e-5071-4de0-b087-b7f28bf1435f'),
 ('327', '7', '31', NULL, '20', '5', '2018-02-22 10:30:11', '2018-02-22 10:30:11', '1cf80ed1-26e6-4b39-ab5c-523a55c5356d'),
 ('328', '7', '31', NULL, '30', '6', '2018-02-22 10:30:11', '2018-02-22 10:30:11', 'd9c79677-6aaf-49bf-af95-08e926442b53'),
 ('329', '7', '31', NULL, '9', '7', '2018-02-22 10:30:11', '2018-02-22 10:30:11', '76465165-b590-4af9-848d-195d733dc948'),
 ('330', '7', '31', NULL, '10', '8', '2018-02-22 10:30:11', '2018-02-22 10:30:11', 'c3368078-175a-4b0d-a670-5f7603185778'),
 ('331', '10', '32', NULL, '29', '1', '2018-02-22 10:30:11', '2018-02-22 10:30:11', '0d7a3137-31d1-470d-9222-9aeb29c1d15c'),
 ('332', '14', '36', NULL, '38', '1', '2018-02-22 10:30:11', '2018-02-22 10:30:11', 'c1b67570-82ff-4647-b2c1-8a642611dd22'),
 ('333', '35', '110', NULL, '6', '1', '2018-02-22 10:30:11', '2018-02-22 10:30:11', '24892bad-49eb-4e47-a378-01e1338455fd'),
 ('334', '35', '110', NULL, '9', '2', '2018-02-22 10:30:11', '2018-02-22 10:30:11', '6a9c6524-da57-4a3a-bc20-ac7d5a157156'),
 ('357', '39', '369', NULL, '370', '1', '2018-02-26 16:39:51', '2018-02-26 16:39:51', 'da15c2d4-903a-421b-8b78-3fa95e488459'),
 ('358', '39', '368', NULL, '371', '1', '2018-02-27 13:21:09', '2018-02-27 13:21:09', 'a0c9b154-bdb0-4b88-9774-868b4306e1f0'),
 ('406', '48', '326', NULL, '432', '1', '2018-03-12 12:50:31', '2018-03-12 12:50:31', '46977528-5e30-47f9-bc89-f64a02d0aff1'),
 ('434', '39', '491', NULL, '490', '1', '2018-03-12 13:27:18', '2018-03-12 13:27:18', '95ed4769-85a9-46eb-b07a-9e62ef5c1fdf'),
 ('435', '36', '491', NULL, '472', '1', '2018-03-12 13:27:18', '2018-03-12 13:27:18', '8ee28e11-bd84-40f4-bbe3-87004d97fe78'),
 ('436', '36', '491', NULL, '473', '2', '2018-03-12 13:27:18', '2018-03-12 13:27:18', 'ca83e3b9-535c-4af9-9492-75cb2d5cd90c'),
 ('437', '36', '491', NULL, '474', '3', '2018-03-12 13:27:18', '2018-03-12 13:27:18', '9b05bfca-80cd-4963-a1ca-cf82d4527306'),
 ('438', '40', '491', NULL, '475', '1', '2018-03-12 13:27:19', '2018-03-12 13:27:19', '2513d002-fb38-43dd-ba4a-d23a35c3be4a'),
 ('439', '40', '491', NULL, '476', '2', '2018-03-12 13:27:19', '2018-03-12 13:27:19', '5539fd53-70b7-4e27-a53b-a23aa5b17039'),
 ('440', '40', '491', NULL, '477', '3', '2018-03-12 13:27:19', '2018-03-12 13:27:19', 'dcb27ead-d4a8-465b-ae8c-806632240781'),
 ('441', '40', '491', NULL, '478', '4', '2018-03-12 13:27:19', '2018-03-12 13:27:19', '881de175-7fa0-4b78-a0e1-92d4fe76fb20'),
 ('442', '40', '491', NULL, '479', '5', '2018-03-12 13:27:19', '2018-03-12 13:27:19', '4a34a042-b51c-4e73-b983-8db84a556c86'),
 ('443', '40', '491', NULL, '480', '6', '2018-03-12 13:27:19', '2018-03-12 13:27:19', '70667c50-0e36-448f-9479-2dcca159e58d'),
 ('444', '40', '491', NULL, '482', '7', '2018-03-12 13:27:19', '2018-03-12 13:27:19', '53299363-9bda-4e2d-8dd6-2a5ed0b082ae'),
 ('445', '40', '491', NULL, '483', '8', '2018-03-12 13:27:19', '2018-03-12 13:27:19', '184fee78-38b1-46f0-852d-9498f97e2fbe'),
 ('446', '40', '491', NULL, '484', '9', '2018-03-12 13:27:19', '2018-03-12 13:27:19', '247b37f9-ddbb-4ca5-82b4-5d042a52da75'),
 ('447', '40', '491', NULL, '485', '10', '2018-03-12 13:27:19', '2018-03-12 13:27:19', '305a6a61-a5fe-4019-af4c-231ad41c2bd3'),
 ('448', '46', '491', NULL, '486', '1', '2018-03-12 13:27:19', '2018-03-12 13:27:19', '232b1b75-3d2d-41d0-91cd-20edfac933db'),
 ('449', '47', '491', NULL, '487', '1', '2018-03-12 13:27:19', '2018-03-12 13:27:19', 'ac50d120-968e-403c-acc1-8a61f1f292a1'),
 ('450', '47', '491', NULL, '488', '2', '2018-03-12 13:27:19', '2018-03-12 13:27:19', '7f8636f7-c2a6-4776-9e0e-f95b16956bdf'),
 ('451', '47', '491', NULL, '489', '3', '2018-03-12 13:27:19', '2018-03-12 13:27:19', '407ba980-5cbc-427d-9a84-3f764591a6ae');



DROP TABLE IF EXISTS `craft_routes`;


--
-- Schema for table `craft_routes`
--
CREATE TABLE `craft_routes` (
  `id` int(11) NOT NULL AUTO_INCREMENT,
  `locale` char(12) COLLATE utf8_unicode_ci DEFAULT NULL,
  `urlParts` varchar(255) COLLATE utf8_unicode_ci NOT NULL,
  `urlPattern` varchar(255) COLLATE utf8_unicode_ci NOT NULL,
  `template` varchar(255) COLLATE utf8_unicode_ci NOT NULL,
  `sortOrder` smallint(6) unsigned DEFAULT NULL,
  `dateCreated` datetime NOT NULL,
  `dateUpdated` datetime NOT NULL,
  `uid` char(36) COLLATE utf8_unicode_ci NOT NULL DEFAULT '0',
  PRIMARY KEY (`id`),
  KEY `craft_routes_locale_idx` (`locale`),
  KEY `craft_routes_urlPattern_idx` (`urlPattern`)
) ENGINE=InnoDB AUTO_INCREMENT=2 DEFAULT CHARSET=utf8 COLLATE=utf8_unicode_ci;

--
-- Data for table `craft_routes`
--

INSERT INTO `craft_routes` (`id`, `locale`, `urlParts`, `urlPattern`, `template`, `sortOrder`, `dateCreated`, `dateUpdated`, `uid`) VALUES
 ('1', NULL, '[\"members\\/\",[\"*\",\"[^\\\\\\/]+\"]]', 'members\\/([^\\/]+)', 'members/_profile.html', '1', '2018-02-20 10:12:47', '2018-02-20 10:12:47', '5e8e0954-d652-4498-9a36-4134dd424373');



DROP TABLE IF EXISTS `craft_searchindex`;


--
-- Schema for table `craft_searchindex`
--
CREATE TABLE `craft_searchindex` (
  `elementId` int(11) NOT NULL,
  `attribute` varchar(25) COLLATE utf8_unicode_ci NOT NULL,
  `fieldId` int(11) NOT NULL,
  `locale` char(12) COLLATE utf8_unicode_ci NOT NULL,
  `keywords` text COLLATE utf8_unicode_ci NOT NULL,
  PRIMARY KEY (`elementId`,`attribute`,`fieldId`,`locale`),
  FULLTEXT KEY `craft_searchindex_keywords_idx` (`keywords`)
) ENGINE=MyISAM DEFAULT CHARSET=utf8 COLLATE=utf8_unicode_ci;

--
-- Data for table `craft_searchindex`
--

INSERT INTO `craft_searchindex` (`elementId`, `attribute`, `fieldId`, `locale`, `keywords`) VALUES
 ('1', 'username', '0', 'en_gb', ' theboss '),
 ('1', 'firstname', '0', 'en_gb', ' luca '),
 ('1', 'lastname', '0', 'en_gb', ' jeg '),
 ('1', 'fullname', '0', 'en_gb', ' luca jeg '),
 ('1', 'email', '0', 'en_gb', ' luca2 ipopdigital com '),
 ('1', 'slug', '0', 'en_gb', ''),
 ('2', 'slug', '0', 'en_gb', ' homepage '),
 ('2', 'title', '0', 'en_gb', ' welcome to localhost '),
 ('2', 'field', '1', 'en_gb', ' it s true this site doesn t have a whole lot of content yet but don t worry our web developers have just installed the cms and they re setting things up for the content editors this very moment soon localhost will be an oasis of fresh perspectives sharp analyses and astute opinions that will keep you coming back again and again '),
 ('376', 'filename', '0', 'en_gb', ' 4357612 footer logo png '),
 ('376', 'extension', '0', 'en_gb', ' png '),
 ('376', 'kind', '0', 'en_gb', ' image '),
 ('376', 'slug', '0', 'en_gb', ' 4357612 footer logo '),
 ('376', 'title', '0', 'en_gb', ' 4357612 footer logo '),
 ('377', 'filename', '0', 'en_gb', ' 1d04815 footer logo png '),
 ('375', 'title', '0', 'en_gb', ' 73ae604 grey text '),
 ('4', 'slug', '0', 'en_gb', ' example project 1 '),
 ('4', 'title', '0', 'en_gb', ' example project 1 '),
 ('10', 'kind', '0', 'en_gb', ' image '),
 ('10', 'slug', '0', 'en_gb', ' untitled 3 '),
 ('10', 'title', '0', 'en_gb', ' untitled 3 '),
 ('4', 'field', '3', 'en_gb', ' proj1 '),
 ('6', 'filename', '0', 'en_gb', ' proj1 png '),
 ('6', 'extension', '0', 'en_gb', ' png '),
 ('6', 'kind', '0', 'en_gb', ' image '),
 ('6', 'slug', '0', 'en_gb', ' proj1 '),
 ('6', 'title', '0', 'en_gb', ' proj1 '),
 ('10', 'extension', '0', 'en_gb', ' jpg '),
 ('10', 'filename', '0', 'en_gb', ' untitled 3 jpg '),
 ('4', 'field', '4', 'en_gb', ' proj1 thumb thumb2 thumbt untitled 1 untitled 1f untitled 2 untitled 3 video by ipop digital video by ipop digital photography by andy le gresley photography by andy le gresley art direction jon moore art direction jon moore website www ipopdigital com website www ipopdigital com thumbt https www youtube com watch v=xcjtl7qggti night lorem ipsum dolor sit amet consectetuer adipiscing elit sed diam nonummy nibh euismod tincidunt ut laoreet dolore magna aliquam erat volutpat jon moore the chamber of commerce proj1 untitled 2 '),
 ('9', 'filename', '0', 'en_gb', ' untitled 2 jpg '),
 ('9', 'extension', '0', 'en_gb', ' jpg '),
 ('9', 'kind', '0', 'en_gb', ' image '),
 ('9', 'slug', '0', 'en_gb', ' untitled 2 '),
 ('9', 'title', '0', 'en_gb', ' untitled 2 '),
 ('326', 'field', '18', 'en_gb', ' f '),
 ('326', 'field', '19', 'en_gb', ' f '),
 ('326', 'field', '20', 'en_gb', ' f '),
 ('326', 'field', '21', 'en_gb', ''),
 ('4', 'field', '39', 'en_gb', ' proj1 '),
 ('18', 'kind', '0', 'en_gb', ' image '),
 ('18', 'slug', '0', 'en_gb', ' thumb '),
 ('18', 'extension', '0', 'en_gb', ' png '),
 ('18', 'filename', '0', 'en_gb', ' thumb png '),
 ('19', 'kind', '0', 'en_gb', ' image '),
 ('19', 'slug', '0', 'en_gb', ' thumb2 '),
 ('19', 'extension', '0', 'en_gb', ' png '),
 ('19', 'filename', '0', 'en_gb', ' thumb2 png '),
 ('20', 'kind', '0', 'en_gb', ' image '),
 ('20', 'slug', '0', 'en_gb', ' untitled 1 '),
 ('20', 'extension', '0', 'en_gb', ' jpg '),
 ('20', 'filename', '0', 'en_gb', ' untitled 1 jpg '),
 ('29', 'title', '0', 'en_gb', ' thumbt '),
 ('32', 'field', '11', 'en_gb', ' video by ipop digital video by ipop digital photography by andy le gresley photography by andy le gresley art direction jon moore art direction jon moore website www ipopdigital com website www ipopdigital com '),
 ('32', 'field', '10', 'en_gb', ' thumbt '),
 ('323', 'title', '0', 'en_gb', ' proj1 '),
 ('323', 'slug', '0', 'en_gb', ' proj1 '),
 ('323', 'kind', '0', 'en_gb', ' image '),
 ('323', 'extension', '0', 'en_gb', ' jpg '),
 ('36', 'field', '12', 'en_gb', ' lorem ipsum dolor sit amet consectetuer adipiscing elit sed diam nonummy nibh euismod tincidunt ut laoreet dolore magna aliquam erat volutpat '),
 ('18', 'title', '0', 'en_gb', ' thumb '),
 ('19', 'title', '0', 'en_gb', ' thumb2 '),
 ('20', 'title', '0', 'en_gb', ' untitled 1 '),
 ('29', 'kind', '0', 'en_gb', ' image '),
 ('29', 'slug', '0', 'en_gb', ' thumbt '),
 ('29', 'extension', '0', 'en_gb', ' jpg '),
 ('29', 'filename', '0', 'en_gb', ' thumbt jpg '),
 ('30', 'title', '0', 'en_gb', ' untitled 1f '),
 ('30', 'kind', '0', 'en_gb', ' image '),
 ('30', 'slug', '0', 'en_gb', ' untitled 1f '),
 ('30', 'extension', '0', 'en_gb', ' jpg '),
 ('30', 'filename', '0', 'en_gb', ' untitled 1f jpg '),
 ('32', 'slug', '0', 'en_gb', ''),
 ('32', 'field', '9', 'en_gb', ''),
 ('31', 'slug', '0', 'en_gb', ''),
 ('31', 'field', '7', 'en_gb', ' proj1 thumb thumb2 thumbt untitled 1 untitled 1f untitled 2 untitled 3 '),
 ('32', 'field', '8', 'en_gb', ' https www youtube com watch v=xcjtl7qggti '),
 ('110', 'slug', '0', 'en_gb', ''),
 ('174', 'title', '0', 'en_gb', ' hh '),
 ('36', 'field', '13', 'en_gb', ' jon moore '),
 ('36', 'field', '14', 'en_gb', ' night '),
 ('36', 'slug', '0', 'en_gb', ''),
 ('36', 'field', '15', 'en_gb', ' the chamber of commerce '),
 ('110', 'field', '35', 'en_gb', ' proj1 untitled 2 '),
 ('38', 'filename', '0', 'en_gb', ' night jpg '),
 ('38', 'extension', '0', 'en_gb', ' jpg '),
 ('38', 'kind', '0', 'en_gb', ' image '),
 ('38', 'slug', '0', 'en_gb', ' night '),
 ('38', 'title', '0', 'en_gb', ' night '),
 ('174', 'field', '36', 'en_gb', ''),
 ('174', 'field', '4', 'en_gb', ''),
 ('174', 'slug', '0', 'en_gb', ' hh '),
 ('174', 'field', '34', 'en_gb', ''),
 ('174', 'field', '3', 'en_gb', ' key '),
 ('174', 'field', '33', 'en_gb', ''),
 ('174', 'field', '32', 'en_gb', ''),
 ('354', 'kind', '0', 'en_gb', ' image '),
 ('325', 'extension', '0', 'en_gb', ' jpg '),
 ('324', 'slug', '0', 'en_gb', ' proj1 '),
 ('324', 'title', '0', 'en_gb', ' proj1 ');
INSERT INTO `craft_searchindex` (`elementId`, `attribute`, `fieldId`, `locale`, `keywords`) VALUES
 ('325', 'filename', '0', 'en_gb', ' proj1 jpg '),
 ('149', 'field', '34', 'en_gb', ''),
 ('149', 'field', '33', 'en_gb', ''),
 ('109', 'fullname', '0', 'en_gb', ' john ddd '),
 ('109', 'slug', '0', 'en_gb', ''),
 ('109', 'email', '0', 'en_gb', ' x1241895 mvrht net '),
 ('109', 'lastname', '0', 'en_gb', ' ddd '),
 ('109', 'firstname', '0', 'en_gb', ' john '),
 ('109', 'username', '0', 'en_gb', ' squd '),
 ('109', 'field', '25', 'en_gb', ''),
 ('109', 'field', '28', 'en_gb', ''),
 ('109', 'field', '27', 'en_gb', ''),
 ('109', 'field', '26', 'en_gb', ''),
 ('109', 'field', '24', 'en_gb', ''),
 ('109', 'field', '23', 'en_gb', ''),
 ('109', 'field', '22', 'en_gb', ''),
 ('109', 'field', '18', 'en_gb', ' v '),
 ('109', 'field', '20', 'en_gb', ' h '),
 ('109', 'field', '21', 'en_gb', ''),
 ('109', 'field', '19', 'en_gb', ' h '),
 ('1', 'field', '18', 'en_gb', ' aja '),
 ('1', 'field', '19', 'en_gb', ' arb '),
 ('1', 'field', '20', 'en_gb', ' riba '),
 ('1', 'field', '21', 'en_gb', ' companyf '),
 ('1', 'field', '22', 'en_gb', ' 123 '),
 ('1', 'field', '23', 'en_gb', ''),
 ('1', 'field', '24', 'en_gb', ' b '),
 ('1', 'field', '26', 'en_gb', ' v '),
 ('1', 'field', '27', 'en_gb', ' d '),
 ('1', 'field', '28', 'en_gb', ' a '),
 ('1', 'field', '25', 'en_gb', ' th '),
 ('4', 'field', '29', 'en_gb', ' godel architects '),
 ('4', 'field', '30', 'en_gb', ' example project 1 '),
 ('4', 'field', '31', 'en_gb', ' st peter jersey '),
 ('4', 'field', '32', 'en_gb', ' www godelarchitects com '),
 ('4', 'field', '33', 'en_gb', ' john smitg '),
 ('4', 'field', '36', 'en_gb', ' proj1 thumb thumb2 thumbt '),
 ('4', 'field', '34', 'en_gb', ' lorem ipsum dolor sit amet consectetuer adipiscing elit sed diam nonummy nibh euismod tincidunt ut laoreet dolore magna aliquam erat volutpat ut wisi enim ad minim '),
 ('354', 'slug', '0', 'en_gb', ' justin gallaher '),
 ('319', 'extension', '0', 'en_gb', ' png '),
 ('319', 'kind', '0', 'en_gb', ' image '),
 ('319', 'slug', '0', 'en_gb', ' defaultuserphoto '),
 ('319', 'title', '0', 'en_gb', ' defaultuserphoto '),
 ('323', 'filename', '0', 'en_gb', ' proj1 jpg '),
 ('320', 'filename', '0', 'en_gb', ' defaultuserphoto png '),
 ('320', 'extension', '0', 'en_gb', ' png '),
 ('320', 'kind', '0', 'en_gb', ' image '),
 ('320', 'slug', '0', 'en_gb', ' defaultuserphoto '),
 ('320', 'title', '0', 'en_gb', ' defaultuserphoto '),
 ('325', 'title', '0', 'en_gb', ' proj1 '),
 ('4', 'field', '38', 'en_gb', ' proj1 '),
 ('325', 'slug', '0', 'en_gb', ' proj1 '),
 ('325', 'kind', '0', 'en_gb', ' image '),
 ('247', 'filename', '0', 'en_gb', ' home png '),
 ('247', 'extension', '0', 'en_gb', ' png '),
 ('247', 'kind', '0', 'en_gb', ' image '),
 ('247', 'slug', '0', 'en_gb', ' home '),
 ('247', 'title', '0', 'en_gb', ' home '),
 ('250', 'slug', '0', 'en_gb', ' example slide 1 '),
 ('250', 'title', '0', 'en_gb', ' example slide 1 '),
 ('250', 'kind', '0', 'en_gb', ' image '),
 ('250', 'extension', '0', 'en_gb', ' jpg '),
 ('250', 'filename', '0', 'en_gb', ' example slide 1 jpg '),
 ('352', 'filename', '0', 'en_gb', ' b7300c6 justin gallaher jpg '),
 ('352', 'extension', '0', 'en_gb', ' jpg '),
 ('352', 'kind', '0', 'en_gb', ' image '),
 ('352', 'slug', '0', 'en_gb', ' b7300c6 justin gallaher '),
 ('352', 'title', '0', 'en_gb', ' b7300c6 justin gallaher '),
 ('353', 'filename', '0', 'en_gb', ' 03d4c3a justin gallaher jpg '),
 ('353', 'extension', '0', 'en_gb', ' jpg '),
 ('281', 'field', '37', 'en_gb', ''),
 ('281', 'field', '18', 'en_gb', ' 234 '),
 ('361', 'filename', '0', 'en_gb', ' b8e59c7 bright 1519639355286 png '),
 ('360', 'kind', '0', 'en_gb', ' image '),
 ('356', 'slug', '0', 'en_gb', ' da85d79 robert bar '),
 ('356', 'filename', '0', 'en_gb', ' da85d79 robertbar jpg '),
 ('356', 'extension', '0', 'en_gb', ' jpg '),
 ('356', 'kind', '0', 'en_gb', ' image '),
 ('281', 'field', '19', 'en_gb', ' 234 '),
 ('281', 'field', '20', 'en_gb', ' 234 '),
 ('358', 'title', '0', 'en_gb', ' robert bar '),
 ('358', 'slug', '0', 'en_gb', ' robert bar '),
 ('358', 'kind', '0', 'en_gb', ' image '),
 ('358', 'extension', '0', 'en_gb', ' jpg '),
 ('174', 'field', '31', 'en_gb', ''),
 ('174', 'field', '29', 'en_gb', ''),
 ('150', 'field', '6', 'en_gb', ''),
 ('150', 'slug', '0', 'en_gb', ''),
 ('149', 'title', '0', 'en_gb', ' fff '),
 ('149', 'slug', '0', 'en_gb', ' fff '),
 ('149', 'field', '32', 'en_gb', ''),
 ('149', 'field', '31', 'en_gb', ''),
 ('149', 'field', '3', 'en_gb', ' logo '),
 ('149', 'field', '4', 'en_gb', ''),
 ('324', 'kind', '0', 'en_gb', ' image '),
 ('149', 'field', '29', 'en_gb', ''),
 ('326', 'field', '22', 'en_gb', ''),
 ('281', 'field', '21', 'en_gb', ' google com '),
 ('281', 'field', '22', 'en_gb', ''),
 ('354', 'title', '0', 'en_gb', ' justin gallaher ');
INSERT INTO `craft_searchindex` (`elementId`, `attribute`, `fieldId`, `locale`, `keywords`) VALUES
 ('357', 'filename', '0', 'en_gb', ' 877031e robertbar jpg '),
 ('357', 'extension', '0', 'en_gb', ' jpg '),
 ('357', 'kind', '0', 'en_gb', ' image '),
 ('357', 'slug', '0', 'en_gb', ' 877031e robert bar '),
 ('357', 'title', '0', 'en_gb', ' 877031e robert bar '),
 ('356', 'title', '0', 'en_gb', ' da85d79 robert bar '),
 ('281', 'username', '0', 'en_gb', ' gug '),
 ('281', 'field', '25', 'en_gb', ' f '),
 ('281', 'field', '28', 'en_gb', ' f '),
 ('281', 'field', '27', 'en_gb', ' f '),
 ('281', 'field', '26', 'en_gb', ' f '),
 ('281', 'field', '24', 'en_gb', ' f '),
 ('281', 'field', '23', 'en_gb', ' lorem ipsum dolor sit amet consectetur adipiscing elit curabitur ut congue est sed non urna gravida diam tristique fermentum ut et lectus vestibulum volutpat quam fermentum eros gravida viverra suspendisse potenti nunc eget malesuada eros morbi vel ullamcorper quam praesent malesuada pretium lacus '),
 ('326', 'slug', '0', 'en_gb', ''),
 ('326', 'username', '0', 'en_gb', ' justingallaher '),
 ('326', 'firstname', '0', 'en_gb', ' justins '),
 ('326', 'lastname', '0', 'en_gb', ' gallaher '),
 ('326', 'fullname', '0', 'en_gb', ' justins gallaher '),
 ('326', 'email', '0', 'en_gb', ' placeholder email com '),
 ('281', 'firstname', '0', 'en_gb', ' bill '),
 ('281', 'lastname', '0', 'en_gb', ' lee '),
 ('281', 'fullname', '0', 'en_gb', ' bill lee '),
 ('324', 'extension', '0', 'en_gb', ' jpg '),
 ('324', 'filename', '0', 'en_gb', ' proj1 jpg '),
 ('319', 'filename', '0', 'en_gb', ' defaultuserphoto png '),
 ('281', 'email', '0', 'en_gb', ' test etst con '),
 ('281', 'slug', '0', 'en_gb', ''),
 ('327', 'filename', '0', 'en_gb', ' 46c2373 default skin png '),
 ('326', 'field', '28', 'en_gb', ''),
 ('326', 'field', '25', 'en_gb', ''),
 ('326', 'field', '24', 'en_gb', ''),
 ('326', 'field', '26', 'en_gb', ''),
 ('326', 'field', '27', 'en_gb', ''),
 ('326', 'field', '23', 'en_gb', ' justin gallaher ba hons dip arch riba justin gained his qualification as a chartered architect in 2000 in between his studies at brighton university he spent some of his training practical experience working for an architectural firm in huntsville alabama this work varied from university campus projects space craft inc factories to the 2006 atlanta olympic hockey stadium since joining gallaher architects full time justin became a director in 2007 when the practice changed to a limited company from hewitt gallaher partnership to gallaher architects ltd '),
 ('327', 'title', '0', 'en_gb', ' 46c2373 default skin '),
 ('327', 'slug', '0', 'en_gb', ' 46c2373 default skin '),
 ('327', 'kind', '0', 'en_gb', ' image '),
 ('327', 'extension', '0', 'en_gb', ' png '),
 ('432', 'filename', '0', 'en_gb', ' 577725c justin gallaher 1 jpg '),
 ('358', 'filename', '0', 'en_gb', ' robertbar jpg '),
 ('351', 'slug', '0', 'en_gb', ' 0364039 justin gallaher '),
 ('351', 'title', '0', 'en_gb', ' 0364039 justin gallaher '),
 ('351', 'extension', '0', 'en_gb', ' jpg '),
 ('351', 'kind', '0', 'en_gb', ' image '),
 ('351', 'filename', '0', 'en_gb', ' 0364039 justin gallaher jpg '),
 ('336', 'filename', '0', 'en_gb', ' ezgif com optimize gif '),
 ('336', 'extension', '0', 'en_gb', ' gif '),
 ('336', 'kind', '0', 'en_gb', ' image '),
 ('336', 'slug', '0', 'en_gb', ' ezgif com optimize '),
 ('336', 'title', '0', 'en_gb', ' ezgif com optimize '),
 ('337', 'field', '39', 'en_gb', ' ezgif com optimize '),
 ('337', 'field', '29', 'en_gb', ''),
 ('337', 'field', '31', 'en_gb', ''),
 ('337', 'field', '32', 'en_gb', ''),
 ('337', 'field', '33', 'en_gb', ''),
 ('337', 'field', '34', 'en_gb', ''),
 ('337', 'field', '36', 'en_gb', ''),
 ('337', 'field', '4', 'en_gb', ''),
 ('337', 'slug', '0', 'en_gb', ' wef '),
 ('337', 'title', '0', 'en_gb', ' wef '),
 ('338', 'filename', '0', 'en_gb', ' 99956ba justin gallaher jpg '),
 ('338', 'extension', '0', 'en_gb', ' jpg '),
 ('338', 'kind', '0', 'en_gb', ' image '),
 ('338', 'slug', '0', 'en_gb', ' 99956ba justin gallaher '),
 ('338', 'title', '0', 'en_gb', ' 99956ba justin gallaher '),
 ('339', 'filename', '0', 'en_gb', ' robertbar jpg '),
 ('339', 'extension', '0', 'en_gb', ' jpg '),
 ('339', 'kind', '0', 'en_gb', ' image '),
 ('339', 'slug', '0', 'en_gb', ' robert bar '),
 ('339', 'title', '0', 'en_gb', ' robert bar '),
 ('350', 'kind', '0', 'en_gb', ' image '),
 ('350', 'slug', '0', 'en_gb', ' 94fd296 justin gallaher '),
 ('350', 'title', '0', 'en_gb', ' 94fd296 justin gallaher '),
 ('349', 'filename', '0', 'en_gb', ' 3f299da justin gallaher jpg '),
 ('349', 'extension', '0', 'en_gb', ' jpg '),
 ('349', 'kind', '0', 'en_gb', ' image '),
 ('349', 'slug', '0', 'en_gb', ' 3f299da justin gallaher '),
 ('349', 'title', '0', 'en_gb', ' 3f299da justin gallaher '),
 ('341', 'filename', '0', 'en_gb', ' example png '),
 ('341', 'extension', '0', 'en_gb', ' png '),
 ('341', 'kind', '0', 'en_gb', ' image '),
 ('341', 'slug', '0', 'en_gb', ' example '),
 ('341', 'title', '0', 'en_gb', ' example '),
 ('347', 'slug', '0', 'en_gb', ' justin gallaher '),
 ('347', 'title', '0', 'en_gb', ' justin gallaher '),
 ('350', 'filename', '0', 'en_gb', ' 94fd296 justin gallaher jpg '),
 ('350', 'extension', '0', 'en_gb', ' jpg '),
 ('346', 'filename', '0', 'en_gb', ' 2d126b5 justin gallaher jpg '),
 ('343', 'filename', '0', 'en_gb', ' 8cba771 justin gallaher jpg '),
 ('343', 'extension', '0', 'en_gb', ' jpg '),
 ('343', 'kind', '0', 'en_gb', ' image '),
 ('343', 'slug', '0', 'en_gb', ' 8cba771 justin gallaher '),
 ('343', 'title', '0', 'en_gb', ' 8cba771 justin gallaher '),
 ('344', 'filename', '0', 'en_gb', ' defaultuserphoto png '),
 ('344', 'extension', '0', 'en_gb', ' png '),
 ('344', 'kind', '0', 'en_gb', ' image '),
 ('344', 'slug', '0', 'en_gb', ' defaultuserphoto '),
 ('344', 'title', '0', 'en_gb', ' defaultuserphoto '),
 ('346', 'slug', '0', 'en_gb', ' 2d126b5 justin gallaher '),
 ('346', 'title', '0', 'en_gb', ' 2d126b5 justin gallaher ');
INSERT INTO `craft_searchindex` (`elementId`, `attribute`, `fieldId`, `locale`, `keywords`) VALUES
 ('347', 'filename', '0', 'en_gb', ' justin gallaher jpg '),
 ('347', 'kind', '0', 'en_gb', ' image '),
 ('347', 'extension', '0', 'en_gb', ' jpg '),
 ('346', 'extension', '0', 'en_gb', ' jpg '),
 ('346', 'kind', '0', 'en_gb', ' image '),
 ('311', 'filename', '0', 'en_gb', ' example png '),
 ('311', 'extension', '0', 'en_gb', ' png '),
 ('311', 'kind', '0', 'en_gb', ' image '),
 ('311', 'slug', '0', 'en_gb', ' example '),
 ('311', 'title', '0', 'en_gb', ' example '),
 ('353', 'kind', '0', 'en_gb', ' image '),
 ('353', 'slug', '0', 'en_gb', ' 03d4c3a justin gallaher '),
 ('353', 'title', '0', 'en_gb', ' 03d4c3a justin gallaher '),
 ('354', 'filename', '0', 'en_gb', ' justin gallaher jpg '),
 ('354', 'extension', '0', 'en_gb', ' jpg '),
 ('360', 'title', '0', 'en_gb', ' 1f68a86 bright 1519639355286 '),
 ('360', 'slug', '0', 'en_gb', ' 1f68a86 bright 1519639355286 '),
 ('360', 'extension', '0', 'en_gb', ' png '),
 ('360', 'filename', '0', 'en_gb', ' 1f68a86 bright 1519639355286 png '),
 ('361', 'extension', '0', 'en_gb', ' png '),
 ('361', 'kind', '0', 'en_gb', ' image '),
 ('361', 'slug', '0', 'en_gb', ' b8e59c7 bright 1519639355286 '),
 ('361', 'title', '0', 'en_gb', ' b8e59c7 bright 1519639355286 '),
 ('374', 'title', '0', 'en_gb', ' 74ac968 grey text '),
 ('374', 'slug', '0', 'en_gb', ' 74ac968 grey text '),
 ('374', 'kind', '0', 'en_gb', ' image '),
 ('374', 'extension', '0', 'en_gb', ' png '),
 ('374', 'filename', '0', 'en_gb', ' 74ac968 grey text png '),
 ('373', 'title', '0', 'en_gb', ' 63af28b house '),
 ('373', 'slug', '0', 'en_gb', ' 63af28b house '),
 ('373', 'kind', '0', 'en_gb', ' image '),
 ('373', 'extension', '0', 'en_gb', ' jpg '),
 ('373', 'filename', '0', 'en_gb', ' 63af28b house jpg '),
 ('372', 'title', '0', 'en_gb', ' cacc01b grey text '),
 ('372', 'slug', '0', 'en_gb', ' cacc01b grey text '),
 ('372', 'kind', '0', 'en_gb', ' image '),
 ('372', 'extension', '0', 'en_gb', ' png '),
 ('372', 'filename', '0', 'en_gb', ' cacc01b grey text png '),
 ('368', 'field', '1', 'en_gb', ' lorem ipsum dolor sit amet consectetur adipiscing elit nam luctus lacus ut dui gravida luctus nam diam enim ultricies vel consectetur interdum accumsan vel metus mauris lacinia ex eget sem ullamcorper porta suspendisse dapibus magna nec molestie consequat dolor nisi fermentum orci eu interdum magna quam eget elit proin pulvinar laoreet leo in commodo risus commodo quis proin feugiat nunc at malesuada commodo etiam eget suscipit dolor lorem ipsum dolor sit amet consectetur adipiscing elit nam luctus lacus ut dui gravida luctus nam diam enim ultricies vel consectetur interdum accumsan vel metus mauris lacinia ex eget sem ullamcorper porta suspendisse dapibus magna nec molestie consequat dolor nisi fermentum orci eu interdum magna quam eget elit proin pulvinar laoreet leo in commodo risus commodo quis proin feugiat nunc at malesuada commodo etiam eget suscipit dolor '),
 ('368', 'field', '2', 'en_gb', ''),
 ('368', 'slug', '0', 'en_gb', ' dfgdfgdfg '),
 ('368', 'title', '0', 'en_gb', ' dfgdfgdfg '),
 ('369', 'field', '1', 'en_gb', ' asd '),
 ('369', 'field', '2', 'en_gb', ''),
 ('369', 'slug', '0', 'en_gb', ' asdasd '),
 ('369', 'title', '0', 'en_gb', ' asdasd '),
 ('370', 'filename', '0', 'en_gb', ' justin gallaher jpg '),
 ('370', 'extension', '0', 'en_gb', ' jpg '),
 ('370', 'kind', '0', 'en_gb', ' image '),
 ('370', 'slug', '0', 'en_gb', ' justin gallaher '),
 ('370', 'title', '0', 'en_gb', ' justin gallaher '),
 ('369', 'field', '39', 'en_gb', ' justin gallaher '),
 ('375', 'slug', '0', 'en_gb', ' 73ae604 grey text '),
 ('375', 'filename', '0', 'en_gb', ' 73ae604 grey text png '),
 ('375', 'extension', '0', 'en_gb', ' png '),
 ('375', 'kind', '0', 'en_gb', ' image '),
 ('371', 'filename', '0', 'en_gb', ' testtesttest jpg '),
 ('371', 'extension', '0', 'en_gb', ' jpg '),
 ('371', 'kind', '0', 'en_gb', ' image '),
 ('371', 'slug', '0', 'en_gb', ' testtesttest '),
 ('371', 'title', '0', 'en_gb', ' testtesttest '),
 ('368', 'field', '39', 'en_gb', ' testtesttest '),
 ('368', 'field', '41', 'en_gb', ' lorem ipsum dolor sit amet consectetur adipiscing elit nam luctus lacus ut dui gravida luctus nam diam enim ultricies vel consectetur interdum accumsan vel metus mauris lacinia ex eget sem ullamcorper porta suspendisse dapibus magna nec molestie consequat dolor nisi fermentum orci eu interdum magna quam eget elit '),
 ('377', 'extension', '0', 'en_gb', ' png '),
 ('377', 'kind', '0', 'en_gb', ' image '),
 ('377', 'slug', '0', 'en_gb', ' 1d04815 footer logo '),
 ('377', 'title', '0', 'en_gb', ' 1d04815 footer logo '),
 ('378', 'filename', '0', 'en_gb', ' 00dfc91 grey text png '),
 ('378', 'extension', '0', 'en_gb', ' png '),
 ('378', 'kind', '0', 'en_gb', ' image '),
 ('378', 'slug', '0', 'en_gb', ' 00dfc91 grey text '),
 ('378', 'title', '0', 'en_gb', ' 00dfc91 grey text '),
 ('379', 'filename', '0', 'en_gb', ' d65e602 house jpg '),
 ('379', 'extension', '0', 'en_gb', ' jpg '),
 ('379', 'kind', '0', 'en_gb', ' image '),
 ('379', 'slug', '0', 'en_gb', ' d65e602 house '),
 ('379', 'title', '0', 'en_gb', ' d65e602 house '),
 ('380', 'filename', '0', 'en_gb', ' a6dd58f house jpg '),
 ('380', 'extension', '0', 'en_gb', ' jpg '),
 ('380', 'kind', '0', 'en_gb', ' image '),
 ('380', 'slug', '0', 'en_gb', ' a6dd58f house '),
 ('380', 'title', '0', 'en_gb', ' a6dd58f house '),
 ('381', 'filename', '0', 'en_gb', ' 95b2ad6 house jpg '),
 ('381', 'extension', '0', 'en_gb', ' jpg '),
 ('381', 'kind', '0', 'en_gb', ' image '),
 ('381', 'slug', '0', 'en_gb', ' 95b2ad6 house '),
 ('381', 'title', '0', 'en_gb', ' 95b2ad6 house '),
 ('382', 'filename', '0', 'en_gb', ' e3a6fb8 house jpg '),
 ('382', 'extension', '0', 'en_gb', ' jpg '),
 ('382', 'kind', '0', 'en_gb', ' image '),
 ('382', 'slug', '0', 'en_gb', ' e3a6fb8 house '),
 ('382', 'title', '0', 'en_gb', ' e3a6fb8 house '),
 ('383', 'filename', '0', 'en_gb', ' 77335c2 key png '),
 ('383', 'extension', '0', 'en_gb', ' png '),
 ('383', 'kind', '0', 'en_gb', ' image '),
 ('383', 'slug', '0', 'en_gb', ' 77335c2 key '),
 ('383', 'title', '0', 'en_gb', ' 77335c2 key '),
 ('384', 'filename', '0', 'en_gb', ' 7fcf396 defaultuserphoto png '),
 ('384', 'extension', '0', 'en_gb', ' png '),
 ('384', 'kind', '0', 'en_gb', ' image ');
INSERT INTO `craft_searchindex` (`elementId`, `attribute`, `fieldId`, `locale`, `keywords`) VALUES
 ('384', 'slug', '0', 'en_gb', ' 7fcf396 defaultuserphoto '),
 ('384', 'title', '0', 'en_gb', ' 7fcf396 defaultuserphoto '),
 ('385', 'filename', '0', 'en_gb', ' f391c87 grey text png '),
 ('385', 'extension', '0', 'en_gb', ' png '),
 ('385', 'kind', '0', 'en_gb', ' image '),
 ('385', 'slug', '0', 'en_gb', ' f391c87 grey text '),
 ('385', 'title', '0', 'en_gb', ' f391c87 grey text '),
 ('386', 'filename', '0', 'en_gb', ' 9f2afff key png '),
 ('386', 'extension', '0', 'en_gb', ' png '),
 ('386', 'kind', '0', 'en_gb', ' image '),
 ('386', 'slug', '0', 'en_gb', ' 9f2afff key '),
 ('386', 'title', '0', 'en_gb', ' 9f2afff key '),
 ('387', 'filename', '0', 'en_gb', ' 88be340 defaultuserphoto png '),
 ('387', 'extension', '0', 'en_gb', ' png '),
 ('387', 'kind', '0', 'en_gb', ' image '),
 ('387', 'slug', '0', 'en_gb', ' 88be340 defaultuserphoto '),
 ('387', 'title', '0', 'en_gb', ' 88be340 defaultuserphoto '),
 ('388', 'filename', '0', 'en_gb', ' 0be89bd grey text png '),
 ('388', 'extension', '0', 'en_gb', ' png '),
 ('388', 'kind', '0', 'en_gb', ' image '),
 ('388', 'slug', '0', 'en_gb', ' 0be89bd grey text '),
 ('388', 'title', '0', 'en_gb', ' 0be89bd grey text '),
 ('389', 'filename', '0', 'en_gb', ' 3b91adf key png '),
 ('389', 'extension', '0', 'en_gb', ' png '),
 ('389', 'kind', '0', 'en_gb', ' image '),
 ('389', 'slug', '0', 'en_gb', ' 3b91adf key '),
 ('389', 'title', '0', 'en_gb', ' 3b91adf key '),
 ('390', 'filename', '0', 'en_gb', ' 8be0521 defaultuserphoto png '),
 ('390', 'extension', '0', 'en_gb', ' png '),
 ('390', 'kind', '0', 'en_gb', ' image '),
 ('390', 'slug', '0', 'en_gb', ' 8be0521 defaultuserphoto '),
 ('390', 'title', '0', 'en_gb', ' 8be0521 defaultuserphoto '),
 ('391', 'filename', '0', 'en_gb', ' eb8b7d1 grey text png '),
 ('391', 'extension', '0', 'en_gb', ' png '),
 ('391', 'kind', '0', 'en_gb', ' image '),
 ('391', 'slug', '0', 'en_gb', ' eb8b7d1 grey text '),
 ('391', 'title', '0', 'en_gb', ' eb8b7d1 grey text '),
 ('392', 'filename', '0', 'en_gb', ' 9a82983 key png '),
 ('392', 'extension', '0', 'en_gb', ' png '),
 ('392', 'kind', '0', 'en_gb', ' image '),
 ('392', 'slug', '0', 'en_gb', ' 9a82983 key '),
 ('392', 'title', '0', 'en_gb', ' 9a82983 key '),
 ('393', 'filename', '0', 'en_gb', ' aac62cb defaultuserphoto png '),
 ('393', 'extension', '0', 'en_gb', ' png '),
 ('393', 'kind', '0', 'en_gb', ' image '),
 ('393', 'slug', '0', 'en_gb', ' aac62cb defaultuserphoto '),
 ('393', 'title', '0', 'en_gb', ' aac62cb defaultuserphoto '),
 ('394', 'filename', '0', 'en_gb', ' 8a3a74e grey text png '),
 ('394', 'extension', '0', 'en_gb', ' png '),
 ('394', 'kind', '0', 'en_gb', ' image '),
 ('394', 'slug', '0', 'en_gb', ' 8a3a74e grey text '),
 ('394', 'title', '0', 'en_gb', ' 8a3a74e grey text '),
 ('395', 'filename', '0', 'en_gb', ' dd1bb83 key png '),
 ('395', 'extension', '0', 'en_gb', ' png '),
 ('395', 'kind', '0', 'en_gb', ' image '),
 ('395', 'slug', '0', 'en_gb', ' dd1bb83 key '),
 ('395', 'title', '0', 'en_gb', ' dd1bb83 key '),
 ('396', 'filename', '0', 'en_gb', ' 8397c66 defaultuserphoto png '),
 ('396', 'extension', '0', 'en_gb', ' png '),
 ('396', 'kind', '0', 'en_gb', ' image '),
 ('396', 'slug', '0', 'en_gb', ' 8397c66 defaultuserphoto '),
 ('396', 'title', '0', 'en_gb', ' 8397c66 defaultuserphoto '),
 ('397', 'filename', '0', 'en_gb', ' add59d3 grey text png '),
 ('397', 'extension', '0', 'en_gb', ' png '),
 ('397', 'kind', '0', 'en_gb', ' image '),
 ('397', 'slug', '0', 'en_gb', ' add59d3 grey text '),
 ('397', 'title', '0', 'en_gb', ' add59d3 grey text '),
 ('398', 'filename', '0', 'en_gb', ' 893ca75 key png '),
 ('398', 'extension', '0', 'en_gb', ' png '),
 ('398', 'kind', '0', 'en_gb', ' image '),
 ('398', 'slug', '0', 'en_gb', ' 893ca75 key '),
 ('398', 'title', '0', 'en_gb', ' 893ca75 key '),
 ('399', 'filename', '0', 'en_gb', ' a704d27 defaultuserphoto png '),
 ('399', 'extension', '0', 'en_gb', ' png '),
 ('399', 'kind', '0', 'en_gb', ' image '),
 ('399', 'slug', '0', 'en_gb', ' a704d27 defaultuserphoto '),
 ('399', 'title', '0', 'en_gb', ' a704d27 defaultuserphoto '),
 ('400', 'filename', '0', 'en_gb', ' b231bba grey text png '),
 ('400', 'extension', '0', 'en_gb', ' png '),
 ('400', 'kind', '0', 'en_gb', ' image '),
 ('400', 'slug', '0', 'en_gb', ' b231bba grey text '),
 ('400', 'title', '0', 'en_gb', ' b231bba grey text '),
 ('401', 'filename', '0', 'en_gb', ' bf81b01 key png '),
 ('401', 'extension', '0', 'en_gb', ' png '),
 ('401', 'kind', '0', 'en_gb', ' image '),
 ('401', 'slug', '0', 'en_gb', ' bf81b01 key '),
 ('401', 'title', '0', 'en_gb', ' bf81b01 key '),
 ('402', 'filename', '0', 'en_gb', ' dc877ee logo png '),
 ('402', 'extension', '0', 'en_gb', ' png '),
 ('402', 'kind', '0', 'en_gb', ' image '),
 ('402', 'slug', '0', 'en_gb', ' dc877ee logo '),
 ('402', 'title', '0', 'en_gb', ' dc877ee logo '),
 ('403', 'filename', '0', 'en_gb', ' 951276d orange text png '),
 ('403', 'extension', '0', 'en_gb', ' png '),
 ('403', 'kind', '0', 'en_gb', ' image '),
 ('403', 'slug', '0', 'en_gb', ' 951276d orange text '),
 ('403', 'title', '0', 'en_gb', ' 951276d orange text '),
 ('404', 'filename', '0', 'en_gb', ' a5e2fa8 key png '),
 ('404', 'extension', '0', 'en_gb', ' png '),
 ('404', 'kind', '0', 'en_gb', ' image ');
INSERT INTO `craft_searchindex` (`elementId`, `attribute`, `fieldId`, `locale`, `keywords`) VALUES
 ('404', 'slug', '0', 'en_gb', ' a5e2fa8 key '),
 ('404', 'title', '0', 'en_gb', ' a5e2fa8 key '),
 ('405', 'filename', '0', 'en_gb', ' f244921 logo png '),
 ('405', 'extension', '0', 'en_gb', ' png '),
 ('405', 'kind', '0', 'en_gb', ' image '),
 ('405', 'slug', '0', 'en_gb', ' f244921 logo '),
 ('405', 'title', '0', 'en_gb', ' f244921 logo '),
 ('406', 'filename', '0', 'en_gb', ' 6cbaf73 orange text png '),
 ('406', 'extension', '0', 'en_gb', ' png '),
 ('406', 'kind', '0', 'en_gb', ' image '),
 ('406', 'slug', '0', 'en_gb', ' 6cbaf73 orange text '),
 ('406', 'title', '0', 'en_gb', ' 6cbaf73 orange text '),
 ('407', 'field', '18', 'en_gb', ' f '),
 ('407', 'field', '19', 'en_gb', ' f '),
 ('407', 'field', '20', 'en_gb', ' f '),
 ('407', 'field', '21', 'en_gb', ''),
 ('407', 'field', '22', 'en_gb', ''),
 ('407', 'field', '23', 'en_gb', ''),
 ('407', 'field', '24', 'en_gb', ''),
 ('407', 'field', '26', 'en_gb', ''),
 ('407', 'field', '27', 'en_gb', ''),
 ('407', 'field', '28', 'en_gb', ''),
 ('407', 'field', '25', 'en_gb', ''),
 ('407', 'username', '0', 'en_gb', ' wefwefwef '),
 ('407', 'firstname', '0', 'en_gb', ' wef '),
 ('407', 'lastname', '0', 'en_gb', ' wef '),
 ('407', 'fullname', '0', 'en_gb', ' wef wef '),
 ('407', 'email', '0', 'en_gb', ' wefwef erg com '),
 ('407', 'slug', '0', 'en_gb', ''),
 ('408', 'filename', '0', 'en_gb', ' 4b44e49 platform_device_cluster_group_171016_113142 png '),
 ('408', 'extension', '0', 'en_gb', ' png '),
 ('408', 'kind', '0', 'en_gb', ' image '),
 ('408', 'slug', '0', 'en_gb', ' 4b44e49 platform device cluster group 171016 113142 '),
 ('408', 'title', '0', 'en_gb', ' 4b44e49 platform device cluster group 171016 113142 '),
 ('409', 'filename', '0', 'en_gb', ' defaultuserphoto png '),
 ('409', 'extension', '0', 'en_gb', ' png '),
 ('409', 'kind', '0', 'en_gb', ' image '),
 ('409', 'slug', '0', 'en_gb', ' defaultuserphoto '),
 ('409', 'title', '0', 'en_gb', ' defaultuserphoto '),
 ('411', 'title', '0', 'en_gb', ' 6c3f04e poster '),
 ('412', 'filename', '0', 'en_gb', ' house jpg '),
 ('411', 'slug', '0', 'en_gb', ' 6c3f04e poster '),
 ('411', 'kind', '0', 'en_gb', ' image '),
 ('411', 'extension', '0', 'en_gb', ' jpg '),
 ('411', 'filename', '0', 'en_gb', ' 6c3f04e poster jpg '),
 ('412', 'extension', '0', 'en_gb', ' jpg '),
 ('412', 'kind', '0', 'en_gb', ' image '),
 ('412', 'slug', '0', 'en_gb', ' house '),
 ('412', 'title', '0', 'en_gb', ' house '),
 ('470', 'title', '0', 'en_gb', ' 78ea57d before garden view '),
 ('470', 'slug', '0', 'en_gb', ' 78ea57d before garden view '),
 ('470', 'kind', '0', 'en_gb', ' image '),
 ('470', 'extension', '0', 'en_gb', ' jpg '),
 ('470', 'filename', '0', 'en_gb', ' 78ea57d before garden view jpg '),
 ('469', 'title', '0', 'en_gb', ' cbca7e9 before front elevation '),
 ('414', 'filename', '0', 'en_gb', ' 7329bae justin gallaher jpg '),
 ('414', 'extension', '0', 'en_gb', ' jpg '),
 ('414', 'kind', '0', 'en_gb', ' image '),
 ('414', 'slug', '0', 'en_gb', ' 7329bae justin gallaher '),
 ('414', 'title', '0', 'en_gb', ' 7329bae justin gallaher '),
 ('415', 'filename', '0', 'en_gb', ' 57a5f46 bright 1519639355286 png '),
 ('415', 'extension', '0', 'en_gb', ' png '),
 ('415', 'kind', '0', 'en_gb', ' image '),
 ('415', 'slug', '0', 'en_gb', ' 57a5f46 bright 1519639355286 '),
 ('415', 'title', '0', 'en_gb', ' 57a5f46 bright 1519639355286 '),
 ('416', 'filename', '0', 'en_gb', ' bfab748 bright 1519639355286 png '),
 ('416', 'extension', '0', 'en_gb', ' png '),
 ('416', 'kind', '0', 'en_gb', ' image '),
 ('416', 'slug', '0', 'en_gb', ' bfab748 bright 1519639355286 '),
 ('416', 'title', '0', 'en_gb', ' bfab748 bright 1519639355286 '),
 ('417', 'filename', '0', 'en_gb', ' 8d7caf2 after entrance hall jpg '),
 ('417', 'extension', '0', 'en_gb', ' jpg '),
 ('417', 'kind', '0', 'en_gb', ' image '),
 ('417', 'slug', '0', 'en_gb', ' 8d7caf2 after entrance hall '),
 ('417', 'title', '0', 'en_gb', ' 8d7caf2 after entrance hall '),
 ('418', 'filename', '0', 'en_gb', ' ff6cdb9 after garden view jpg '),
 ('418', 'extension', '0', 'en_gb', ' jpg '),
 ('418', 'kind', '0', 'en_gb', ' image '),
 ('418', 'slug', '0', 'en_gb', ' ff6cdb9 after garden view '),
 ('418', 'title', '0', 'en_gb', ' ff6cdb9 after garden view '),
 ('419', 'filename', '0', 'en_gb', ' 0b21171 after front elevation jpg '),
 ('419', 'extension', '0', 'en_gb', ' jpg '),
 ('419', 'kind', '0', 'en_gb', ' image '),
 ('419', 'slug', '0', 'en_gb', ' 0b21171 after front elevation '),
 ('419', 'title', '0', 'en_gb', ' 0b21171 after front elevation '),
 ('420', 'filename', '0', 'en_gb', ' c4ad654 after kitchen jpg '),
 ('420', 'extension', '0', 'en_gb', ' jpg '),
 ('420', 'kind', '0', 'en_gb', ' image '),
 ('420', 'slug', '0', 'en_gb', ' c4ad654 after kitchen '),
 ('420', 'title', '0', 'en_gb', ' c4ad654 after kitchen '),
 ('421', 'filename', '0', 'en_gb', ' c86c314 after pellet boiler jpg '),
 ('421', 'extension', '0', 'en_gb', ' jpg '),
 ('421', 'kind', '0', 'en_gb', ' image '),
 ('421', 'slug', '0', 'en_gb', ' c86c314 after pellet boiler '),
 ('421', 'title', '0', 'en_gb', ' c86c314 after pellet boiler '),
 ('422', 'filename', '0', 'en_gb', ' 553756e after master bedroom jpg '),
 ('422', 'extension', '0', 'en_gb', ' jpg '),
 ('422', 'kind', '0', 'en_gb', ' image '),
 ('422', 'slug', '0', 'en_gb', ' 553756e after master bedroom '),
 ('422', 'title', '0', 'en_gb', ' 553756e after master bedroom ');
INSERT INTO `craft_searchindex` (`elementId`, `attribute`, `fieldId`, `locale`, `keywords`) VALUES
 ('423', 'filename', '0', 'en_gb', ' cce4608 after staircase jpg '),
 ('423', 'extension', '0', 'en_gb', ' jpg '),
 ('423', 'kind', '0', 'en_gb', ' image '),
 ('423', 'slug', '0', 'en_gb', ' cce4608 after staircase '),
 ('423', 'title', '0', 'en_gb', ' cce4608 after staircase '),
 ('424', 'filename', '0', 'en_gb', ' 0408ea8 before front elevation jpg '),
 ('424', 'extension', '0', 'en_gb', ' jpg '),
 ('424', 'kind', '0', 'en_gb', ' image '),
 ('424', 'slug', '0', 'en_gb', ' 0408ea8 before front elevation '),
 ('424', 'title', '0', 'en_gb', ' 0408ea8 before front elevation '),
 ('425', 'filename', '0', 'en_gb', ' after dining room jpg '),
 ('425', 'extension', '0', 'en_gb', ' jpg '),
 ('425', 'kind', '0', 'en_gb', ' image '),
 ('425', 'slug', '0', 'en_gb', ' after dining room '),
 ('425', 'title', '0', 'en_gb', ' after dining room '),
 ('469', 'slug', '0', 'en_gb', ' cbca7e9 before front elevation '),
 ('469', 'kind', '0', 'en_gb', ' image '),
 ('469', 'filename', '0', 'en_gb', ' cbca7e9 before front elevation jpg '),
 ('469', 'extension', '0', 'en_gb', ' jpg '),
 ('468', 'slug', '0', 'en_gb', ' c009cda after staircase '),
 ('468', 'title', '0', 'en_gb', ' c009cda after staircase '),
 ('468', 'kind', '0', 'en_gb', ' image '),
 ('468', 'extension', '0', 'en_gb', ' jpg '),
 ('467', 'title', '0', 'en_gb', ' 6d58ef7 after pellet boiler '),
 ('467', 'extension', '0', 'en_gb', ' jpg '),
 ('467', 'kind', '0', 'en_gb', ' image '),
 ('467', 'slug', '0', 'en_gb', ' 6d58ef7 after pellet boiler '),
 ('427', 'filename', '0', 'en_gb', ' ezgif com optimize gif '),
 ('427', 'extension', '0', 'en_gb', ' gif '),
 ('427', 'kind', '0', 'en_gb', ' image '),
 ('427', 'slug', '0', 'en_gb', ' ezgif com optimize '),
 ('427', 'title', '0', 'en_gb', ' ezgif com optimize '),
 ('428', 'filename', '0', 'en_gb', ' 683da37 after kitchen jpg '),
 ('428', 'extension', '0', 'en_gb', ' jpg '),
 ('428', 'kind', '0', 'en_gb', ' image '),
 ('428', 'slug', '0', 'en_gb', ' 683da37 after kitchen '),
 ('428', 'title', '0', 'en_gb', ' 683da37 after kitchen '),
 ('429', 'filename', '0', 'en_gb', ' df5921e during 2 jpg '),
 ('429', 'extension', '0', 'en_gb', ' jpg '),
 ('429', 'kind', '0', 'en_gb', ' image '),
 ('429', 'slug', '0', 'en_gb', ' df5921e during 2 '),
 ('429', 'title', '0', 'en_gb', ' df5921e during 2 '),
 ('430', 'filename', '0', 'en_gb', ' b904b1b before front elevation jpg '),
 ('430', 'extension', '0', 'en_gb', ' jpg '),
 ('430', 'kind', '0', 'en_gb', ' image '),
 ('430', 'slug', '0', 'en_gb', ' b904b1b before front elevation '),
 ('430', 'title', '0', 'en_gb', ' b904b1b before front elevation '),
 ('468', 'filename', '0', 'en_gb', ' c009cda after staircase jpg '),
 ('431', 'filename', '0', 'en_gb', ' 87d2a40 justin gallaher 1 jpg '),
 ('431', 'extension', '0', 'en_gb', ' jpg '),
 ('431', 'kind', '0', 'en_gb', ' image '),
 ('431', 'slug', '0', 'en_gb', ' 87d2a40 justin gallaher 1 '),
 ('431', 'title', '0', 'en_gb', ' 87d2a40 justin gallaher 1 '),
 ('326', 'field', '48', 'en_gb', ' 577725c justin gallaher 1 '),
 ('432', 'extension', '0', 'en_gb', ' jpg '),
 ('432', 'kind', '0', 'en_gb', ' image '),
 ('432', 'slug', '0', 'en_gb', ' 577725c justin gallaher 1 '),
 ('432', 'title', '0', 'en_gb', ' 577725c justin gallaher 1 '),
 ('433', 'filename', '0', 'en_gb', ' 531caeb during 2 jpg '),
 ('433', 'extension', '0', 'en_gb', ' jpg '),
 ('433', 'kind', '0', 'en_gb', ' image '),
 ('433', 'slug', '0', 'en_gb', ' 531caeb during 2 '),
 ('433', 'title', '0', 'en_gb', ' 531caeb during 2 '),
 ('434', 'filename', '0', 'en_gb', ' 2c40cbf after dining room jpg '),
 ('434', 'extension', '0', 'en_gb', ' jpg '),
 ('434', 'kind', '0', 'en_gb', ' image '),
 ('434', 'slug', '0', 'en_gb', ' 2c40cbf after dining room '),
 ('434', 'title', '0', 'en_gb', ' 2c40cbf after dining room '),
 ('435', 'filename', '0', 'en_gb', ' 91a7faa after entrance hall jpg '),
 ('435', 'extension', '0', 'en_gb', ' jpg '),
 ('435', 'kind', '0', 'en_gb', ' image '),
 ('435', 'slug', '0', 'en_gb', ' 91a7faa after entrance hall '),
 ('435', 'title', '0', 'en_gb', ' 91a7faa after entrance hall '),
 ('436', 'filename', '0', 'en_gb', ' 556832c after front elevation jpg '),
 ('436', 'extension', '0', 'en_gb', ' jpg '),
 ('436', 'kind', '0', 'en_gb', ' image '),
 ('436', 'slug', '0', 'en_gb', ' 556832c after front elevation '),
 ('436', 'title', '0', 'en_gb', ' 556832c after front elevation '),
 ('437', 'filename', '0', 'en_gb', ' bca7954 after garden view jpg '),
 ('437', 'extension', '0', 'en_gb', ' jpg '),
 ('437', 'kind', '0', 'en_gb', ' image '),
 ('437', 'slug', '0', 'en_gb', ' bca7954 after garden view '),
 ('437', 'title', '0', 'en_gb', ' bca7954 after garden view '),
 ('438', 'filename', '0', 'en_gb', ' 9443979 after kitchen jpg '),
 ('438', 'extension', '0', 'en_gb', ' jpg '),
 ('438', 'kind', '0', 'en_gb', ' image '),
 ('438', 'slug', '0', 'en_gb', ' 9443979 after kitchen '),
 ('438', 'title', '0', 'en_gb', ' 9443979 after kitchen '),
 ('439', 'filename', '0', 'en_gb', ' af31814 after master bedroom jpg '),
 ('439', 'extension', '0', 'en_gb', ' jpg '),
 ('439', 'kind', '0', 'en_gb', ' image '),
 ('439', 'slug', '0', 'en_gb', ' af31814 after master bedroom '),
 ('439', 'title', '0', 'en_gb', ' af31814 after master bedroom '),
 ('440', 'filename', '0', 'en_gb', ' 0afc5dc after pellet boiler jpg '),
 ('440', 'extension', '0', 'en_gb', ' jpg '),
 ('440', 'kind', '0', 'en_gb', ' image '),
 ('440', 'slug', '0', 'en_gb', ' 0afc5dc after pellet boiler '),
 ('440', 'title', '0', 'en_gb', ' 0afc5dc after pellet boiler '),
 ('441', 'filename', '0', 'en_gb', ' 335fe2c after staircase jpg '),
 ('441', 'extension', '0', 'en_gb', ' jpg ');
INSERT INTO `craft_searchindex` (`elementId`, `attribute`, `fieldId`, `locale`, `keywords`) VALUES
 ('441', 'kind', '0', 'en_gb', ' image '),
 ('441', 'slug', '0', 'en_gb', ' 335fe2c after staircase '),
 ('441', 'title', '0', 'en_gb', ' 335fe2c after staircase '),
 ('442', 'filename', '0', 'en_gb', ' 1bbf187 before front elevation jpg '),
 ('442', 'extension', '0', 'en_gb', ' jpg '),
 ('442', 'kind', '0', 'en_gb', ' image '),
 ('442', 'slug', '0', 'en_gb', ' 1bbf187 before front elevation '),
 ('442', 'title', '0', 'en_gb', ' 1bbf187 before front elevation '),
 ('443', 'filename', '0', 'en_gb', ' 8fcedfc during 2 jpg '),
 ('443', 'extension', '0', 'en_gb', ' jpg '),
 ('443', 'kind', '0', 'en_gb', ' image '),
 ('443', 'slug', '0', 'en_gb', ' 8fcedfc during 2 '),
 ('443', 'title', '0', 'en_gb', ' 8fcedfc during 2 '),
 ('444', 'filename', '0', 'en_gb', ' b06b193 before garden view jpg '),
 ('444', 'extension', '0', 'en_gb', ' jpg '),
 ('444', 'kind', '0', 'en_gb', ' image '),
 ('444', 'slug', '0', 'en_gb', ' b06b193 before garden view '),
 ('444', 'title', '0', 'en_gb', ' b06b193 before garden view '),
 ('445', 'filename', '0', 'en_gb', ' 6eda5e8 after pellet boiler jpg '),
 ('445', 'extension', '0', 'en_gb', ' jpg '),
 ('445', 'kind', '0', 'en_gb', ' image '),
 ('445', 'slug', '0', 'en_gb', ' 6eda5e8 after pellet boiler '),
 ('445', 'title', '0', 'en_gb', ' 6eda5e8 after pellet boiler '),
 ('446', 'filename', '0', 'en_gb', ' after front elevation jpg '),
 ('446', 'extension', '0', 'en_gb', ' jpg '),
 ('446', 'kind', '0', 'en_gb', ' image '),
 ('446', 'slug', '0', 'en_gb', ' after front elevation '),
 ('446', 'title', '0', 'en_gb', ' after front elevation '),
 ('466', 'filename', '0', 'en_gb', ' af7d865 after master bedroom jpg '),
 ('466', 'extension', '0', 'en_gb', ' jpg '),
 ('466', 'kind', '0', 'en_gb', ' image '),
 ('466', 'slug', '0', 'en_gb', ' af7d865 after master bedroom '),
 ('466', 'title', '0', 'en_gb', ' af7d865 after master bedroom '),
 ('467', 'filename', '0', 'en_gb', ' 6d58ef7 after pellet boiler jpg '),
 ('465', 'title', '0', 'en_gb', ' 77930d4 after kitchen '),
 ('465', 'slug', '0', 'en_gb', ' 77930d4 after kitchen '),
 ('465', 'filename', '0', 'en_gb', ' 77930d4 after kitchen jpg '),
 ('465', 'extension', '0', 'en_gb', ' jpg '),
 ('465', 'kind', '0', 'en_gb', ' image '),
 ('464', 'title', '0', 'en_gb', ' e64e1e2 after garden view '),
 ('464', 'slug', '0', 'en_gb', ' e64e1e2 after garden view '),
 ('464', 'kind', '0', 'en_gb', ' image '),
 ('448', 'filename', '0', 'en_gb', ' 04d6f6c after dining room jpg '),
 ('448', 'extension', '0', 'en_gb', ' jpg '),
 ('448', 'kind', '0', 'en_gb', ' image '),
 ('448', 'slug', '0', 'en_gb', ' 04d6f6c after dining room '),
 ('448', 'title', '0', 'en_gb', ' 04d6f6c after dining room '),
 ('449', 'filename', '0', 'en_gb', ' d3056c8 after entrance hall jpg '),
 ('449', 'extension', '0', 'en_gb', ' jpg '),
 ('449', 'kind', '0', 'en_gb', ' image '),
 ('449', 'slug', '0', 'en_gb', ' d3056c8 after entrance hall '),
 ('449', 'title', '0', 'en_gb', ' d3056c8 after entrance hall '),
 ('450', 'filename', '0', 'en_gb', ' 7a39702 after front elevation jpg '),
 ('450', 'extension', '0', 'en_gb', ' jpg '),
 ('450', 'kind', '0', 'en_gb', ' image '),
 ('450', 'slug', '0', 'en_gb', ' 7a39702 after front elevation '),
 ('450', 'title', '0', 'en_gb', ' 7a39702 after front elevation '),
 ('451', 'filename', '0', 'en_gb', ' e4fd0cc after garden view jpg '),
 ('451', 'extension', '0', 'en_gb', ' jpg '),
 ('451', 'kind', '0', 'en_gb', ' image '),
 ('451', 'slug', '0', 'en_gb', ' e4fd0cc after garden view '),
 ('451', 'title', '0', 'en_gb', ' e4fd0cc after garden view '),
 ('452', 'filename', '0', 'en_gb', ' ef10724 after kitchen jpg '),
 ('452', 'extension', '0', 'en_gb', ' jpg '),
 ('452', 'kind', '0', 'en_gb', ' image '),
 ('452', 'slug', '0', 'en_gb', ' ef10724 after kitchen '),
 ('452', 'title', '0', 'en_gb', ' ef10724 after kitchen '),
 ('453', 'filename', '0', 'en_gb', ' ce05d15 after master bedroom jpg '),
 ('453', 'extension', '0', 'en_gb', ' jpg '),
 ('453', 'kind', '0', 'en_gb', ' image '),
 ('453', 'slug', '0', 'en_gb', ' ce05d15 after master bedroom '),
 ('453', 'title', '0', 'en_gb', ' ce05d15 after master bedroom '),
 ('454', 'filename', '0', 'en_gb', ' d49b838 after pellet boiler jpg '),
 ('454', 'extension', '0', 'en_gb', ' jpg '),
 ('454', 'kind', '0', 'en_gb', ' image '),
 ('454', 'slug', '0', 'en_gb', ' d49b838 after pellet boiler '),
 ('454', 'title', '0', 'en_gb', ' d49b838 after pellet boiler '),
 ('455', 'filename', '0', 'en_gb', ' dee246e after staircase jpg '),
 ('455', 'extension', '0', 'en_gb', ' jpg '),
 ('455', 'kind', '0', 'en_gb', ' image '),
 ('455', 'slug', '0', 'en_gb', ' dee246e after staircase '),
 ('455', 'title', '0', 'en_gb', ' dee246e after staircase '),
 ('456', 'filename', '0', 'en_gb', ' 61c6a71 before front elevation jpg '),
 ('456', 'extension', '0', 'en_gb', ' jpg '),
 ('456', 'kind', '0', 'en_gb', ' image '),
 ('456', 'slug', '0', 'en_gb', ' 61c6a71 before front elevation '),
 ('456', 'title', '0', 'en_gb', ' 61c6a71 before front elevation '),
 ('457', 'filename', '0', 'en_gb', ' 5d24668 before garden view jpg '),
 ('457', 'extension', '0', 'en_gb', ' jpg '),
 ('457', 'kind', '0', 'en_gb', ' image '),
 ('457', 'slug', '0', 'en_gb', ' 5d24668 before garden view '),
 ('457', 'title', '0', 'en_gb', ' 5d24668 before garden view '),
 ('458', 'filename', '0', 'en_gb', ' 924d336 during 2 jpg '),
 ('458', 'extension', '0', 'en_gb', ' jpg '),
 ('458', 'kind', '0', 'en_gb', ' image '),
 ('458', 'slug', '0', 'en_gb', ' 924d336 during 2 '),
 ('458', 'title', '0', 'en_gb', ' 924d336 during 2 '),
 ('459', 'filename', '0', 'en_gb', ' after pellet boiler jpg '),
 ('459', 'extension', '0', 'en_gb', ' jpg '),
 ('459', 'kind', '0', 'en_gb', ' image ');
INSERT INTO `craft_searchindex` (`elementId`, `attribute`, `fieldId`, `locale`, `keywords`) VALUES
 ('459', 'slug', '0', 'en_gb', ' after pellet boiler '),
 ('459', 'title', '0', 'en_gb', ' after pellet boiler '),
 ('462', 'title', '0', 'en_gb', ' fb0b6af after entrance hall '),
 ('464', 'extension', '0', 'en_gb', ' jpg '),
 ('464', 'filename', '0', 'en_gb', ' e64e1e2 after garden view jpg '),
 ('463', 'filename', '0', 'en_gb', ' 3db66b7 after front elevation jpg '),
 ('463', 'extension', '0', 'en_gb', ' jpg '),
 ('463', 'kind', '0', 'en_gb', ' image '),
 ('463', 'slug', '0', 'en_gb', ' 3db66b7 after front elevation '),
 ('463', 'title', '0', 'en_gb', ' 3db66b7 after front elevation '),
 ('462', 'filename', '0', 'en_gb', ' fb0b6af after entrance hall jpg '),
 ('462', 'extension', '0', 'en_gb', ' jpg '),
 ('462', 'kind', '0', 'en_gb', ' image '),
 ('462', 'slug', '0', 'en_gb', ' fb0b6af after entrance hall '),
 ('461', 'title', '0', 'en_gb', ' 95f7625 after dining room '),
 ('461', 'slug', '0', 'en_gb', ' 95f7625 after dining room '),
 ('461', 'kind', '0', 'en_gb', ' image '),
 ('461', 'extension', '0', 'en_gb', ' jpg '),
 ('461', 'filename', '0', 'en_gb', ' 95f7625 after dining room jpg '),
 ('471', 'filename', '0', 'en_gb', ' 345fffc during 2 jpg '),
 ('471', 'extension', '0', 'en_gb', ' jpg '),
 ('471', 'kind', '0', 'en_gb', ' image '),
 ('471', 'slug', '0', 'en_gb', ' 345fffc during 2 '),
 ('471', 'title', '0', 'en_gb', ' 345fffc during 2 '),
 ('472', 'filename', '0', 'en_gb', ' f0646b5 during 2 jpg '),
 ('472', 'extension', '0', 'en_gb', ' jpg '),
 ('472', 'kind', '0', 'en_gb', ' image '),
 ('472', 'slug', '0', 'en_gb', ' f0646b5 during 2 '),
 ('472', 'title', '0', 'en_gb', ' f0646b5 during 2 '),
 ('473', 'filename', '0', 'en_gb', ' c72cf5a before front elevation jpg '),
 ('473', 'extension', '0', 'en_gb', ' jpg '),
 ('473', 'kind', '0', 'en_gb', ' image '),
 ('473', 'slug', '0', 'en_gb', ' c72cf5a before front elevation '),
 ('473', 'title', '0', 'en_gb', ' c72cf5a before front elevation '),
 ('474', 'filename', '0', 'en_gb', ' 8f2403a before garden view jpg '),
 ('474', 'extension', '0', 'en_gb', ' jpg '),
 ('474', 'kind', '0', 'en_gb', ' image '),
 ('474', 'slug', '0', 'en_gb', ' 8f2403a before garden view '),
 ('474', 'title', '0', 'en_gb', ' 8f2403a before garden view '),
 ('475', 'filename', '0', 'en_gb', ' 60a228f after dining room jpg '),
 ('475', 'extension', '0', 'en_gb', ' jpg '),
 ('475', 'kind', '0', 'en_gb', ' image '),
 ('475', 'slug', '0', 'en_gb', ' 60a228f after dining room '),
 ('475', 'title', '0', 'en_gb', ' 60a228f after dining room '),
 ('476', 'filename', '0', 'en_gb', ' 8c7db55 after entrance hall jpg '),
 ('476', 'extension', '0', 'en_gb', ' jpg '),
 ('476', 'kind', '0', 'en_gb', ' image '),
 ('476', 'slug', '0', 'en_gb', ' 8c7db55 after entrance hall '),
 ('476', 'title', '0', 'en_gb', ' 8c7db55 after entrance hall '),
 ('477', 'filename', '0', 'en_gb', ' 650f3cb after front elevation jpg '),
 ('477', 'extension', '0', 'en_gb', ' jpg '),
 ('477', 'kind', '0', 'en_gb', ' image '),
 ('477', 'slug', '0', 'en_gb', ' 650f3cb after front elevation '),
 ('477', 'title', '0', 'en_gb', ' 650f3cb after front elevation '),
 ('478', 'filename', '0', 'en_gb', ' 29b501d after garden view jpg '),
 ('478', 'extension', '0', 'en_gb', ' jpg '),
 ('478', 'kind', '0', 'en_gb', ' image '),
 ('478', 'slug', '0', 'en_gb', ' 29b501d after garden view '),
 ('478', 'title', '0', 'en_gb', ' 29b501d after garden view '),
 ('479', 'filename', '0', 'en_gb', ' 0e63690 after kitchen jpg '),
 ('479', 'extension', '0', 'en_gb', ' jpg '),
 ('479', 'kind', '0', 'en_gb', ' image '),
 ('479', 'slug', '0', 'en_gb', ' 0e63690 after kitchen '),
 ('479', 'title', '0', 'en_gb', ' 0e63690 after kitchen '),
 ('480', 'filename', '0', 'en_gb', ' 3403ab6 after master bedroom jpg '),
 ('480', 'extension', '0', 'en_gb', ' jpg '),
 ('480', 'kind', '0', 'en_gb', ' image '),
 ('480', 'slug', '0', 'en_gb', ' 3403ab6 after master bedroom '),
 ('480', 'title', '0', 'en_gb', ' 3403ab6 after master bedroom '),
 ('481', 'filename', '0', 'en_gb', ' 991ffaf after pellet boiler jpg '),
 ('481', 'extension', '0', 'en_gb', ' jpg '),
 ('481', 'kind', '0', 'en_gb', ' image '),
 ('481', 'slug', '0', 'en_gb', ' 991ffaf after pellet boiler '),
 ('481', 'title', '0', 'en_gb', ' 991ffaf after pellet boiler '),
 ('482', 'filename', '0', 'en_gb', ' 99b608f after staircase jpg '),
 ('482', 'extension', '0', 'en_gb', ' jpg '),
 ('482', 'kind', '0', 'en_gb', ' image '),
 ('482', 'slug', '0', 'en_gb', ' 99b608f after staircase '),
 ('482', 'title', '0', 'en_gb', ' 99b608f after staircase '),
 ('483', 'filename', '0', 'en_gb', ' 86ac71f before front elevation jpg '),
 ('483', 'extension', '0', 'en_gb', ' jpg '),
 ('483', 'kind', '0', 'en_gb', ' image '),
 ('483', 'slug', '0', 'en_gb', ' 86ac71f before front elevation '),
 ('483', 'title', '0', 'en_gb', ' 86ac71f before front elevation '),
 ('484', 'filename', '0', 'en_gb', ' 7f8cc79 before garden view jpg '),
 ('484', 'extension', '0', 'en_gb', ' jpg '),
 ('484', 'kind', '0', 'en_gb', ' image '),
 ('484', 'slug', '0', 'en_gb', ' 7f8cc79 before garden view '),
 ('484', 'title', '0', 'en_gb', ' 7f8cc79 before garden view '),
 ('485', 'filename', '0', 'en_gb', ' 1461db3 during 2 jpg '),
 ('485', 'extension', '0', 'en_gb', ' jpg '),
 ('485', 'kind', '0', 'en_gb', ' image '),
 ('485', 'slug', '0', 'en_gb', ' 1461db3 during 2 '),
 ('485', 'title', '0', 'en_gb', ' 1461db3 during 2 '),
 ('486', 'filename', '0', 'en_gb', ' 017e50a after pellet boiler jpg '),
 ('486', 'extension', '0', 'en_gb', ' jpg '),
 ('486', 'kind', '0', 'en_gb', ' image '),
 ('486', 'slug', '0', 'en_gb', ' 017e50a after pellet boiler '),
 ('486', 'title', '0', 'en_gb', ' 017e50a after pellet boiler '),
 ('487', 'filename', '0', 'en_gb', ' 4c08ad2 after front elevation jpg ');
INSERT INTO `craft_searchindex` (`elementId`, `attribute`, `fieldId`, `locale`, `keywords`) VALUES
 ('487', 'extension', '0', 'en_gb', ' jpg '),
 ('487', 'kind', '0', 'en_gb', ' image '),
 ('487', 'slug', '0', 'en_gb', ' 4c08ad2 after front elevation '),
 ('487', 'title', '0', 'en_gb', ' 4c08ad2 after front elevation '),
 ('488', 'filename', '0', 'en_gb', ' 2d1f6cf after garden view jpg '),
 ('488', 'extension', '0', 'en_gb', ' jpg '),
 ('488', 'kind', '0', 'en_gb', ' image '),
 ('488', 'slug', '0', 'en_gb', ' 2d1f6cf after garden view '),
 ('488', 'title', '0', 'en_gb', ' 2d1f6cf after garden view '),
 ('489', 'filename', '0', 'en_gb', ' cc5bb00 after kitchen jpg '),
 ('489', 'extension', '0', 'en_gb', ' jpg '),
 ('489', 'kind', '0', 'en_gb', ' image '),
 ('489', 'slug', '0', 'en_gb', ' cc5bb00 after kitchen '),
 ('489', 'title', '0', 'en_gb', ' cc5bb00 after kitchen '),
 ('490', 'filename', '0', 'en_gb', ' after garden view jpg '),
 ('490', 'extension', '0', 'en_gb', ' jpg '),
 ('490', 'kind', '0', 'en_gb', ' image '),
 ('490', 'slug', '0', 'en_gb', ' after garden view '),
 ('490', 'title', '0', 'en_gb', ' after garden view '),
 ('491', 'field', '39', 'en_gb', ' after garden view '),
 ('491', 'field', '29', 'en_gb', ' gallaher architects '),
 ('491', 'field', '31', 'en_gb', ' la rue du mont pellier trinity '),
 ('491', 'field', '32', 'en_gb', ' architects je '),
 ('491', 'field', '33', 'en_gb', ''),
 ('491', 'field', '34', 'en_gb', ' this project involved refurbishing the existing cottage and replacing substandard extensions into a new contemporary family home '),
 ('491', 'field', '36', 'en_gb', ' f0646b5 during 2 c72cf5a before front elevation 8f2403a before garden view '),
 ('491', 'field', '40', 'en_gb', ' 60a228f after dining room 8c7db55 after entrance hall 650f3cb after front elevation 29b501d after garden view 0e63690 after kitchen 3403ab6 after master bedroom 99b608f after staircase 86ac71f before front elevation 7f8cc79 before garden view 1461db3 during 2 '),
 ('491', 'field', '42', 'en_gb', ''),
 ('491', 'field', '43', 'en_gb', ' the client was also very keen to have a sustainable house and has installed a pellet boiler to embrace biodiversity credentials '),
 ('491', 'field', '44', 'en_gb', ' justin gallaher '),
 ('491', 'field', '45', 'en_gb', ' gallaher architects '),
 ('491', 'field', '46', 'en_gb', ' 017e50a after pellet boiler '),
 ('491', 'field', '47', 'en_gb', ' 4c08ad2 after front elevation 2d1f6cf after garden view cc5bb00 after kitchen '),
 ('491', 'field', '4', 'en_gb', ''),
 ('491', 'slug', '0', 'en_gb', ' le rocher '),
 ('491', 'title', '0', 'en_gb', ' le rocher ');



DROP TABLE IF EXISTS `craft_sections`;


--
-- Schema for table `craft_sections`
--
CREATE TABLE `craft_sections` (
  `id` int(11) NOT NULL AUTO_INCREMENT,
  `structureId` int(11) DEFAULT NULL,
  `name` varchar(255) COLLATE utf8_unicode_ci NOT NULL,
  `handle` varchar(255) COLLATE utf8_unicode_ci NOT NULL,
  `type` enum('single','channel','structure') COLLATE utf8_unicode_ci NOT NULL DEFAULT 'channel',
  `hasUrls` tinyint(1) unsigned NOT NULL DEFAULT '1',
  `template` varchar(500) COLLATE utf8_unicode_ci DEFAULT NULL,
  `enableVersioning` tinyint(1) unsigned NOT NULL DEFAULT '0',
  `dateCreated` datetime NOT NULL,
  `dateUpdated` datetime NOT NULL,
  `uid` char(36) COLLATE utf8_unicode_ci NOT NULL DEFAULT '0',
  PRIMARY KEY (`id`),
  UNIQUE KEY `craft_sections_name_unq_idx` (`name`),
  UNIQUE KEY `craft_sections_handle_unq_idx` (`handle`),
  KEY `craft_sections_structureId_fk` (`structureId`)
) ENGINE=InnoDB AUTO_INCREMENT=4 DEFAULT CHARSET=utf8 COLLATE=utf8_unicode_ci;

--
-- Data for table `craft_sections`
--

INSERT INTO `craft_sections` (`id`, `structureId`, `name`, `handle`, `type`, `hasUrls`, `template`, `enableVersioning`, `dateCreated`, `dateUpdated`, `uid`) VALUES
 ('1', NULL, 'Homepage', 'homepage', 'single', '1', 'index', '1', '2018-01-18 10:53:40', '2018-01-18 10:53:40', '69f58a75-47d1-412b-9097-c15ad0282f38'),
 ('2', NULL, 'News', 'news', 'channel', '1', 'news/_entry', '1', '2018-01-18 10:53:41', '2018-01-18 10:53:41', 'e4d1fd8d-09b2-47cf-a6a7-f11b48edf517'),
 ('3', NULL, 'Projects', 'projects', 'channel', '1', 'projects/_entry', '1', '2018-01-26 15:50:35', '2018-01-26 15:50:35', 'b589c3b8-5a3c-4a4c-80e0-04bfbda2945e');



DROP TABLE IF EXISTS `craft_sections_i18n`;


--
-- Schema for table `craft_sections_i18n`
--
CREATE TABLE `craft_sections_i18n` (
  `id` int(11) NOT NULL AUTO_INCREMENT,
  `sectionId` int(11) NOT NULL,
  `locale` char(12) COLLATE utf8_unicode_ci NOT NULL,
  `enabledByDefault` tinyint(1) unsigned NOT NULL DEFAULT '1',
  `urlFormat` text COLLATE utf8_unicode_ci,
  `nestedUrlFormat` text COLLATE utf8_unicode_ci,
  `dateCreated` datetime NOT NULL,
  `dateUpdated` datetime NOT NULL,
  `uid` char(36) COLLATE utf8_unicode_ci NOT NULL DEFAULT '0',
  PRIMARY KEY (`id`),
  UNIQUE KEY `craft_sections_i18n_sectionId_locale_unq_idx` (`sectionId`,`locale`),
  KEY `craft_sections_i18n_locale_fk` (`locale`)
) ENGINE=InnoDB AUTO_INCREMENT=4 DEFAULT CHARSET=utf8 COLLATE=utf8_unicode_ci;

--
-- Data for table `craft_sections_i18n`
--

INSERT INTO `craft_sections_i18n` (`id`, `sectionId`, `locale`, `enabledByDefault`, `urlFormat`, `nestedUrlFormat`, `dateCreated`, `dateUpdated`, `uid`) VALUES
 ('1', '1', 'en_gb', '1', '__home__', NULL, '2018-01-18 10:53:40', '2018-01-18 10:53:40', '15adafe7-e489-4c26-a547-402e1f0557f5'),
 ('2', '2', 'en_gb', '1', 'news/{postDate.year}/{slug}', NULL, '2018-01-18 10:53:41', '2018-01-18 10:53:41', 'd6f1e704-30c2-49ba-94c4-c419f1c52776'),
 ('3', '3', 'en_gb', '1', 'projects/{slug}', NULL, '2018-01-26 15:50:35', '2018-01-26 15:50:35', 'b1269f21-ec2a-416f-8d5e-87d7237518c5');



DROP TABLE IF EXISTS `craft_sessions`;


--
-- Schema for table `craft_sessions`
--
CREATE TABLE `craft_sessions` (
  `id` int(11) NOT NULL AUTO_INCREMENT,
  `userId` int(11) NOT NULL,
  `token` char(100) COLLATE utf8_unicode_ci NOT NULL,
  `dateCreated` datetime NOT NULL,
  `dateUpdated` datetime NOT NULL,
  `uid` char(36) COLLATE utf8_unicode_ci NOT NULL DEFAULT '0',
  PRIMARY KEY (`id`),
  KEY `craft_sessions_uid_idx` (`uid`),
  KEY `craft_sessions_token_idx` (`token`),
  KEY `craft_sessions_dateUpdated_idx` (`dateUpdated`),
  KEY `craft_sessions_userId_fk` (`userId`)
) ENGINE=InnoDB AUTO_INCREMENT=77 DEFAULT CHARSET=utf8 COLLATE=utf8_unicode_ci;

DROP TABLE IF EXISTS `craft_shunnedmessages`;


--
-- Schema for table `craft_shunnedmessages`
--
CREATE TABLE `craft_shunnedmessages` (
  `id` int(11) NOT NULL AUTO_INCREMENT,
  `userId` int(11) NOT NULL,
  `message` varchar(255) COLLATE utf8_unicode_ci NOT NULL,
  `expiryDate` datetime DEFAULT NULL,
  `dateCreated` datetime NOT NULL,
  `dateUpdated` datetime NOT NULL,
  `uid` char(36) COLLATE utf8_unicode_ci NOT NULL DEFAULT '0',
  PRIMARY KEY (`id`),
  UNIQUE KEY `craft_shunnedmessages_userId_message_unq_idx` (`userId`,`message`)
) ENGINE=InnoDB DEFAULT CHARSET=utf8 COLLATE=utf8_unicode_ci;

DROP TABLE IF EXISTS `craft_structureelements`;


--
-- Schema for table `craft_structureelements`
--
CREATE TABLE `craft_structureelements` (
  `id` int(11) NOT NULL AUTO_INCREMENT,
  `structureId` int(11) NOT NULL,
  `elementId` int(11) DEFAULT NULL,
  `root` int(11) unsigned DEFAULT NULL,
  `lft` int(11) unsigned NOT NULL,
  `rgt` int(11) unsigned NOT NULL,
  `level` smallint(6) unsigned NOT NULL,
  `dateCreated` datetime NOT NULL,
  `dateUpdated` datetime NOT NULL,
  `uid` char(36) COLLATE utf8_unicode_ci NOT NULL DEFAULT '0',
  PRIMARY KEY (`id`),
  UNIQUE KEY `craft_structureelements_structureId_elementId_unq_idx` (`structureId`,`elementId`),
  KEY `craft_structureelements_root_idx` (`root`),
  KEY `craft_structureelements_lft_idx` (`lft`),
  KEY `craft_structureelements_rgt_idx` (`rgt`),
  KEY `craft_structureelements_level_idx` (`level`),
  KEY `craft_structureelements_elementId_fk` (`elementId`)
) ENGINE=InnoDB DEFAULT CHARSET=utf8 COLLATE=utf8_unicode_ci;

DROP TABLE IF EXISTS `craft_structures`;


--
-- Schema for table `craft_structures`
--
CREATE TABLE `craft_structures` (
  `id` int(11) NOT NULL AUTO_INCREMENT,
  `maxLevels` smallint(6) unsigned DEFAULT NULL,
  `dateCreated` datetime NOT NULL,
  `dateUpdated` datetime NOT NULL,
  `uid` char(36) COLLATE utf8_unicode_ci NOT NULL DEFAULT '0',
  PRIMARY KEY (`id`)
) ENGINE=InnoDB AUTO_INCREMENT=2 DEFAULT CHARSET=utf8 COLLATE=utf8_unicode_ci;

--
-- Data for table `craft_structures`
--

INSERT INTO `craft_structures` (`id`, `maxLevels`, `dateCreated`, `dateUpdated`, `uid`) VALUES
 ('1', NULL, '2018-02-21 12:04:50', '2018-02-21 12:04:50', '804a2051-9a42-43ca-9a48-45babbb34dd0');



DROP TABLE IF EXISTS `craft_systemsettings`;


--
-- Schema for table `craft_systemsettings`
--
CREATE TABLE `craft_systemsettings` (
  `id` int(11) NOT NULL AUTO_INCREMENT,
  `category` varchar(15) COLLATE utf8_unicode_ci NOT NULL,
  `settings` text COLLATE utf8_unicode_ci,
  `dateCreated` datetime NOT NULL,
  `dateUpdated` datetime NOT NULL,
  `uid` char(36) COLLATE utf8_unicode_ci NOT NULL DEFAULT '0',
  PRIMARY KEY (`id`),
  UNIQUE KEY `craft_systemsettings_category_unq_idx` (`category`)
) ENGINE=InnoDB AUTO_INCREMENT=3 DEFAULT CHARSET=utf8 COLLATE=utf8_unicode_ci;

--
-- Data for table `craft_systemsettings`
--

INSERT INTO `craft_systemsettings` (`id`, `category`, `settings`, `dateCreated`, `dateUpdated`, `uid`) VALUES
 ('1', 'email', '{\"protocol\":\"php\",\"emailAddress\":\"luca@ipopdigital.com\",\"senderName\":\"AJA\"}', '2018-01-18 10:53:38', '2018-01-18 10:53:38', '52af550d-5639-44c4-8471-5f0550926584'),
 ('2', 'users', '{\"requireEmailVerification\":0,\"allowPublicRegistration\":1,\"defaultGroup\":\"1\"}', '2018-01-26 15:23:22', '2018-02-05 09:26:34', 'eef04e8c-92bb-4e20-b138-15d3179b8268');



DROP TABLE IF EXISTS `craft_taggroups`;


--
-- Schema for table `craft_taggroups`
--
CREATE TABLE `craft_taggroups` (
  `id` int(11) NOT NULL AUTO_INCREMENT,
  `name` varchar(255) COLLATE utf8_unicode_ci NOT NULL,
  `handle` varchar(255) COLLATE utf8_unicode_ci NOT NULL,
  `fieldLayoutId` int(10) DEFAULT NULL,
  `dateCreated` datetime NOT NULL,
  `dateUpdated` datetime NOT NULL,
  `uid` char(36) COLLATE utf8_unicode_ci NOT NULL DEFAULT '0',
  PRIMARY KEY (`id`),
  UNIQUE KEY `craft_taggroups_name_unq_idx` (`name`),
  UNIQUE KEY `craft_taggroups_handle_unq_idx` (`handle`),
  KEY `craft_taggroups_fieldLayoutId_fk` (`fieldLayoutId`)
) ENGINE=InnoDB AUTO_INCREMENT=2 DEFAULT CHARSET=utf8 COLLATE=utf8_unicode_ci;

--
-- Data for table `craft_taggroups`
--

INSERT INTO `craft_taggroups` (`id`, `name`, `handle`, `fieldLayoutId`, `dateCreated`, `dateUpdated`, `uid`) VALUES
 ('1', 'Default', 'default', '1', '2018-01-18 10:53:38', '2018-01-18 10:53:38', '22d5e880-af56-4ca6-8a45-35ae29098aa6');



DROP TABLE IF EXISTS `craft_tags`;


--
-- Schema for table `craft_tags`
--
CREATE TABLE `craft_tags` (
  `id` int(11) NOT NULL,
  `groupId` int(11) NOT NULL,
  `dateCreated` datetime NOT NULL,
  `dateUpdated` datetime NOT NULL,
  `uid` char(36) COLLATE utf8_unicode_ci NOT NULL DEFAULT '0',
  PRIMARY KEY (`id`),
  KEY `craft_tags_groupId_fk` (`groupId`)
) ENGINE=InnoDB DEFAULT CHARSET=utf8 COLLATE=utf8_unicode_ci;

DROP TABLE IF EXISTS `craft_tasks`;


--
-- Schema for table `craft_tasks`
--
CREATE TABLE `craft_tasks` (
  `id` int(11) NOT NULL AUTO_INCREMENT,
  `root` int(11) unsigned DEFAULT NULL,
  `lft` int(11) unsigned NOT NULL,
  `rgt` int(11) unsigned NOT NULL,
  `level` smallint(6) unsigned NOT NULL,
  `currentStep` int(11) unsigned DEFAULT NULL,
  `totalSteps` int(11) unsigned DEFAULT NULL,
  `status` enum('pending','error','running') COLLATE utf8_unicode_ci DEFAULT NULL,
  `type` varchar(150) COLLATE utf8_unicode_ci NOT NULL,
  `description` varchar(255) COLLATE utf8_unicode_ci DEFAULT NULL,
  `settings` mediumtext COLLATE utf8_unicode_ci,
  `dateCreated` datetime NOT NULL,
  `dateUpdated` datetime NOT NULL,
  `uid` char(36) COLLATE utf8_unicode_ci NOT NULL DEFAULT '0',
  PRIMARY KEY (`id`),
  KEY `craft_tasks_root_idx` (`root`),
  KEY `craft_tasks_lft_idx` (`lft`),
  KEY `craft_tasks_rgt_idx` (`rgt`),
  KEY `craft_tasks_level_idx` (`level`)
) ENGINE=InnoDB AUTO_INCREMENT=19 DEFAULT CHARSET=utf8 COLLATE=utf8_unicode_ci;

DROP TABLE IF EXISTS `craft_templatecachecriteria`;


--
-- Schema for table `craft_templatecachecriteria`
--
CREATE TABLE `craft_templatecachecriteria` (
  `id` int(11) NOT NULL AUTO_INCREMENT,
  `cacheId` int(11) NOT NULL,
  `type` varchar(150) COLLATE utf8_unicode_ci NOT NULL,
  `criteria` text COLLATE utf8_unicode_ci NOT NULL,
  PRIMARY KEY (`id`),
  KEY `craft_templatecachecriteria_cacheId_fk` (`cacheId`),
  KEY `craft_templatecachecriteria_type_idx` (`type`)
) ENGINE=InnoDB DEFAULT CHARSET=utf8 COLLATE=utf8_unicode_ci;

DROP TABLE IF EXISTS `craft_templatecacheelements`;


--
-- Schema for table `craft_templatecacheelements`
--
CREATE TABLE `craft_templatecacheelements` (
  `cacheId` int(11) NOT NULL,
  `elementId` int(11) NOT NULL,
  KEY `craft_templatecacheelements_cacheId_fk` (`cacheId`),
  KEY `craft_templatecacheelements_elementId_fk` (`elementId`)
) ENGINE=InnoDB DEFAULT CHARSET=utf8 COLLATE=utf8_unicode_ci;

DROP TABLE IF EXISTS `craft_templatecaches`;


--
-- Schema for table `craft_templatecaches`
--
CREATE TABLE `craft_templatecaches` (
  `id` int(11) NOT NULL AUTO_INCREMENT,
  `cacheKey` varchar(255) COLLATE utf8_unicode_ci NOT NULL,
  `locale` char(12) COLLATE utf8_unicode_ci NOT NULL,
  `path` varchar(255) COLLATE utf8_unicode_ci DEFAULT NULL,
  `expiryDate` datetime NOT NULL,
  `body` mediumtext COLLATE utf8_unicode_ci NOT NULL,
  PRIMARY KEY (`id`),
  KEY `craft_templatecaches_cacheKey_locale_expiryDate_path_idx` (`cacheKey`,`locale`,`expiryDate`,`path`),
  KEY `craft_templatecaches_cacheKey_locale_expiryDate_idx` (`cacheKey`,`locale`,`expiryDate`),
  KEY `craft_templatecaches_locale_fk` (`locale`)
) ENGINE=InnoDB DEFAULT CHARSET=utf8 COLLATE=utf8_unicode_ci;

DROP TABLE IF EXISTS `craft_tokens`;


--
-- Schema for table `craft_tokens`
--
CREATE TABLE `craft_tokens` (
  `id` int(11) NOT NULL AUTO_INCREMENT,
  `token` char(32) COLLATE utf8_unicode_ci NOT NULL,
  `route` text COLLATE utf8_unicode_ci,
  `usageLimit` tinyint(3) unsigned DEFAULT NULL,
  `usageCount` tinyint(3) unsigned DEFAULT NULL,
  `expiryDate` datetime NOT NULL,
  `dateCreated` datetime NOT NULL,
  `dateUpdated` datetime NOT NULL,
  `uid` char(36) COLLATE utf8_unicode_ci NOT NULL DEFAULT '0',
  PRIMARY KEY (`id`),
  UNIQUE KEY `craft_tokens_token_unq_idx` (`token`),
  KEY `craft_tokens_expiryDate_idx` (`expiryDate`)
) ENGINE=InnoDB AUTO_INCREMENT=2 DEFAULT CHARSET=utf8 COLLATE=utf8_unicode_ci;

--
-- Data for table `craft_tokens`
--

INSERT INTO `craft_tokens` (`id`, `token`, `route`, `usageLimit`, `usageCount`, `expiryDate`, `dateCreated`, `dateUpdated`, `uid`) VALUES
 ('1', 'MkA7eQjhrel5n4~dccyqb9sKgJgYLJlb', '{\"action\":\"entries\\/viewSharedEntry\",\"params\":{\"entryId\":\"59\",\"locale\":\"en_gb\"}}', NULL, NULL, '2018-02-02 14:23:55', '2018-02-01 14:23:55', '2018-02-01 14:23:55', '45371b72-0893-4768-b3e0-0fb2ba32a019');



DROP TABLE IF EXISTS `craft_usergroups`;


--
-- Schema for table `craft_usergroups`
--
CREATE TABLE `craft_usergroups` (
  `id` int(11) NOT NULL AUTO_INCREMENT,
  `name` varchar(255) COLLATE utf8_unicode_ci NOT NULL,
  `handle` varchar(255) COLLATE utf8_unicode_ci NOT NULL,
  `dateCreated` datetime NOT NULL,
  `dateUpdated` datetime NOT NULL,
  `uid` char(36) COLLATE utf8_unicode_ci NOT NULL DEFAULT '0',
  PRIMARY KEY (`id`),
  UNIQUE KEY `craft_usergroups_name_unq_idx` (`name`),
  UNIQUE KEY `craft_usergroups_handle_unq_idx` (`handle`)
) ENGINE=InnoDB AUTO_INCREMENT=2 DEFAULT CHARSET=utf8 COLLATE=utf8_unicode_ci;

--
-- Data for table `craft_usergroups`
--

INSERT INTO `craft_usergroups` (`id`, `name`, `handle`, `dateCreated`, `dateUpdated`, `uid`) VALUES
 ('1', 'Members', 'members', '2018-01-30 14:57:09', '2018-02-23 16:55:43', 'fd1fba22-c0c8-4cc4-ae05-2fbeaf3c992d');



DROP TABLE IF EXISTS `craft_usergroups_users`;


--
-- Schema for table `craft_usergroups_users`
--
CREATE TABLE `craft_usergroups_users` (
  `id` int(11) NOT NULL AUTO_INCREMENT,
  `groupId` int(11) NOT NULL,
  `userId` int(11) NOT NULL,
  `dateCreated` datetime NOT NULL,
  `dateUpdated` datetime NOT NULL,
  `uid` char(36) COLLATE utf8_unicode_ci NOT NULL DEFAULT '0',
  PRIMARY KEY (`id`),
  UNIQUE KEY `craft_usergroups_users_groupId_userId_unq_idx` (`groupId`,`userId`),
  KEY `craft_usergroups_users_userId_fk` (`userId`)
) ENGINE=InnoDB AUTO_INCREMENT=25 DEFAULT CHARSET=utf8 COLLATE=utf8_unicode_ci;

--
-- Data for table `craft_usergroups_users`
--

INSERT INTO `craft_usergroups_users` (`id`, `groupId`, `userId`, `dateCreated`, `dateUpdated`, `uid`) VALUES
 ('14', '1', '109', '2018-02-19 14:51:16', '2018-02-19 14:51:16', '4aa903d8-7819-4ecc-bb05-90c98e155124'),
 ('19', '1', '281', '2018-02-20 10:25:47', '2018-02-20 10:25:47', '06353ff6-bad9-4ff7-b260-2384a11aa1fb'),
 ('22', '1', '407', '2018-02-28 10:04:10', '2018-02-28 10:04:10', '091a7a15-9248-4e29-9e3d-0ee8501dad7d'),
 ('24', '1', '326', '2018-03-12 10:46:29', '2018-03-12 10:46:29', 'a8dc8980-567f-4949-b1a1-46a7367dabec');



DROP TABLE IF EXISTS `craft_userpermissions`;


--
-- Schema for table `craft_userpermissions`
--
CREATE TABLE `craft_userpermissions` (
  `id` int(11) NOT NULL AUTO_INCREMENT,
  `name` varchar(255) COLLATE utf8_unicode_ci NOT NULL,
  `dateCreated` datetime NOT NULL,
  `dateUpdated` datetime NOT NULL,
  `uid` char(36) COLLATE utf8_unicode_ci NOT NULL DEFAULT '0',
  PRIMARY KEY (`id`),
  UNIQUE KEY `craft_userpermissions_name_unq_idx` (`name`)
) ENGINE=InnoDB AUTO_INCREMENT=7 DEFAULT CHARSET=utf8 COLLATE=utf8_unicode_ci;

--
-- Data for table `craft_userpermissions`
--

INSERT INTO `craft_userpermissions` (`id`, `name`, `dateCreated`, `dateUpdated`, `uid`) VALUES
 ('1', 'createentries:3', '2018-01-30 14:57:09', '2018-01-30 14:57:09', '8e39cf5c-a781-4d62-b83e-40af369a0618'),
 ('2', 'editentries:3', '2018-01-30 14:57:09', '2018-01-30 14:57:09', '7908972e-2145-4e89-b9e1-c2cf417b033e'),
 ('3', 'uploadtoassetsource:1', '2018-01-30 14:57:09', '2018-01-30 14:57:09', '42227b3c-c42a-47c6-bede-bdcc90eb153c'),
 ('4', 'viewassetsource:1', '2018-01-30 14:57:09', '2018-01-30 14:57:09', '6df83c62-9e2a-46f0-ad45-5bd3c991cc2e'),
 ('5', 'deleteentries:3', '2018-02-01 13:31:40', '2018-02-01 13:31:40', '093e93aa-e3f5-4d13-a67b-a4e347468917'),
 ('6', 'publishentries:3', '2018-02-23 16:55:43', '2018-02-23 16:55:43', '372ab316-4ff7-4e1a-adfd-cbc7d640fe7c');



DROP TABLE IF EXISTS `craft_userpermissions_usergroups`;


--
-- Schema for table `craft_userpermissions_usergroups`
--
CREATE TABLE `craft_userpermissions_usergroups` (
  `id` int(11) NOT NULL AUTO_INCREMENT,
  `permissionId` int(11) NOT NULL,
  `groupId` int(11) NOT NULL,
  `dateCreated` datetime NOT NULL,
  `dateUpdated` datetime NOT NULL,
  `uid` char(36) COLLATE utf8_unicode_ci NOT NULL DEFAULT '0',
  PRIMARY KEY (`id`),
  UNIQUE KEY `craft_userpermissions_usergroups_permissionId_groupId_unq_idx` (`permissionId`,`groupId`),
  KEY `craft_userpermissions_usergroups_groupId_fk` (`groupId`)
) ENGINE=InnoDB AUTO_INCREMENT=21 DEFAULT CHARSET=utf8 COLLATE=utf8_unicode_ci;

--
-- Data for table `craft_userpermissions_usergroups`
--

INSERT INTO `craft_userpermissions_usergroups` (`id`, `permissionId`, `groupId`, `dateCreated`, `dateUpdated`, `uid`) VALUES
 ('15', '1', '1', '2018-02-23 16:55:43', '2018-02-23 16:55:43', 'a3c91a96-7ce6-4f60-83c6-d3fb3bb4502e'),
 ('16', '6', '1', '2018-02-23 16:55:43', '2018-02-23 16:55:43', '37945a72-5ec8-4283-8332-150fe39f7524'),
 ('17', '5', '1', '2018-02-23 16:55:43', '2018-02-23 16:55:43', '94e1acdf-6cfb-4314-b3ff-a58574adb0de'),
 ('18', '2', '1', '2018-02-23 16:55:43', '2018-02-23 16:55:43', '6173f5bf-1c05-48f9-aa5d-db5beb94fa71'),
 ('19', '3', '1', '2018-02-23 16:55:43', '2018-02-23 16:55:43', '561b362d-43a7-4f3e-ad1c-a1d7677544e5'),
 ('20', '4', '1', '2018-02-23 16:55:43', '2018-02-23 16:55:43', 'f57b0853-c05b-40f3-ba7b-b6ee69d9c3a8');



DROP TABLE IF EXISTS `craft_userpermissions_users`;


--
-- Schema for table `craft_userpermissions_users`
--
CREATE TABLE `craft_userpermissions_users` (
  `id` int(11) NOT NULL AUTO_INCREMENT,
  `permissionId` int(11) NOT NULL,
  `userId` int(11) NOT NULL,
  `dateCreated` datetime NOT NULL,
  `dateUpdated` datetime NOT NULL,
  `uid` char(36) COLLATE utf8_unicode_ci NOT NULL DEFAULT '0',
  PRIMARY KEY (`id`),
  UNIQUE KEY `craft_userpermissions_users_permissionId_userId_unq_idx` (`permissionId`,`userId`),
  KEY `craft_userpermissions_users_userId_fk` (`userId`)
) ENGINE=InnoDB DEFAULT CHARSET=utf8 COLLATE=utf8_unicode_ci;

DROP TABLE IF EXISTS `craft_users`;


--
-- Schema for table `craft_users`
--
CREATE TABLE `craft_users` (
  `id` int(11) NOT NULL,
  `username` varchar(100) COLLATE utf8_unicode_ci NOT NULL,
  `photo` varchar(100) COLLATE utf8_unicode_ci DEFAULT NULL,
  `firstName` varchar(100) COLLATE utf8_unicode_ci DEFAULT NULL,
  `lastName` varchar(100) COLLATE utf8_unicode_ci DEFAULT NULL,
  `email` varchar(255) COLLATE utf8_unicode_ci NOT NULL,
  `password` char(255) COLLATE utf8_unicode_ci DEFAULT NULL,
  `preferredLocale` char(12) COLLATE utf8_unicode_ci DEFAULT NULL,
  `weekStartDay` tinyint(1) unsigned NOT NULL DEFAULT '0',
  `admin` tinyint(1) unsigned NOT NULL DEFAULT '0',
  `client` tinyint(1) unsigned NOT NULL DEFAULT '0',
  `locked` tinyint(1) unsigned NOT NULL DEFAULT '0',
  `suspended` tinyint(1) unsigned NOT NULL DEFAULT '0',
  `pending` tinyint(1) unsigned NOT NULL DEFAULT '0',
  `archived` tinyint(1) unsigned NOT NULL DEFAULT '0',
  `lastLoginDate` datetime DEFAULT NULL,
  `lastLoginAttemptIPAddress` varchar(45) COLLATE utf8_unicode_ci DEFAULT NULL,
  `invalidLoginWindowStart` datetime DEFAULT NULL,
  `invalidLoginCount` tinyint(4) unsigned DEFAULT NULL,
  `lastInvalidLoginDate` datetime DEFAULT NULL,
  `lockoutDate` datetime DEFAULT NULL,
  `verificationCode` char(100) COLLATE utf8_unicode_ci DEFAULT NULL,
  `verificationCodeIssuedDate` datetime DEFAULT NULL,
  `unverifiedEmail` varchar(255) COLLATE utf8_unicode_ci DEFAULT NULL,
  `passwordResetRequired` tinyint(1) unsigned NOT NULL DEFAULT '0',
  `lastPasswordChangeDate` datetime DEFAULT NULL,
  `dateCreated` datetime NOT NULL,
  `dateUpdated` datetime NOT NULL,
  `uid` char(36) COLLATE utf8_unicode_ci NOT NULL DEFAULT '0',
  PRIMARY KEY (`id`),
  UNIQUE KEY `craft_users_username_unq_idx` (`username`),
  UNIQUE KEY `craft_users_email_unq_idx` (`email`),
  KEY `craft_users_verificationCode_idx` (`verificationCode`),
  KEY `craft_users_uid_idx` (`uid`),
  KEY `craft_users_preferredLocale_fk` (`preferredLocale`)
) ENGINE=InnoDB DEFAULT CHARSET=utf8 COLLATE=utf8_unicode_ci;

--
-- Data for table `craft_users`
--

INSERT INTO `craft_users` (`id`, `username`, `photo`, `firstName`, `lastName`, `email`, `password`, `preferredLocale`, `weekStartDay`, `admin`, `client`, `locked`, `suspended`, `pending`, `archived`, `lastLoginDate`, `lastLoginAttemptIPAddress`, `invalidLoginWindowStart`, `invalidLoginCount`, `lastInvalidLoginDate`, `lockoutDate`, `verificationCode`, `verificationCodeIssuedDate`, `unverifiedEmail`, `passwordResetRequired`, `lastPasswordChangeDate`, `dateCreated`, `dateUpdated`, `uid`) VALUES
 ('1', 'theboss', NULL, 'Luca', 'Jeg', 'luca2@ipopdigital.com', '$2y$13$c.cLNRGpeLrY2jmUO7RJyeiBgZDHcY6iGbxu5uu2Dh.3jTMEJL74y', NULL, '0', '1', '0', '0', '0', '0', '0', '2018-03-12 13:53:02', '::1', NULL, NULL, '2018-02-19 11:05:37', NULL, NULL, NULL, NULL, '0', '2018-01-18 10:53:34', '2018-01-18 10:53:35', '2018-03-12 13:53:02', '3cbf1125-7a5f-4b86-9dd1-4d3757381b1e'),
 ('109', 'squd', '507296326.jpg', 'john', 'ddd', 'x1241895@mvrht.net', '$2y$13$gAnJpvAl/an3Grp0ccwS5.lrJCdn7LalszxwCPVC/pD3eOBKFn2hq', NULL, '0', '0', '0', '0', '0', '0', '0', NULL, NULL, NULL, NULL, NULL, NULL, NULL, NULL, NULL, '0', '2018-02-02 16:29:40', '2018-02-02 16:29:40', '2018-02-19 14:51:16', '65d452dd-8825-4461-bc85-5f15db53640c'),
 ('281', 'gug', '507296326.jpg', 'Bill', 'lee', 'test@etst.con', '$2y$13$NgxFgKl16Cpxtk/O2UV5QOZJ9xuQxLxMm/SB28jxlivdWepVCsmtG', NULL, '0', '0', '0', '0', '0', '0', '0', NULL, NULL, NULL, NULL, NULL, NULL, NULL, NULL, NULL, '0', '2018-02-19 15:19:03', '2018-02-19 15:19:03', '2018-02-20 10:25:47', 'dfa30afb-45e2-48c6-b03a-5e8b89f498a3'),
 ('326', 'JustinGallaher', NULL, 'Justins', 'Gallaher', 'placeholder@email.com', '$2y$13$NOcLblo2u28oL.Wfn/mzQ.X51bRhQ8cHpWFJorxR1l3boeMG4Zz66', NULL, '0', '0', '0', '0', '0', '0', '0', '2018-03-12 09:58:52', '::1', NULL, NULL, NULL, NULL, NULL, NULL, NULL, '0', '2018-02-22 11:53:34', '2018-02-22 11:53:34', '2018-03-12 12:50:31', '5c0e6222-ef78-4ba6-a1f0-727967953885'),
 ('407', 'wefwefwef', NULL, 'wef', 'wef', 'wefwef@erg.com', '$2y$13$fCNXO4xf3mInJUYr8lL8XervHjQ58D1emfkyNM1Lcsr.BuSAUZhli', NULL, '0', '0', '0', '0', '0', '1', '0', NULL, NULL, NULL, NULL, NULL, NULL, NULL, NULL, NULL, '0', '2018-02-28 10:04:10', '2018-02-28 10:04:10', '2018-02-28 10:04:10', 'ea4898a4-93c5-4d93-8c13-b1ceed053e2f');



DROP TABLE IF EXISTS `craft_widgets`;


--
-- Schema for table `craft_widgets`
--
CREATE TABLE `craft_widgets` (
  `id` int(11) NOT NULL AUTO_INCREMENT,
  `userId` int(11) NOT NULL,
  `type` varchar(150) COLLATE utf8_unicode_ci NOT NULL,
  `sortOrder` smallint(6) unsigned DEFAULT NULL,
  `colspan` tinyint(4) unsigned DEFAULT NULL,
  `settings` text COLLATE utf8_unicode_ci,
  `enabled` tinyint(1) unsigned NOT NULL DEFAULT '1',
  `dateCreated` datetime NOT NULL,
  `dateUpdated` datetime NOT NULL,
  `uid` char(36) COLLATE utf8_unicode_ci NOT NULL DEFAULT '0',
  PRIMARY KEY (`id`),
  KEY `craft_widgets_userId_fk` (`userId`)
) ENGINE=InnoDB AUTO_INCREMENT=5 DEFAULT CHARSET=utf8 COLLATE=utf8_unicode_ci;

--
-- Data for table `craft_widgets`
--

INSERT INTO `craft_widgets` (`id`, `userId`, `type`, `sortOrder`, `colspan`, `settings`, `enabled`, `dateCreated`, `dateUpdated`, `uid`) VALUES
 ('1', '1', 'RecentEntries', '1', NULL, NULL, '1', '2018-01-26 14:43:44', '2018-01-26 14:43:44', '62bd0adc-4722-42db-bed7-75f0453b3174'),
 ('2', '1', 'GetHelp', '2', NULL, NULL, '1', '2018-01-26 14:43:44', '2018-01-26 14:43:44', '40a9fb4c-4fcb-4fb2-bedb-9764a1e8780a'),
 ('3', '1', 'Updates', '3', NULL, NULL, '1', '2018-01-26 14:43:44', '2018-01-26 14:43:44', '8ae99ca0-efb6-4932-93b3-000b77d7f9c0'),
 ('4', '1', 'Feed', '4', NULL, '{\"url\":\"https:\\/\\/craftcms.com\\/news.rss\",\"title\":\"Craft News\"}', '1', '2018-01-26 14:43:44', '2018-01-26 14:43:44', 'e6f27384-6cc6-4f36-84bf-495aa595a551');


--
-- Constraints for tables
--


--
-- Constraints for table `craft_assetfiles`
--
ALTER TABLE `craft_assetfiles`
	ADD CONSTRAINT `craft_assetfiles_folderId_fk` FOREIGN KEY (`folderId`) REFERENCES `craft_assetfolders` (`id`) ON DELETE CASCADE,
	ADD CONSTRAINT `craft_assetfiles_id_fk` FOREIGN KEY (`id`) REFERENCES `craft_elements` (`id`) ON DELETE CASCADE,
	ADD CONSTRAINT `craft_assetfiles_sourceId_fk` FOREIGN KEY (`sourceId`) REFERENCES `craft_assetsources` (`id`) ON DELETE CASCADE;

--
-- Constraints for table `craft_assetfolders`
--
ALTER TABLE `craft_assetfolders`
	ADD CONSTRAINT `craft_assetfolders_parentId_fk` FOREIGN KEY (`parentId`) REFERENCES `craft_assetfolders` (`id`) ON DELETE CASCADE,
	ADD CONSTRAINT `craft_assetfolders_sourceId_fk` FOREIGN KEY (`sourceId`) REFERENCES `craft_assetsources` (`id`) ON DELETE CASCADE;

--
-- Constraints for table `craft_assetindexdata`
--
ALTER TABLE `craft_assetindexdata`
	ADD CONSTRAINT `craft_assetindexdata_sourceId_fk` FOREIGN KEY (`sourceId`) REFERENCES `craft_assetsources` (`id`) ON DELETE CASCADE;

--
-- Constraints for table `craft_assetsources`
--
ALTER TABLE `craft_assetsources`
	ADD CONSTRAINT `craft_assetsources_fieldLayoutId_fk` FOREIGN KEY (`fieldLayoutId`) REFERENCES `craft_fieldlayouts` (`id`) ON DELETE SET NULL;

--
-- Constraints for table `craft_categories`
--
ALTER TABLE `craft_categories`
	ADD CONSTRAINT `craft_categories_groupId_fk` FOREIGN KEY (`groupId`) REFERENCES `craft_categorygroups` (`id`) ON DELETE CASCADE,
	ADD CONSTRAINT `craft_categories_id_fk` FOREIGN KEY (`id`) REFERENCES `craft_elements` (`id`) ON DELETE CASCADE;

--
-- Constraints for table `craft_categorygroups`
--
ALTER TABLE `craft_categorygroups`
	ADD CONSTRAINT `craft_categorygroups_fieldLayoutId_fk` FOREIGN KEY (`fieldLayoutId`) REFERENCES `craft_fieldlayouts` (`id`) ON DELETE SET NULL,
	ADD CONSTRAINT `craft_categorygroups_structureId_fk` FOREIGN KEY (`structureId`) REFERENCES `craft_structures` (`id`) ON DELETE CASCADE;

--
-- Constraints for table `craft_categorygroups_i18n`
--
ALTER TABLE `craft_categorygroups_i18n`
	ADD CONSTRAINT `craft_categorygroups_i18n_groupId_fk` FOREIGN KEY (`groupId`) REFERENCES `craft_categorygroups` (`id`) ON DELETE CASCADE,
	ADD CONSTRAINT `craft_categorygroups_i18n_locale_fk` FOREIGN KEY (`locale`) REFERENCES `craft_locales` (`locale`) ON DELETE CASCADE ON UPDATE CASCADE;

--
-- Constraints for table `craft_content`
--
ALTER TABLE `craft_content`
	ADD CONSTRAINT `craft_content_elementId_fk` FOREIGN KEY (`elementId`) REFERENCES `craft_elements` (`id`) ON DELETE CASCADE,
	ADD CONSTRAINT `craft_content_locale_fk` FOREIGN KEY (`locale`) REFERENCES `craft_locales` (`locale`) ON DELETE CASCADE ON UPDATE CASCADE;

--
-- Constraints for table `craft_elements_i18n`
--
ALTER TABLE `craft_elements_i18n`
	ADD CONSTRAINT `craft_elements_i18n_elementId_fk` FOREIGN KEY (`elementId`) REFERENCES `craft_elements` (`id`) ON DELETE CASCADE,
	ADD CONSTRAINT `craft_elements_i18n_locale_fk` FOREIGN KEY (`locale`) REFERENCES `craft_locales` (`locale`) ON DELETE CASCADE ON UPDATE CASCADE;

--
-- Constraints for table `craft_emailmessages`
--
ALTER TABLE `craft_emailmessages`
	ADD CONSTRAINT `craft_emailmessages_locale_fk` FOREIGN KEY (`locale`) REFERENCES `craft_locales` (`locale`) ON DELETE CASCADE ON UPDATE CASCADE;

--
-- Constraints for table `craft_entries`
--
ALTER TABLE `craft_entries`
	ADD CONSTRAINT `craft_entries_authorId_fk` FOREIGN KEY (`authorId`) REFERENCES `craft_users` (`id`) ON DELETE CASCADE,
	ADD CONSTRAINT `craft_entries_id_fk` FOREIGN KEY (`id`) REFERENCES `craft_elements` (`id`) ON DELETE CASCADE,
	ADD CONSTRAINT `craft_entries_sectionId_fk` FOREIGN KEY (`sectionId`) REFERENCES `craft_sections` (`id`) ON DELETE CASCADE,
	ADD CONSTRAINT `craft_entries_typeId_fk` FOREIGN KEY (`typeId`) REFERENCES `craft_entrytypes` (`id`) ON DELETE CASCADE;

--
-- Constraints for table `craft_entrydrafts`
--
ALTER TABLE `craft_entrydrafts`
	ADD CONSTRAINT `craft_entrydrafts_creatorId_fk` FOREIGN KEY (`creatorId`) REFERENCES `craft_users` (`id`) ON DELETE CASCADE,
	ADD CONSTRAINT `craft_entrydrafts_entryId_fk` FOREIGN KEY (`entryId`) REFERENCES `craft_entries` (`id`) ON DELETE CASCADE,
	ADD CONSTRAINT `craft_entrydrafts_locale_fk` FOREIGN KEY (`locale`) REFERENCES `craft_locales` (`locale`) ON DELETE CASCADE ON UPDATE CASCADE,
	ADD CONSTRAINT `craft_entrydrafts_sectionId_fk` FOREIGN KEY (`sectionId`) REFERENCES `craft_sections` (`id`) ON DELETE CASCADE;

--
-- Constraints for table `craft_entrytypes`
--
ALTER TABLE `craft_entrytypes`
	ADD CONSTRAINT `craft_entrytypes_fieldLayoutId_fk` FOREIGN KEY (`fieldLayoutId`) REFERENCES `craft_fieldlayouts` (`id`) ON DELETE SET NULL,
	ADD CONSTRAINT `craft_entrytypes_sectionId_fk` FOREIGN KEY (`sectionId`) REFERENCES `craft_sections` (`id`) ON DELETE CASCADE;

--
-- Constraints for table `craft_entryversions`
--
ALTER TABLE `craft_entryversions`
	ADD CONSTRAINT `craft_entryversions_creatorId_fk` FOREIGN KEY (`creatorId`) REFERENCES `craft_users` (`id`) ON DELETE SET NULL,
	ADD CONSTRAINT `craft_entryversions_entryId_fk` FOREIGN KEY (`entryId`) REFERENCES `craft_entries` (`id`) ON DELETE CASCADE,
	ADD CONSTRAINT `craft_entryversions_locale_fk` FOREIGN KEY (`locale`) REFERENCES `craft_locales` (`locale`) ON DELETE CASCADE ON UPDATE CASCADE,
	ADD CONSTRAINT `craft_entryversions_sectionId_fk` FOREIGN KEY (`sectionId`) REFERENCES `craft_sections` (`id`) ON DELETE CASCADE;

--
-- Constraints for table `craft_fieldlayoutfields`
--
ALTER TABLE `craft_fieldlayoutfields`
	ADD CONSTRAINT `craft_fieldlayoutfields_fieldId_fk` FOREIGN KEY (`fieldId`) REFERENCES `craft_fields` (`id`) ON DELETE CASCADE,
	ADD CONSTRAINT `craft_fieldlayoutfields_layoutId_fk` FOREIGN KEY (`layoutId`) REFERENCES `craft_fieldlayouts` (`id`) ON DELETE CASCADE,
	ADD CONSTRAINT `craft_fieldlayoutfields_tabId_fk` FOREIGN KEY (`tabId`) REFERENCES `craft_fieldlayouttabs` (`id`) ON DELETE CASCADE;

--
-- Constraints for table `craft_fieldlayouttabs`
--
ALTER TABLE `craft_fieldlayouttabs`
	ADD CONSTRAINT `craft_fieldlayouttabs_layoutId_fk` FOREIGN KEY (`layoutId`) REFERENCES `craft_fieldlayouts` (`id`) ON DELETE CASCADE;

--
-- Constraints for table `craft_fields`
--
ALTER TABLE `craft_fields`
	ADD CONSTRAINT `craft_fields_groupId_fk` FOREIGN KEY (`groupId`) REFERENCES `craft_fieldgroups` (`id`) ON DELETE CASCADE;

--
-- Constraints for table `craft_globalsets`
--
ALTER TABLE `craft_globalsets`
	ADD CONSTRAINT `craft_globalsets_fieldLayoutId_fk` FOREIGN KEY (`fieldLayoutId`) REFERENCES `craft_fieldlayouts` (`id`) ON DELETE SET NULL,
	ADD CONSTRAINT `craft_globalsets_id_fk` FOREIGN KEY (`id`) REFERENCES `craft_elements` (`id`) ON DELETE CASCADE;

--
-- Constraints for table `craft_matrixblocks`
--
ALTER TABLE `craft_matrixblocks`
	ADD CONSTRAINT `craft_matrixblocks_fieldId_fk` FOREIGN KEY (`fieldId`) REFERENCES `craft_fields` (`id`) ON DELETE CASCADE,
	ADD CONSTRAINT `craft_matrixblocks_id_fk` FOREIGN KEY (`id`) REFERENCES `craft_elements` (`id`) ON DELETE CASCADE,
	ADD CONSTRAINT `craft_matrixblocks_ownerId_fk` FOREIGN KEY (`ownerId`) REFERENCES `craft_elements` (`id`) ON DELETE CASCADE,
	ADD CONSTRAINT `craft_matrixblocks_ownerLocale_fk` FOREIGN KEY (`ownerLocale`) REFERENCES `craft_locales` (`locale`) ON DELETE CASCADE ON UPDATE CASCADE,
	ADD CONSTRAINT `craft_matrixblocks_typeId_fk` FOREIGN KEY (`typeId`) REFERENCES `craft_matrixblocktypes` (`id`) ON DELETE CASCADE;

--
-- Constraints for table `craft_matrixblocktypes`
--
ALTER TABLE `craft_matrixblocktypes`
	ADD CONSTRAINT `craft_matrixblocktypes_fieldId_fk` FOREIGN KEY (`fieldId`) REFERENCES `craft_fields` (`id`) ON DELETE CASCADE,
	ADD CONSTRAINT `craft_matrixblocktypes_fieldLayoutId_fk` FOREIGN KEY (`fieldLayoutId`) REFERENCES `craft_fieldlayouts` (`id`) ON DELETE SET NULL;

--
-- Constraints for table `craft_matrixcontent_projectcontent`
--
ALTER TABLE `craft_matrixcontent_projectcontent`
	ADD CONSTRAINT `craft_matrixcontent_projectcontent_elementId_fk` FOREIGN KEY (`elementId`) REFERENCES `craft_elements` (`id`) ON DELETE CASCADE,
	ADD CONSTRAINT `craft_matrixcontent_projectcontent_locale_fk` FOREIGN KEY (`locale`) REFERENCES `craft_locales` (`locale`) ON DELETE CASCADE ON UPDATE CASCADE;

--
-- Constraints for table `craft_migrations`
--
ALTER TABLE `craft_migrations`
	ADD CONSTRAINT `craft_migrations_pluginId_fk` FOREIGN KEY (`pluginId`) REFERENCES `craft_plugins` (`id`) ON DELETE CASCADE;

--
-- Constraints for table `craft_relations`
--
ALTER TABLE `craft_relations`
	ADD CONSTRAINT `craft_relations_fieldId_fk` FOREIGN KEY (`fieldId`) REFERENCES `craft_fields` (`id`) ON DELETE CASCADE,
	ADD CONSTRAINT `craft_relations_sourceId_fk` FOREIGN KEY (`sourceId`) REFERENCES `craft_elements` (`id`) ON DELETE CASCADE,
	ADD CONSTRAINT `craft_relations_sourceLocale_fk` FOREIGN KEY (`sourceLocale`) REFERENCES `craft_locales` (`locale`) ON DELETE CASCADE ON UPDATE CASCADE,
	ADD CONSTRAINT `craft_relations_targetId_fk` FOREIGN KEY (`targetId`) REFERENCES `craft_elements` (`id`) ON DELETE CASCADE;

--
-- Constraints for table `craft_routes`
--
ALTER TABLE `craft_routes`
	ADD CONSTRAINT `craft_routes_locale_fk` FOREIGN KEY (`locale`) REFERENCES `craft_locales` (`locale`) ON DELETE CASCADE ON UPDATE CASCADE;

--
-- Constraints for table `craft_sections`
--
ALTER TABLE `craft_sections`
	ADD CONSTRAINT `craft_sections_structureId_fk` FOREIGN KEY (`structureId`) REFERENCES `craft_structures` (`id`) ON DELETE SET NULL;

--
-- Constraints for table `craft_sections_i18n`
--
ALTER TABLE `craft_sections_i18n`
	ADD CONSTRAINT `craft_sections_i18n_locale_fk` FOREIGN KEY (`locale`) REFERENCES `craft_locales` (`locale`) ON DELETE CASCADE ON UPDATE CASCADE,
	ADD CONSTRAINT `craft_sections_i18n_sectionId_fk` FOREIGN KEY (`sectionId`) REFERENCES `craft_sections` (`id`) ON DELETE CASCADE;

--
-- Constraints for table `craft_sessions`
--
ALTER TABLE `craft_sessions`
	ADD CONSTRAINT `craft_sessions_userId_fk` FOREIGN KEY (`userId`) REFERENCES `craft_users` (`id`) ON DELETE CASCADE;

--
-- Constraints for table `craft_shunnedmessages`
--
ALTER TABLE `craft_shunnedmessages`
	ADD CONSTRAINT `craft_shunnedmessages_userId_fk` FOREIGN KEY (`userId`) REFERENCES `craft_users` (`id`) ON DELETE CASCADE;

--
-- Constraints for table `craft_structureelements`
--
ALTER TABLE `craft_structureelements`
	ADD CONSTRAINT `craft_structureelements_elementId_fk` FOREIGN KEY (`elementId`) REFERENCES `craft_elements` (`id`) ON DELETE CASCADE,
	ADD CONSTRAINT `craft_structureelements_structureId_fk` FOREIGN KEY (`structureId`) REFERENCES `craft_structures` (`id`) ON DELETE CASCADE;

--
-- Constraints for table `craft_taggroups`
--
ALTER TABLE `craft_taggroups`
	ADD CONSTRAINT `craft_taggroups_fieldLayoutId_fk` FOREIGN KEY (`fieldLayoutId`) REFERENCES `craft_fieldlayouts` (`id`) ON DELETE SET NULL;

--
-- Constraints for table `craft_tags`
--
ALTER TABLE `craft_tags`
	ADD CONSTRAINT `craft_tags_groupId_fk` FOREIGN KEY (`groupId`) REFERENCES `craft_taggroups` (`id`) ON DELETE CASCADE,
	ADD CONSTRAINT `craft_tags_id_fk` FOREIGN KEY (`id`) REFERENCES `craft_elements` (`id`) ON DELETE CASCADE;

--
-- Constraints for table `craft_templatecachecriteria`
--
ALTER TABLE `craft_templatecachecriteria`
	ADD CONSTRAINT `craft_templatecachecriteria_cacheId_fk` FOREIGN KEY (`cacheId`) REFERENCES `craft_templatecaches` (`id`) ON DELETE CASCADE;

--
-- Constraints for table `craft_templatecacheelements`
--
ALTER TABLE `craft_templatecacheelements`
	ADD CONSTRAINT `craft_templatecacheelements_cacheId_fk` FOREIGN KEY (`cacheId`) REFERENCES `craft_templatecaches` (`id`) ON DELETE CASCADE,
	ADD CONSTRAINT `craft_templatecacheelements_elementId_fk` FOREIGN KEY (`elementId`) REFERENCES `craft_elements` (`id`) ON DELETE CASCADE;

--
-- Constraints for table `craft_templatecaches`
--
ALTER TABLE `craft_templatecaches`
	ADD CONSTRAINT `craft_templatecaches_locale_fk` FOREIGN KEY (`locale`) REFERENCES `craft_locales` (`locale`) ON DELETE CASCADE ON UPDATE CASCADE;

--
-- Constraints for table `craft_usergroups_users`
--
ALTER TABLE `craft_usergroups_users`
	ADD CONSTRAINT `craft_usergroups_users_groupId_fk` FOREIGN KEY (`groupId`) REFERENCES `craft_usergroups` (`id`) ON DELETE CASCADE,
	ADD CONSTRAINT `craft_usergroups_users_userId_fk` FOREIGN KEY (`userId`) REFERENCES `craft_users` (`id`) ON DELETE CASCADE;

--
-- Constraints for table `craft_userpermissions_usergroups`
--
ALTER TABLE `craft_userpermissions_usergroups`
	ADD CONSTRAINT `craft_userpermissions_usergroups_groupId_fk` FOREIGN KEY (`groupId`) REFERENCES `craft_usergroups` (`id`) ON DELETE CASCADE,
	ADD CONSTRAINT `craft_userpermissions_usergroups_permissionId_fk` FOREIGN KEY (`permissionId`) REFERENCES `craft_userpermissions` (`id`) ON DELETE CASCADE;

--
-- Constraints for table `craft_userpermissions_users`
--
ALTER TABLE `craft_userpermissions_users`
	ADD CONSTRAINT `craft_userpermissions_users_permissionId_fk` FOREIGN KEY (`permissionId`) REFERENCES `craft_userpermissions` (`id`) ON DELETE CASCADE,
	ADD CONSTRAINT `craft_userpermissions_users_userId_fk` FOREIGN KEY (`userId`) REFERENCES `craft_users` (`id`) ON DELETE CASCADE;

--
-- Constraints for table `craft_users`
--
ALTER TABLE `craft_users`
	ADD CONSTRAINT `craft_users_id_fk` FOREIGN KEY (`id`) REFERENCES `craft_elements` (`id`) ON DELETE CASCADE,
	ADD CONSTRAINT `craft_users_preferredLocale_fk` FOREIGN KEY (`preferredLocale`) REFERENCES `craft_locales` (`locale`) ON DELETE SET NULL ON UPDATE CASCADE;

--
-- Constraints for table `craft_widgets`
--
ALTER TABLE `craft_widgets`
	ADD CONSTRAINT `craft_widgets_userId_fk` FOREIGN KEY (`userId`) REFERENCES `craft_users` (`id`) ON DELETE CASCADE;

SET FOREIGN_KEY_CHECKS = 1;
