-- Generated by Craft v2.6.3004 on 19 Feb 2018 09:49:20.

--
-- Disable foreign key checks and autocommit.
--

SET FOREIGN_KEY_CHECKS = 0;
SET SQL_MODE = "NO_AUTO_VALUE_ON_ZERO";
SET AUTOCOMMIT = 0;
SET NAMES utf8;


DROP TABLE IF EXISTS `craft_assetfiles`;


--
-- Schema for table `craft_assetfiles`
--
CREATE TABLE `craft_assetfiles` (
  `id` int(11) NOT NULL,
  `sourceId` int(11) DEFAULT NULL,
  `folderId` int(11) NOT NULL,
  `filename` varchar(255) COLLATE utf8_unicode_ci NOT NULL,
  `kind` varchar(50) COLLATE utf8_unicode_ci NOT NULL DEFAULT 'unknown',
  `width` int(11) unsigned DEFAULT NULL,
  `height` int(11) unsigned DEFAULT NULL,
  `size` bigint(20) unsigned DEFAULT NULL,
  `dateModified` datetime DEFAULT NULL,
  `dateCreated` datetime NOT NULL,
  `dateUpdated` datetime NOT NULL,
  `uid` char(36) COLLATE utf8_unicode_ci NOT NULL DEFAULT '0',
  PRIMARY KEY (`id`),
  UNIQUE KEY `craft_assetfiles_filename_folderId_unq_idx` (`filename`,`folderId`),
  KEY `craft_assetfiles_sourceId_fk` (`sourceId`),
  KEY `craft_assetfiles_folderId_fk` (`folderId`)
) ENGINE=InnoDB DEFAULT CHARSET=utf8 COLLATE=utf8_unicode_ci;

--
-- Data for table `craft_assetfiles`
--

INSERT INTO `craft_assetfiles` (`id`, `sourceId`, `folderId`, `filename`, `kind`, `width`, `height`, `size`, `dateModified`, `dateCreated`, `dateUpdated`, `uid`) VALUES
 ('6', '1', '1', 'proj1.png', 'image', '1370', '817', '1165839', '2018-01-30 13:33:18', '2018-01-30 11:17:18', '2018-02-14 10:39:33', 'fc95dc70-35f3-4d99-b04c-54f8e3605bbd'),
 ('9', '1', '1', 'Untitled-2.jpg', 'image', '758', '450', '249550', '2018-01-30 13:33:20', '2018-01-30 12:32:33', '2018-02-14 10:39:32', '8f031cc5-77da-4471-852b-ae58c59a294e'),
 ('10', '1', '1', 'Untitled-3.jpg', 'image', '751', '450', '218349', '2018-01-30 13:33:20', '2018-01-30 12:32:33', '2018-02-14 10:39:32', '45658877-8571-41ad-849b-d51f755b6c7f'),
 ('18', '1', '1', 'thumb.png', 'image', '486', '289', '277987', '2018-01-30 13:33:18', '2018-01-30 13:31:15', '2018-02-14 10:39:33', 'b0a5c94c-dd89-47cc-86a8-edf17eb45e04'),
 ('19', '1', '1', 'thumb2.png', 'image', '486', '289', '227791', '2018-01-30 13:33:19', '2018-01-30 13:31:15', '2018-02-14 10:39:34', '042ed091-23a5-435c-9346-567a4dcad508'),
 ('20', '1', '1', 'Untitled-1.jpg', 'image', '486', '289', '85004', '2018-01-30 13:33:19', '2018-01-30 13:31:15', '2018-02-14 10:39:32', '057be805-2b96-4b26-b2fd-30e3c6ec2686'),
 ('29', '1', '1', 'thumbt.jpg', 'image', '859', '514', '242477', '2018-01-30 13:33:19', '2018-01-30 13:33:23', '2018-02-14 10:39:34', '8746d2ab-c7f2-49d1-894f-6c3d1dbd8d80'),
 ('30', '1', '1', 'Untitled-1f.jpg', 'image', '1142', '677', '388172', '2018-01-30 13:33:19', '2018-01-30 13:33:23', '2018-02-14 10:39:32', '60541f1a-27bd-449f-93f3-6a524e2026a6'),
 ('35', '1', '1', 'proj1.jpg', 'image', '1373', '814', '538135', '2018-01-30 15:04:53', '2018-01-30 15:04:54', '2018-02-14 10:39:33', '892354b5-60c6-4966-ac72-dd0d99faf6df'),
 ('38', '1', '1', 'night.jpg', 'image', '764', '457', '180024', '2018-01-30 16:43:37', '2018-01-30 16:43:39', '2018-02-14 10:39:33', 'd4f4103b-25df-4f8f-89f0-21fe02ddf6f2'),
 ('244', '1', '1', 'AFTER-front-elevation.JPG', 'image', '4000', '2664', '1296977', '2018-02-14 10:46:44', '2018-02-14 10:46:44', '2018-02-14 10:46:44', 'e3b75f44-542a-4968-a4f3-3e135342948e'),
 ('247', '1', '1', 'home.png', 'image', '886', '589', '375358', '2018-02-14 10:50:16', '2018-02-14 10:50:16', '2018-02-14 10:50:16', '769ae1a9-5e72-481c-974f-800e86dd986f'),
 ('250', '1', '1', 'example-slide-1.jpg', 'image', '940', '529', '62772', '2018-02-14 11:02:52', '2018-02-14 11:02:52', '2018-02-14 11:02:52', 'c6222110-8f91-4e59-b16e-41a82c4cc940'),
 ('251', '1', '7', 'example-slide-1.jpg', 'image', '940', '529', '62772', '2018-02-14 11:04:18', '2018-02-14 11:04:18', '2018-02-14 11:04:18', '249bfd8b-16c0-4c65-bdf3-b0dc12623cd2'),
 ('252', '1', '9', 'example-slide-1.jpg', 'image', '940', '529', '62772', '2018-02-14 11:04:43', '2018-02-14 11:04:43', '2018-02-14 11:04:52', 'e4b514f2-2881-4d2d-9ad4-645260442618'),
 ('254', '1', '14', 'AFTER-front-elevation.JPG', 'image', '4000', '2664', '1296977', '2018-02-14 11:07:36', '2018-02-14 11:07:36', '2018-02-14 11:07:42', '4f2aef84-0152-4587-bc06-05ce8ae190f6'),
 ('256', '1', '15', 'AFTER-Front-Elevation.JPG', 'image', '4000', '3000', '1334725', '2018-02-14 11:08:59', '2018-02-14 11:08:59', '2018-02-14 11:09:03', 'ad31271f-869d-4674-a034-6615a193a52e'),
 ('257', '1', '16', 'house.jpg', 'image', '1359', '828', '132288', '2018-02-15 16:20:34', '2018-02-15 16:20:34', '2018-02-15 16:20:34', '18cba638-1ec3-4359-b04c-75a49dfebf55'),
 ('259', '1', '17', 'logo.png', 'image', '299', '131', '4126', '2018-02-15 16:35:40', '2018-02-15 16:35:40', '2018-02-15 16:35:40', '47993d69-6982-465d-8f04-0634c1c43e40'),
 ('260', '1', '17', 'thumb1.jpg', 'image', '419', '238', '35952', '2018-02-15 16:35:40', '2018-02-15 16:35:40', '2018-02-15 16:35:40', 'f522e92c-3df8-420d-9c06-dbbb0289fe4b'),
 ('261', '1', '17', 'thumb3.jpg', 'image', '392', '220', '29669', '2018-02-15 16:35:40', '2018-02-15 16:35:40', '2018-02-15 16:35:40', 'fe8c6086-e3a4-43a5-8059-11557e56d342'),
 ('263', '1', '18', 'thumb1.jpg', 'image', '419', '238', '35952', '2018-02-15 16:36:28', '2018-02-15 16:36:28', '2018-02-15 16:36:29', 'a1e038a0-1e0e-4631-88cb-1ffe2f7b7af9'),
 ('265', '1', '19', 'key.png', 'image', '16', '8', '251', '2018-02-15 16:41:17', '2018-02-15 16:41:17', '2018-02-15 16:41:17', 'd837ae42-7d13-4834-a17a-a114e39f9fb6'),
 ('267', '1', '9', 'logo.png', 'image', '299', '131', '4126', '2018-02-15 17:01:10', '2018-02-15 17:01:10', '2018-02-15 17:01:11', '7abe86e4-bbe8-4e02-b2de-b2695b8a7839'),
 ('269', '1', '20', 'footer-logo.png', 'image', '200', '167', '13100', '2018-02-15 17:08:39', '2018-02-15 17:08:39', '2018-02-15 17:08:40', '659c02fe-d705-447c-8a63-75e68c81525f'),
 ('270', '1', '20', 'thumb2.jpg', 'image', '376', '231', '21981', '2018-02-15 17:08:39', '2018-02-15 17:08:39', '2018-02-15 17:08:40', 'e2477208-4204-4f73-ab63-bcf9df1e016f'),
 ('272', '1', '21', 'house.jpg', 'image', '1359', '828', '132288', '2018-02-15 17:10:21', '2018-02-15 17:10:22', '2018-02-15 17:10:22', '382e5b21-da60-473c-86a8-15608b745636'),
 ('274', '1', '22', 'key.png', 'image', '16', '8', '251', '2018-02-15 17:13:11', '2018-02-15 17:13:11', '2018-02-15 17:13:11', '9f4f23d5-dff0-47ab-bd4c-883a313cd96f'),
 ('275', '1', '22', 'orange-text.png', 'image', '680', '417', '29403', '2018-02-15 17:13:11', '2018-02-15 17:13:11', '2018-02-15 17:13:11', 'c87e2d67-7f54-48c7-993b-ccf67d36d8f2'),
 ('277', '1', '23', 'key.png', 'image', '16', '8', '251', '2018-02-15 17:13:49', '2018-02-15 17:13:49', '2018-02-15 17:13:49', '7c6f447e-055c-4cf0-b67c-dfaa9e6c8a0b'),
 ('278', '1', '23', 'thumb1.jpg', 'image', '419', '238', '35952', '2018-02-15 17:13:49', '2018-02-15 17:13:49', '2018-02-15 17:13:49', '6d85edae-e007-489d-b94d-39425a3cd210'),
 ('279', '1', '23', 'thumb3.jpg', 'image', '392', '220', '29669', '2018-02-15 17:13:49', '2018-02-15 17:13:49', '2018-02-15 17:13:49', '513f6281-0db9-4ff1-a089-bf43fc73f6d8');



DROP TABLE IF EXISTS `craft_assetfolders`;


--
-- Schema for table `craft_assetfolders`
--
CREATE TABLE `craft_assetfolders` (
  `id` int(11) NOT NULL AUTO_INCREMENT,
  `parentId` int(11) DEFAULT NULL,
  `sourceId` int(11) DEFAULT NULL,
  `name` varchar(255) COLLATE utf8_unicode_ci NOT NULL,
  `path` varchar(255) COLLATE utf8_unicode_ci DEFAULT NULL,
  `dateCreated` datetime NOT NULL,
  `dateUpdated` datetime NOT NULL,
  `uid` char(36) COLLATE utf8_unicode_ci NOT NULL DEFAULT '0',
  PRIMARY KEY (`id`),
  UNIQUE KEY `craft_assetfolders_name_parentId_sourceId_unq_idx` (`name`,`parentId`,`sourceId`),
  KEY `craft_assetfolders_parentId_fk` (`parentId`),
  KEY `craft_assetfolders_sourceId_fk` (`sourceId`)
) ENGINE=InnoDB AUTO_INCREMENT=24 DEFAULT CHARSET=utf8 COLLATE=utf8_unicode_ci;

--
-- Data for table `craft_assetfolders`
--

INSERT INTO `craft_assetfolders` (`id`, `parentId`, `sourceId`, `name`, `path`, `dateCreated`, `dateUpdated`, `uid`) VALUES
 ('1', NULL, '1', 'Images', '', '2018-01-26 15:57:38', '2018-01-26 15:57:38', 'f21f6e0d-bffe-4a9b-a450-5244a3c6d77b'),
 ('2', NULL, NULL, 'Temporary source', NULL, '2018-02-14 10:31:06', '2018-02-14 10:31:06', '2b078755-e7e4-4b91-a455-3d24cd15369d'),
 ('3', '2', NULL, 'user_1', 'user_1/', '2018-02-14 10:31:06', '2018-02-14 10:31:06', 'b23f2afa-e7bb-4efa-a978-2e66afba030f'),
 ('4', '3', NULL, 'field_7', 'user_1/field_7/', '2018-02-14 10:31:06', '2018-02-14 10:31:06', '9fb65e7c-5092-43bf-bfe2-5e69b69b8065'),
 ('5', '1', '1', 'le-rocher', 'le-rocher/', '2018-02-14 10:36:17', '2018-02-14 10:36:17', '86ee3e9f-afe1-49b1-8464-66d5af46bb8f'),
 ('6', '1', '1', '5-jardin-des-cures', '5-jardin-des-cures/', '2018-02-14 10:38:19', '2018-02-14 10:38:19', 'c1df9965-4d6e-4731-a870-0131ca8bb8b9'),
 ('7', '1', '1', 'ff', 'ff/', '2018-02-14 10:46:48', '2018-02-14 10:46:48', 'bb6d25d5-5b9d-4ae0-b223-a79bab12c5ed'),
 ('8', '3', NULL, 'field_3', 'user_1/field_3/', '2018-02-14 11:04:36', '2018-02-14 11:04:36', '2b4641fc-f8f6-4c26-a21c-5eff2dcf0c30'),
 ('9', '1', '1', 'wef', 'wef/', '2018-02-14 11:04:52', '2018-02-14 11:04:52', '180e7196-1a15-423e-b3e7-a485b310346b'),
 ('10', '3', NULL, 'field_36', 'user_1/field_36/', '2018-02-14 11:07:20', '2018-02-14 11:07:20', 'bbd200b0-b841-462a-8bcc-2e042fd7f54d'),
 ('11', '3', NULL, 'field_10', 'user_1/field_10/', '2018-02-14 11:07:20', '2018-02-14 11:07:20', '4d834268-0c8b-4b90-b3fd-70f05e0ebd74'),
 ('12', '3', NULL, 'field_14', 'user_1/field_14/', '2018-02-14 11:07:20', '2018-02-14 11:07:20', 'abc6099d-44f9-4620-858e-bcc6a18b8ca8'),
 ('13', '3', NULL, 'field_35', 'user_1/field_35/', '2018-02-14 11:07:20', '2018-02-14 11:07:20', '2cf22519-2215-4181-82de-1c556704b966'),
 ('14', '1', '1', 'test1', 'test1/', '2018-02-14 11:07:41', '2018-02-14 11:07:41', 'a50ef2c9-eba6-4a91-8bc7-87c0014af1f1'),
 ('15', '1', '1', 'test2', 'test2/', '2018-02-14 11:09:03', '2018-02-14 11:09:03', '2baec1f2-ac5c-4deb-9187-b2e44e553dee'),
 ('16', '1', '1', 'ffff', 'ffff/', '2018-02-15 16:20:34', '2018-02-15 16:20:34', '29d2a54a-0077-4d78-bf48-68f66f180485'),
 ('17', '1', '1', 'wefwef', 'wefwef/', '2018-02-15 16:35:40', '2018-02-15 16:35:40', '70bc98a4-ec77-42f8-bcc7-5f8a1f69df9d'),
 ('18', '1', '1', 'wefwef-1', 'wefwef-1/', '2018-02-15 16:36:29', '2018-02-15 16:36:29', 'ab5a6e55-064a-44b6-9f7c-f2d86d30b9d2'),
 ('19', '1', '1', 'sf', 'sf/', '2018-02-15 16:41:17', '2018-02-15 16:41:17', 'fe46485f-344e-417b-9a1e-f1207cbcd367'),
 ('20', '1', '1', 'wef-1', 'wef-1/', '2018-02-15 17:08:40', '2018-02-15 17:08:40', '5012aa55-f78e-4232-8f4b-b47d7a387590'),
 ('21', '1', '1', 'fff', 'fff/', '2018-02-15 17:10:22', '2018-02-15 17:10:22', '1565fddd-2f3f-434f-a0a6-064610bfb28b'),
 ('22', '1', '1', 'wsasa', 'wsasa/', '2018-02-15 17:13:11', '2018-02-15 17:13:11', 'ed23f8e6-4381-4f33-a4c4-05ab78e344e7'),
 ('23', '1', '1', 'testest', 'testest/', '2018-02-15 17:13:49', '2018-02-15 17:13:49', '2fea5872-1bf9-422c-828f-0209ec24ee65');



DROP TABLE IF EXISTS `craft_assetindexdata`;


--
-- Schema for table `craft_assetindexdata`
--
CREATE TABLE `craft_assetindexdata` (
  `id` int(11) NOT NULL AUTO_INCREMENT,
  `sessionId` varchar(36) COLLATE utf8_unicode_ci NOT NULL DEFAULT '',
  `sourceId` int(10) NOT NULL,
  `offset` int(10) NOT NULL,
  `uri` varchar(255) COLLATE utf8_unicode_ci DEFAULT NULL,
  `size` varchar(255) COLLATE utf8_unicode_ci DEFAULT NULL,
  `recordId` int(10) DEFAULT NULL,
  `dateCreated` datetime NOT NULL,
  `dateUpdated` datetime NOT NULL,
  `uid` char(36) COLLATE utf8_unicode_ci NOT NULL DEFAULT '0',
  PRIMARY KEY (`id`),
  UNIQUE KEY `craft_assetindexdata_sessionId_sourceId_offset_unq_idx` (`sessionId`,`sourceId`,`offset`),
  KEY `craft_assetindexdata_sourceId_fk` (`sourceId`)
) ENGINE=InnoDB DEFAULT CHARSET=utf8 COLLATE=utf8_unicode_ci;

DROP TABLE IF EXISTS `craft_assetsources`;


--
-- Schema for table `craft_assetsources`
--
CREATE TABLE `craft_assetsources` (
  `id` int(11) NOT NULL AUTO_INCREMENT,
  `name` varchar(255) COLLATE utf8_unicode_ci NOT NULL,
  `handle` varchar(255) COLLATE utf8_unicode_ci NOT NULL,
  `type` varchar(150) COLLATE utf8_unicode_ci NOT NULL,
  `settings` text COLLATE utf8_unicode_ci,
  `sortOrder` smallint(6) unsigned DEFAULT NULL,
  `fieldLayoutId` int(10) DEFAULT NULL,
  `dateCreated` datetime NOT NULL,
  `dateUpdated` datetime NOT NULL,
  `uid` char(36) COLLATE utf8_unicode_ci NOT NULL DEFAULT '0',
  PRIMARY KEY (`id`),
  UNIQUE KEY `craft_assetsources_name_unq_idx` (`name`),
  UNIQUE KEY `craft_assetsources_handle_unq_idx` (`handle`),
  KEY `craft_assetsources_fieldLayoutId_fk` (`fieldLayoutId`)
) ENGINE=InnoDB AUTO_INCREMENT=2 DEFAULT CHARSET=utf8 COLLATE=utf8_unicode_ci;

--
-- Data for table `craft_assetsources`
--

INSERT INTO `craft_assetsources` (`id`, `name`, `handle`, `type`, `settings`, `sortOrder`, `fieldLayoutId`, `dateCreated`, `dateUpdated`, `uid`) VALUES
 ('1', 'Images', 'images', 'Local', '{\"path\":\"res\\/img\\/projects\\/\",\"publicURLs\":\"1\",\"url\":\"http:\\/\\/localhost\\/aja\\/res\\/img\\/projects\\/\"}', '1', '10', '2018-01-26 15:57:38', '2018-01-30 11:07:44', 'dd6c9178-ed8c-4639-acf5-a3964e601e7c');



DROP TABLE IF EXISTS `craft_assettransformindex`;


--
-- Schema for table `craft_assettransformindex`
--
CREATE TABLE `craft_assettransformindex` (
  `id` int(11) NOT NULL AUTO_INCREMENT,
  `fileId` int(11) NOT NULL,
  `filename` varchar(255) COLLATE utf8_unicode_ci DEFAULT NULL,
  `format` varchar(255) COLLATE utf8_unicode_ci DEFAULT NULL,
  `location` varchar(255) COLLATE utf8_unicode_ci NOT NULL,
  `sourceId` int(11) DEFAULT NULL,
  `fileExists` tinyint(1) DEFAULT NULL,
  `inProgress` tinyint(1) DEFAULT NULL,
  `dateIndexed` datetime DEFAULT NULL,
  `dateCreated` datetime NOT NULL,
  `dateUpdated` datetime NOT NULL,
  `uid` char(36) COLLATE utf8_unicode_ci NOT NULL DEFAULT '0',
  PRIMARY KEY (`id`),
  KEY `craft_assettransformindex_sourceId_fileId_location_idx` (`sourceId`,`fileId`,`location`)
) ENGINE=InnoDB DEFAULT CHARSET=utf8 COLLATE=utf8_unicode_ci;

DROP TABLE IF EXISTS `craft_assettransforms`;


--
-- Schema for table `craft_assettransforms`
--
CREATE TABLE `craft_assettransforms` (
  `id` int(11) NOT NULL AUTO_INCREMENT,
  `name` varchar(255) COLLATE utf8_unicode_ci NOT NULL,
  `handle` varchar(255) COLLATE utf8_unicode_ci NOT NULL,
  `mode` enum('stretch','fit','crop') COLLATE utf8_unicode_ci NOT NULL DEFAULT 'crop',
  `position` enum('top-left','top-center','top-right','center-left','center-center','center-right','bottom-left','bottom-center','bottom-right') COLLATE utf8_unicode_ci NOT NULL DEFAULT 'center-center',
  `height` int(10) DEFAULT NULL,
  `width` int(10) DEFAULT NULL,
  `format` varchar(255) COLLATE utf8_unicode_ci DEFAULT NULL,
  `quality` int(10) DEFAULT NULL,
  `dimensionChangeTime` datetime DEFAULT NULL,
  `dateCreated` datetime NOT NULL,
  `dateUpdated` datetime NOT NULL,
  `uid` char(36) COLLATE utf8_unicode_ci NOT NULL DEFAULT '0',
  PRIMARY KEY (`id`),
  UNIQUE KEY `craft_assettransforms_name_unq_idx` (`name`),
  UNIQUE KEY `craft_assettransforms_handle_unq_idx` (`handle`)
) ENGINE=InnoDB AUTO_INCREMENT=2 DEFAULT CHARSET=utf8 COLLATE=utf8_unicode_ci;

--
-- Data for table `craft_assettransforms`
--

INSERT INTO `craft_assettransforms` (`id`, `name`, `handle`, `mode`, `position`, `height`, `width`, `format`, `quality`, `dimensionChangeTime`, `dateCreated`, `dateUpdated`, `uid`) VALUES
 ('1', 'Edit', 'edit', 'fit', 'center-center', NULL, '600', 'jpg', '82', '2018-02-02 13:45:55', '2018-02-02 13:45:55', '2018-02-02 13:45:55', 'e092ff83-5919-474a-a1aa-0edc54c90662');



DROP TABLE IF EXISTS `craft_categories`;


--
-- Schema for table `craft_categories`
--
CREATE TABLE `craft_categories` (
  `id` int(11) NOT NULL,
  `groupId` int(11) NOT NULL,
  `dateCreated` datetime NOT NULL,
  `dateUpdated` datetime NOT NULL,
  `uid` char(36) COLLATE utf8_unicode_ci NOT NULL DEFAULT '0',
  PRIMARY KEY (`id`),
  KEY `craft_categories_groupId_fk` (`groupId`)
) ENGINE=InnoDB DEFAULT CHARSET=utf8 COLLATE=utf8_unicode_ci;

DROP TABLE IF EXISTS `craft_categorygroups`;


--
-- Schema for table `craft_categorygroups`
--
CREATE TABLE `craft_categorygroups` (
  `id` int(11) NOT NULL AUTO_INCREMENT,
  `structureId` int(11) NOT NULL,
  `fieldLayoutId` int(11) DEFAULT NULL,
  `name` varchar(255) COLLATE utf8_unicode_ci NOT NULL,
  `handle` varchar(255) COLLATE utf8_unicode_ci NOT NULL,
  `hasUrls` tinyint(1) unsigned NOT NULL DEFAULT '1',
  `template` varchar(500) COLLATE utf8_unicode_ci DEFAULT NULL,
  `dateCreated` datetime NOT NULL,
  `dateUpdated` datetime NOT NULL,
  `uid` char(36) COLLATE utf8_unicode_ci NOT NULL DEFAULT '0',
  PRIMARY KEY (`id`),
  UNIQUE KEY `craft_categorygroups_name_unq_idx` (`name`),
  UNIQUE KEY `craft_categorygroups_handle_unq_idx` (`handle`),
  KEY `craft_categorygroups_structureId_fk` (`structureId`),
  KEY `craft_categorygroups_fieldLayoutId_fk` (`fieldLayoutId`)
) ENGINE=InnoDB DEFAULT CHARSET=utf8 COLLATE=utf8_unicode_ci;

DROP TABLE IF EXISTS `craft_categorygroups_i18n`;


--
-- Schema for table `craft_categorygroups_i18n`
--
CREATE TABLE `craft_categorygroups_i18n` (
  `id` int(11) NOT NULL AUTO_INCREMENT,
  `groupId` int(11) NOT NULL,
  `locale` char(12) COLLATE utf8_unicode_ci NOT NULL,
  `urlFormat` text COLLATE utf8_unicode_ci,
  `nestedUrlFormat` text COLLATE utf8_unicode_ci,
  `dateCreated` datetime NOT NULL,
  `dateUpdated` datetime NOT NULL,
  `uid` char(36) COLLATE utf8_unicode_ci NOT NULL DEFAULT '0',
  PRIMARY KEY (`id`),
  UNIQUE KEY `craft_categorygroups_i18n_groupId_locale_unq_idx` (`groupId`,`locale`),
  KEY `craft_categorygroups_i18n_locale_fk` (`locale`)
) ENGINE=InnoDB DEFAULT CHARSET=utf8 COLLATE=utf8_unicode_ci;

DROP TABLE IF EXISTS `craft_content`;


--
-- Schema for table `craft_content`
--
CREATE TABLE `craft_content` (
  `id` int(11) NOT NULL AUTO_INCREMENT,
  `elementId` int(11) NOT NULL,
  `locale` char(12) COLLATE utf8_unicode_ci NOT NULL,
  `title` varchar(255) COLLATE utf8_unicode_ci DEFAULT NULL,
  `field_body` text COLLATE utf8_unicode_ci,
  `field_ajaMembershipNo` text COLLATE utf8_unicode_ci,
  `field_arbMembershipNo` text COLLATE utf8_unicode_ci,
  `field_ribaMembershipNo` text COLLATE utf8_unicode_ci,
  `field_phoneNumber` text COLLATE utf8_unicode_ci,
  `field_personalProfile` text COLLATE utf8_unicode_ci,
  `field_facebookLink` text COLLATE utf8_unicode_ci,
  `field_twitterLink` text COLLATE utf8_unicode_ci,
  `field_instagramLink` text COLLATE utf8_unicode_ci,
  `field_linkedinLink` text COLLATE utf8_unicode_ci,
  `field_pinterestLink` text COLLATE utf8_unicode_ci,
  `field_companyWebsite` text COLLATE utf8_unicode_ci,
  `field_company` text COLLATE utf8_unicode_ci,
  `field_location` text COLLATE utf8_unicode_ci,
  `field_website` text COLLATE utf8_unicode_ci,
  `field_architect` text COLLATE utf8_unicode_ci,
  `field_abstract` varchar(180) COLLATE utf8_unicode_ci DEFAULT NULL,
  `dateCreated` datetime NOT NULL,
  `dateUpdated` datetime NOT NULL,
  `uid` char(36) COLLATE utf8_unicode_ci NOT NULL DEFAULT '0',
  PRIMARY KEY (`id`),
  UNIQUE KEY `craft_content_elementId_locale_unq_idx` (`elementId`,`locale`),
  KEY `craft_content_title_idx` (`title`),
  KEY `craft_content_locale_fk` (`locale`)
) ENGINE=InnoDB AUTO_INCREMENT=258 DEFAULT CHARSET=utf8 COLLATE=utf8_unicode_ci;

--
-- Data for table `craft_content`
--

INSERT INTO `craft_content` (`id`, `elementId`, `locale`, `title`, `field_body`, `field_ajaMembershipNo`, `field_arbMembershipNo`, `field_ribaMembershipNo`, `field_phoneNumber`, `field_personalProfile`, `field_facebookLink`, `field_twitterLink`, `field_instagramLink`, `field_linkedinLink`, `field_pinterestLink`, `field_companyWebsite`, `field_company`, `field_location`, `field_website`, `field_architect`, `field_abstract`, `dateCreated`, `dateUpdated`, `uid`) VALUES
 ('1', '1', 'en_gb', NULL, NULL, 'aja', 'arb', 'riba', '', '', '', '', '', '', '', 'company', NULL, NULL, NULL, NULL, NULL, '2018-01-18 10:53:34', '2018-02-05 09:38:10', '076c7d8b-3971-4eb6-b6b6-22fbd634c6da'),
 ('2', '2', 'en_gb', 'Welcome to Localhost!', '<p>It’s true, this site doesn’t have a whole lot of content yet, but don’t worry. Our web developers have just installed the CMS, and they’re setting things up for the content editors this very moment. Soon Localhost will be an oasis of fresh perspectives, sharp analyses, and astute opinions that will keep you coming back again and again.</p>', NULL, NULL, NULL, NULL, NULL, NULL, NULL, NULL, NULL, NULL, NULL, NULL, NULL, NULL, NULL, NULL, '2018-01-18 10:53:40', '2018-01-18 10:53:40', '22ed35e7-9599-4461-a76f-0d5250d8a878'),
 ('3', '3', 'en_gb', 'We just installed Craft!', '<p>Craft is the CMS that’s powering Localhost. It’s beautiful, powerful, flexible, and easy-to-use, and it’s made by Pixel &amp; Tonic. We can’t wait to dive in and see what it’s capable of!</p><!--pagebreak--><p>This is even more captivating content, which you couldn’t see on the News index page because it was entered after a Page Break, and the News index template only likes to show the content on the first page.</p><p>Craft: a nice alternative to Word, if you’re making a website.</p>', NULL, NULL, NULL, NULL, NULL, NULL, NULL, NULL, NULL, NULL, NULL, NULL, NULL, NULL, NULL, NULL, '2018-01-18 10:53:41', '2018-01-18 10:53:41', '16da4ba5-178f-4478-be23-3fddc860135a'),
 ('4', '4', 'en_gb', 'Example project 1', NULL, NULL, NULL, NULL, NULL, NULL, NULL, NULL, NULL, NULL, NULL, NULL, 'Godel Architects', 'St Peter, Jersey', 'www.godelarchitects.com', 'John smitg', 'Lorem ipsum dolor sit amet, consectetuer adipiscing elit, sed diam nonummy nibh euismod tincidunt ut laoreet dolore magna aliquam erat volutpat. Ut wisi enim ad minim', '2018-01-26 15:51:25', '2018-02-14 09:47:06', '15531b07-3247-4bb6-b394-ca9d65197d4a'),
 ('6', '6', 'en_gb', 'Proj1', NULL, NULL, NULL, NULL, NULL, NULL, NULL, NULL, NULL, NULL, NULL, NULL, NULL, NULL, NULL, NULL, NULL, '2018-01-30 11:17:18', '2018-02-14 10:39:33', 'd6d58bd8-bc18-4409-9591-d8204d27708f'),
 ('9', '9', 'en_gb', 'Untitled 2', NULL, NULL, NULL, NULL, NULL, NULL, NULL, NULL, NULL, NULL, NULL, NULL, NULL, NULL, NULL, NULL, NULL, '2018-01-30 12:32:33', '2018-02-14 10:39:32', '1abc7863-4607-4ab0-9b47-83d992fd7508'),
 ('10', '10', 'en_gb', 'Untitled 3', NULL, NULL, NULL, NULL, NULL, NULL, NULL, NULL, NULL, NULL, NULL, NULL, NULL, NULL, NULL, NULL, NULL, '2018-01-30 12:32:33', '2018-02-14 10:39:32', '73a27340-16c6-41e7-b334-455c2feee9c3'),
 ('17', '18', 'en_gb', 'Thumb', NULL, NULL, NULL, NULL, NULL, NULL, NULL, NULL, NULL, NULL, NULL, NULL, NULL, NULL, NULL, NULL, NULL, '2018-01-30 13:31:15', '2018-02-14 10:39:33', '7a75b452-1dab-4afa-ada4-add716b3e2a0'),
 ('18', '19', 'en_gb', 'Thumb2', NULL, NULL, NULL, NULL, NULL, NULL, NULL, NULL, NULL, NULL, NULL, NULL, NULL, NULL, NULL, NULL, NULL, '2018-01-30 13:31:15', '2018-02-14 10:39:34', '743da390-b4b1-4c9c-a718-abd728f6bb15'),
 ('19', '20', 'en_gb', 'Untitled 1', NULL, NULL, NULL, NULL, NULL, NULL, NULL, NULL, NULL, NULL, NULL, NULL, NULL, NULL, NULL, NULL, NULL, '2018-01-30 13:31:15', '2018-02-14 10:39:32', '5e388166-f271-463b-9ea3-edc08f7bc3d9'),
 ('28', '29', 'en_gb', 'Thumbt', NULL, NULL, NULL, NULL, NULL, NULL, NULL, NULL, NULL, NULL, NULL, NULL, NULL, NULL, NULL, NULL, NULL, '2018-01-30 13:33:23', '2018-02-14 10:39:34', '0218118c-a8f8-4f86-a478-8515236c5057'),
 ('29', '30', 'en_gb', 'Untitled 1F', NULL, NULL, NULL, NULL, NULL, NULL, NULL, NULL, NULL, NULL, NULL, NULL, NULL, NULL, NULL, NULL, NULL, '2018-01-30 13:33:23', '2018-02-14 10:39:32', 'e75a62f6-d9d3-4242-b7b8-d4e249e390ae'),
 ('32', '35', 'en_gb', 'Proj1', NULL, NULL, NULL, NULL, NULL, NULL, NULL, NULL, NULL, NULL, NULL, NULL, NULL, NULL, NULL, NULL, NULL, '2018-01-30 15:04:54', '2018-02-14 10:39:33', 'da435bed-c2ed-484a-a1b8-274c2359d733'),
 ('34', '38', 'en_gb', 'Night', NULL, NULL, NULL, NULL, NULL, NULL, NULL, NULL, NULL, NULL, NULL, NULL, NULL, NULL, NULL, NULL, NULL, '2018-01-30 16:43:39', '2018-02-14 10:39:33', '21a2bdab-1aa4-424f-b82c-f641f1f9536e'),
 ('104', '109', 'en_gb', NULL, NULL, 'v', 'h', 'h', '', NULL, '', '', '', '', '', '', NULL, NULL, NULL, NULL, NULL, '2018-02-02 16:29:40', '2018-02-02 16:29:40', '3c2e4aae-bf55-47ef-844f-59d0cc9fdd35'),
 ('222', '244', 'en_gb', 'After Front Elevation', NULL, NULL, NULL, NULL, NULL, NULL, NULL, NULL, NULL, NULL, NULL, NULL, NULL, NULL, NULL, NULL, NULL, '2018-02-14 10:46:44', '2018-02-14 10:46:44', '641818cc-a9db-4ac1-96ad-42bb134d1b4b'),
 ('224', '247', 'en_gb', 'Home', NULL, NULL, NULL, NULL, NULL, NULL, NULL, NULL, NULL, NULL, NULL, NULL, NULL, NULL, NULL, NULL, NULL, '2018-02-14 10:50:16', '2018-02-14 10:50:16', '42341e51-dbb9-45f5-9ab4-ef7571d97453'),
 ('227', '250', 'en_gb', 'Example Slide 1', NULL, NULL, NULL, NULL, NULL, NULL, NULL, NULL, NULL, NULL, NULL, NULL, NULL, NULL, NULL, NULL, NULL, '2018-02-14 11:02:52', '2018-02-14 11:02:52', '89553f1d-9e00-4ad3-a201-bc15c904122c'),
 ('228', '251', 'en_gb', 'Example Slide 1', NULL, NULL, NULL, NULL, NULL, NULL, NULL, NULL, NULL, NULL, NULL, NULL, NULL, NULL, NULL, NULL, NULL, '2018-02-14 11:04:18', '2018-02-14 11:04:18', '0e643486-58dc-4622-bd5a-399d4ac1ae28'),
 ('229', '252', 'en_gb', 'Example Slide 1', NULL, NULL, NULL, NULL, NULL, NULL, NULL, NULL, NULL, NULL, NULL, NULL, NULL, NULL, NULL, NULL, NULL, '2018-02-14 11:04:43', '2018-02-14 11:04:52', '8bb589fb-eaad-4f61-b22f-52f9ced8097c'),
 ('231', '254', 'en_gb', 'After Front Elevation', NULL, NULL, NULL, NULL, NULL, NULL, NULL, NULL, NULL, NULL, NULL, NULL, NULL, NULL, NULL, NULL, NULL, '2018-02-14 11:07:36', '2018-02-14 11:07:42', '57ac5472-6646-48d0-b7a9-f9efd11342c8'),
 ('233', '256', 'en_gb', 'After Front Elevation', NULL, NULL, NULL, NULL, NULL, NULL, NULL, NULL, NULL, NULL, NULL, NULL, NULL, NULL, NULL, NULL, NULL, '2018-02-14 11:08:59', '2018-02-14 11:09:03', '371e35ef-e7be-4d9c-ac2e-3a5d72596877'),
 ('234', '257', 'en_gb', 'House', NULL, NULL, NULL, NULL, NULL, NULL, NULL, NULL, NULL, NULL, NULL, NULL, NULL, NULL, NULL, NULL, NULL, '2018-02-15 16:20:34', '2018-02-15 16:20:34', 'b76369c2-5bb5-4e51-be20-56b1115e2273'),
 ('236', '259', 'en_gb', 'Logo', NULL, NULL, NULL, NULL, NULL, NULL, NULL, NULL, NULL, NULL, NULL, NULL, NULL, NULL, NULL, NULL, NULL, '2018-02-15 16:35:40', '2018-02-15 16:35:40', '0f8628c1-09f0-4eb7-aa1e-975a81eb8f6e'),
 ('237', '260', 'en_gb', 'Thumb1', NULL, NULL, NULL, NULL, NULL, NULL, NULL, NULL, NULL, NULL, NULL, NULL, NULL, NULL, NULL, NULL, NULL, '2018-02-15 16:35:40', '2018-02-15 16:35:40', '578a8046-14f3-4f3a-8996-d06df5bd2a92'),
 ('238', '261', 'en_gb', 'Thumb3', NULL, NULL, NULL, NULL, NULL, NULL, NULL, NULL, NULL, NULL, NULL, NULL, NULL, NULL, NULL, NULL, NULL, '2018-02-15 16:35:40', '2018-02-15 16:35:40', '6aaf4145-d8a9-457d-aebb-f26f4c010a71'),
 ('240', '263', 'en_gb', 'Thumb1', NULL, NULL, NULL, NULL, NULL, NULL, NULL, NULL, NULL, NULL, NULL, NULL, NULL, NULL, NULL, NULL, NULL, '2018-02-15 16:36:28', '2018-02-15 16:36:29', 'daa0b085-b5d2-4d01-bdf5-c59d333c07b6'),
 ('242', '265', 'en_gb', 'Key', NULL, NULL, NULL, NULL, NULL, NULL, NULL, NULL, NULL, NULL, NULL, NULL, NULL, NULL, NULL, NULL, NULL, '2018-02-15 16:41:17', '2018-02-15 16:41:17', '11a8454d-34f6-43e8-8594-64afb854db36'),
 ('244', '267', 'en_gb', 'Logo', NULL, NULL, NULL, NULL, NULL, NULL, NULL, NULL, NULL, NULL, NULL, NULL, NULL, NULL, NULL, NULL, NULL, '2018-02-15 17:01:10', '2018-02-15 17:01:11', '2e3d8dad-e933-4d31-81bf-d08184a4d187'),
 ('246', '269', 'en_gb', 'Footer Logo', NULL, NULL, NULL, NULL, NULL, NULL, NULL, NULL, NULL, NULL, NULL, NULL, NULL, NULL, NULL, NULL, NULL, '2018-02-15 17:08:39', '2018-02-15 17:08:40', '99dace19-a07d-40bb-a91b-a9a275553dbe'),
 ('247', '270', 'en_gb', 'Thumb2', NULL, NULL, NULL, NULL, NULL, NULL, NULL, NULL, NULL, NULL, NULL, NULL, NULL, NULL, NULL, NULL, NULL, '2018-02-15 17:08:39', '2018-02-15 17:08:40', 'ed2eaed2-37b9-4daf-bf19-da4cd27f1e16'),
 ('249', '272', 'en_gb', 'House', NULL, NULL, NULL, NULL, NULL, NULL, NULL, NULL, NULL, NULL, NULL, NULL, NULL, NULL, NULL, NULL, NULL, '2018-02-15 17:10:22', '2018-02-15 17:10:22', '8c888b27-6f00-4acd-a057-c115076771b3'),
 ('250', '273', 'en_gb', 'fff', NULL, NULL, NULL, NULL, NULL, NULL, NULL, NULL, NULL, NULL, NULL, NULL, '', '', '', NULL, 'fff', '2018-02-15 17:10:22', '2018-02-15 17:10:22', '9d666eb7-125e-4250-8f85-e4952869e540'),
 ('251', '274', 'en_gb', 'Key', NULL, NULL, NULL, NULL, NULL, NULL, NULL, NULL, NULL, NULL, NULL, NULL, NULL, NULL, NULL, NULL, NULL, '2018-02-15 17:13:11', '2018-02-15 17:13:11', '4e1181ad-bb3f-4bbb-b9ae-737deae752e0'),
 ('252', '275', 'en_gb', 'Orange Text', NULL, NULL, NULL, NULL, NULL, NULL, NULL, NULL, NULL, NULL, NULL, NULL, NULL, NULL, NULL, NULL, NULL, '2018-02-15 17:13:11', '2018-02-15 17:13:11', '0a2f9f98-5b0e-4cba-adfd-97afb738be49'),
 ('253', '276', 'en_gb', 'wsasa', NULL, NULL, NULL, NULL, NULL, NULL, NULL, NULL, NULL, NULL, NULL, NULL, '', '', '', NULL, '', '2018-02-15 17:13:11', '2018-02-15 17:13:11', '6ce6677c-2d41-4fc1-9bf8-0df290ffb19c'),
 ('254', '277', 'en_gb', 'Key', NULL, NULL, NULL, NULL, NULL, NULL, NULL, NULL, NULL, NULL, NULL, NULL, NULL, NULL, NULL, NULL, NULL, '2018-02-15 17:13:49', '2018-02-15 17:13:49', '96e45de5-2d4b-461b-bf8f-a790e90db3a0'),
 ('255', '278', 'en_gb', 'Thumb1', NULL, NULL, NULL, NULL, NULL, NULL, NULL, NULL, NULL, NULL, NULL, NULL, NULL, NULL, NULL, NULL, NULL, '2018-02-15 17:13:49', '2018-02-15 17:13:49', '29bbbee8-c913-4c52-a5fd-444250ec6357'),
 ('256', '279', 'en_gb', 'Thumb3', NULL, NULL, NULL, NULL, NULL, NULL, NULL, NULL, NULL, NULL, NULL, NULL, NULL, NULL, NULL, NULL, NULL, '2018-02-15 17:13:49', '2018-02-15 17:13:49', 'ed3013c2-42e0-4fd8-ac31-b09c36d825bd'),
 ('257', '280', 'en_gb', 'testest', NULL, NULL, NULL, NULL, NULL, NULL, NULL, NULL, NULL, NULL, NULL, NULL, '', '', '', NULL, '', '2018-02-15 17:13:49', '2018-02-15 17:13:49', 'a3da911b-f2f0-4708-9b41-70a0896b68f8');



DROP TABLE IF EXISTS `craft_deprecationerrors`;


--
-- Schema for table `craft_deprecationerrors`
--
CREATE TABLE `craft_deprecationerrors` (
  `id` int(11) NOT NULL AUTO_INCREMENT,
  `key` varchar(255) COLLATE utf8_unicode_ci NOT NULL,
  `fingerprint` varchar(255) COLLATE utf8_unicode_ci NOT NULL,
  `lastOccurrence` datetime NOT NULL,
  `file` varchar(255) COLLATE utf8_unicode_ci NOT NULL,
  `line` smallint(6) unsigned NOT NULL,
  `class` varchar(255) COLLATE utf8_unicode_ci DEFAULT NULL,
  `method` varchar(255) COLLATE utf8_unicode_ci DEFAULT NULL,
  `template` varchar(255) COLLATE utf8_unicode_ci DEFAULT NULL,
  `templateLine` smallint(6) unsigned DEFAULT NULL,
  `message` varchar(255) COLLATE utf8_unicode_ci DEFAULT NULL,
  `traces` text COLLATE utf8_unicode_ci,
  `dateCreated` datetime NOT NULL,
  `dateUpdated` datetime NOT NULL,
  `uid` char(36) COLLATE utf8_unicode_ci NOT NULL DEFAULT '0',
  PRIMARY KEY (`id`),
  UNIQUE KEY `craft_deprecationerrors_key_fingerprint_unq_idx` (`key`,`fingerprint`)
) ENGINE=InnoDB DEFAULT CHARSET=utf8 COLLATE=utf8_unicode_ci;

DROP TABLE IF EXISTS `craft_elementindexsettings`;


--
-- Schema for table `craft_elementindexsettings`
--
CREATE TABLE `craft_elementindexsettings` (
  `id` int(11) NOT NULL AUTO_INCREMENT,
  `type` varchar(150) COLLATE utf8_unicode_ci NOT NULL,
  `settings` text COLLATE utf8_unicode_ci,
  `dateCreated` datetime NOT NULL,
  `dateUpdated` datetime NOT NULL,
  `uid` char(36) COLLATE utf8_unicode_ci NOT NULL DEFAULT '0',
  PRIMARY KEY (`id`),
  UNIQUE KEY `craft_elementindexsettings_type_unq_idx` (`type`)
) ENGINE=InnoDB AUTO_INCREMENT=2 DEFAULT CHARSET=utf8 COLLATE=utf8_unicode_ci;

--
-- Data for table `craft_elementindexsettings`
--

INSERT INTO `craft_elementindexsettings` (`id`, `type`, `settings`, `dateCreated`, `dateUpdated`, `uid`) VALUES
 ('1', 'Asset', '{\"sources\":{\"folder:1\":{\"tableAttributes\":{\"1\":\"filename\",\"2\":\"size\",\"3\":\"dateModified\",\"4\":\"id\"}}}}', '2018-02-02 12:26:21', '2018-02-02 12:26:21', '27e73ae3-bbd0-4eb6-a2a2-3c4762759768');



DROP TABLE IF EXISTS `craft_elements`;


--
-- Schema for table `craft_elements`
--
CREATE TABLE `craft_elements` (
  `id` int(11) NOT NULL AUTO_INCREMENT,
  `type` varchar(150) COLLATE utf8_unicode_ci NOT NULL,
  `enabled` tinyint(1) unsigned NOT NULL DEFAULT '1',
  `archived` tinyint(1) unsigned NOT NULL DEFAULT '0',
  `dateCreated` datetime NOT NULL,
  `dateUpdated` datetime NOT NULL,
  `uid` char(36) COLLATE utf8_unicode_ci NOT NULL DEFAULT '0',
  PRIMARY KEY (`id`),
  KEY `craft_elements_type_idx` (`type`),
  KEY `craft_elements_enabled_idx` (`enabled`),
  KEY `craft_elements_archived_dateCreated_idx` (`archived`,`dateCreated`)
) ENGINE=InnoDB AUTO_INCREMENT=281 DEFAULT CHARSET=utf8 COLLATE=utf8_unicode_ci;

--
-- Data for table `craft_elements`
--

INSERT INTO `craft_elements` (`id`, `type`, `enabled`, `archived`, `dateCreated`, `dateUpdated`, `uid`) VALUES
 ('1', 'User', '1', '0', '2018-01-18 10:53:34', '2018-02-05 09:38:10', 'af2fa7ac-ac84-44c0-ae94-f950173b1e4f'),
 ('2', 'Entry', '1', '0', '2018-01-18 10:53:40', '2018-01-18 10:53:40', '40d66dda-8af4-428f-a8e7-78fdd9f1d252'),
 ('3', 'Entry', '1', '0', '2018-01-18 10:53:41', '2018-01-18 10:53:41', '0bbddb90-de61-47a1-a2ae-3c45e2f91163'),
 ('4', 'Entry', '1', '0', '2018-01-26 15:51:25', '2018-02-14 09:47:06', '073c266e-4265-47b3-bf39-1cdc5c723ff1'),
 ('6', 'Asset', '1', '0', '2018-01-30 11:17:18', '2018-02-14 10:39:33', 'fcc8ffa0-4adf-4df5-b7ad-5ee8383f6c7d'),
 ('9', 'Asset', '1', '0', '2018-01-30 12:32:33', '2018-02-14 10:39:32', 'e232c0fe-484c-4ba1-824c-8e175c38f0c1'),
 ('10', 'Asset', '1', '0', '2018-01-30 12:32:33', '2018-02-14 10:39:32', 'a99e87e9-02b4-4a5d-b74f-f1849454ecb0'),
 ('11', 'MatrixBlock', '1', '0', '2018-01-30 12:32:38', '2018-02-14 09:47:06', 'e3147459-6cc8-4113-b35b-6f2a65eb0c09'),
 ('18', 'Asset', '1', '0', '2018-01-30 13:31:15', '2018-02-14 10:39:33', 'e9e379c7-05ef-4502-a1a6-efdeef030f1f'),
 ('19', 'Asset', '1', '0', '2018-01-30 13:31:15', '2018-02-14 10:39:34', '37a1cc2a-9087-4ff0-8813-29e4000a9ebb'),
 ('20', 'Asset', '1', '0', '2018-01-30 13:31:15', '2018-02-14 10:39:32', '6288d995-95cb-4132-ab1a-f2a8255d3c41'),
 ('29', 'Asset', '1', '0', '2018-01-30 13:33:23', '2018-02-14 10:39:34', 'e1ee916c-306a-40c2-a622-a17e301dc480'),
 ('30', 'Asset', '1', '0', '2018-01-30 13:33:23', '2018-02-14 10:39:32', '9249885e-e248-4595-93fc-bf849d679674'),
 ('31', 'MatrixBlock', '1', '0', '2018-01-30 13:33:33', '2018-02-14 09:47:06', '3591f3f6-854f-4f95-b567-b6e8e5229d1e'),
 ('32', 'MatrixBlock', '1', '0', '2018-01-30 14:41:31', '2018-02-14 09:47:06', '75bf20d5-3443-4763-92e6-5458fb60e704'),
 ('35', 'Asset', '1', '0', '2018-01-30 15:04:54', '2018-02-14 10:39:33', '8de6759f-7391-432e-9140-c57bae83d747'),
 ('36', 'MatrixBlock', '1', '0', '2018-01-30 16:40:58', '2018-02-14 09:47:06', '384b2394-afb9-4f94-aaff-035db591e366'),
 ('38', 'Asset', '1', '0', '2018-01-30 16:43:39', '2018-02-14 10:39:33', 'ec74ac96-ce97-4890-8e94-61fc6d0c2d3c'),
 ('109', 'User', '1', '0', '2018-02-02 16:29:40', '2018-02-02 16:29:40', '184e4302-8a2a-4349-b275-e881e47d5b10'),
 ('110', 'MatrixBlock', '1', '0', '2018-02-05 09:54:43', '2018-02-14 09:47:06', '75b76b5b-a050-48fd-b0f1-cd7fb02bbb78'),
 ('244', 'Asset', '1', '0', '2018-02-14 10:46:44', '2018-02-14 10:46:44', '233854df-90fc-4e08-97a3-8f4311ba8bca'),
 ('247', 'Asset', '1', '0', '2018-02-14 10:50:16', '2018-02-14 10:50:16', '36b54f00-94c7-40c5-b779-32d306a2fea1'),
 ('250', 'Asset', '1', '0', '2018-02-14 11:02:52', '2018-02-14 11:02:52', '2d8ee16a-969a-46a4-b177-4844353ed404'),
 ('251', 'Asset', '1', '0', '2018-02-14 11:04:18', '2018-02-14 11:04:18', '96980f84-ff51-45fd-9cf3-4fee75481d94'),
 ('252', 'Asset', '1', '0', '2018-02-14 11:04:43', '2018-02-14 11:04:52', '36006801-3f3d-416a-9bea-f170756a6a11'),
 ('254', 'Asset', '1', '0', '2018-02-14 11:07:36', '2018-02-14 11:07:42', 'b6c47509-68d1-4ae2-bacf-d9f99af495b6'),
 ('256', 'Asset', '1', '0', '2018-02-14 11:08:59', '2018-02-14 11:09:03', 'aa484f31-3e71-4d34-bdc5-884d85e3629b'),
 ('257', 'Asset', '1', '0', '2018-02-15 16:20:34', '2018-02-15 16:20:34', 'bb3d4b20-ccbf-46dc-9de5-7081f5d37af5'),
 ('259', 'Asset', '1', '0', '2018-02-15 16:35:40', '2018-02-15 16:35:40', '6893a2d9-1b7f-4cbc-8183-9d9c6a7899df'),
 ('260', 'Asset', '1', '0', '2018-02-15 16:35:40', '2018-02-15 16:35:40', '47e2776f-aa5f-4ffe-8933-60a729065292'),
 ('261', 'Asset', '1', '0', '2018-02-15 16:35:40', '2018-02-15 16:35:40', '005b762e-37d8-40aa-9608-1aa23dce3bbf'),
 ('263', 'Asset', '1', '0', '2018-02-15 16:36:28', '2018-02-15 16:36:29', '3d0f22a2-1dfb-45d9-be95-2a778a33ba2b'),
 ('265', 'Asset', '1', '0', '2018-02-15 16:41:17', '2018-02-15 16:41:17', 'd203fd9b-0baa-46c9-bdcd-74f6cbd782c7'),
 ('267', 'Asset', '1', '0', '2018-02-15 17:01:10', '2018-02-15 17:01:11', '08abcca6-c352-4a15-b029-f53dfbaf8cfa'),
 ('269', 'Asset', '1', '0', '2018-02-15 17:08:39', '2018-02-15 17:08:40', 'aaf0b2c3-0e8d-4395-8cb2-76e26dd47ccb'),
 ('270', 'Asset', '1', '0', '2018-02-15 17:08:39', '2018-02-15 17:08:40', '3ab577dc-bd82-4fd2-8334-0ebc46dd8138'),
 ('272', 'Asset', '1', '0', '2018-02-15 17:10:22', '2018-02-15 17:10:22', '97e062ff-1610-4368-bff0-8881ec9edfeb'),
 ('273', 'Entry', '1', '0', '2018-02-15 17:10:22', '2018-02-15 17:10:22', '81a5e795-47b1-46d7-b622-5855c3169f6a'),
 ('274', 'Asset', '1', '0', '2018-02-15 17:13:11', '2018-02-15 17:13:11', '6e8912fc-9863-4ad3-a0f1-e87a666d0c0f'),
 ('275', 'Asset', '1', '0', '2018-02-15 17:13:11', '2018-02-15 17:13:11', '14a6380a-cd85-4abb-b018-0c06374036ea'),
 ('276', 'Entry', '1', '0', '2018-02-15 17:13:11', '2018-02-15 17:13:11', 'ee71c8b0-4532-4c42-8857-235dd420bf72'),
 ('277', 'Asset', '1', '0', '2018-02-15 17:13:49', '2018-02-15 17:13:49', 'aa251499-d773-4f79-9fcc-301c9c9ffbe9'),
 ('278', 'Asset', '1', '0', '2018-02-15 17:13:49', '2018-02-15 17:13:49', '060d74e1-12c5-4512-abff-ea769cee11f0'),
 ('279', 'Asset', '1', '0', '2018-02-15 17:13:49', '2018-02-15 17:13:49', '6a787393-1566-4128-a9bb-affb48053e8a'),
 ('280', 'Entry', '1', '0', '2018-02-15 17:13:49', '2018-02-15 17:13:49', 'b67ebb25-8c71-439d-b376-5958465a7a45');



DROP TABLE IF EXISTS `craft_elements_i18n`;


--
-- Schema for table `craft_elements_i18n`
--
CREATE TABLE `craft_elements_i18n` (
  `id` int(11) NOT NULL AUTO_INCREMENT,
  `elementId` int(11) NOT NULL,
  `locale` char(12) COLLATE utf8_unicode_ci NOT NULL,
  `slug` varchar(255) COLLATE utf8_unicode_ci DEFAULT NULL,
  `uri` varchar(255) COLLATE utf8_unicode_ci DEFAULT NULL,
  `enabled` tinyint(1) unsigned NOT NULL DEFAULT '1',
  `dateCreated` datetime NOT NULL,
  `dateUpdated` datetime NOT NULL,
  `uid` char(36) COLLATE utf8_unicode_ci NOT NULL DEFAULT '0',
  PRIMARY KEY (`id`),
  UNIQUE KEY `craft_elements_i18n_elementId_locale_unq_idx` (`elementId`,`locale`),
  UNIQUE KEY `craft_elements_i18n_uri_locale_unq_idx` (`uri`,`locale`),
  KEY `craft_elements_i18n_slug_locale_idx` (`slug`,`locale`),
  KEY `craft_elements_i18n_enabled_idx` (`enabled`),
  KEY `craft_elements_i18n_locale_fk` (`locale`)
) ENGINE=InnoDB AUTO_INCREMENT=281 DEFAULT CHARSET=utf8 COLLATE=utf8_unicode_ci;

--
-- Data for table `craft_elements_i18n`
--

INSERT INTO `craft_elements_i18n` (`id`, `elementId`, `locale`, `slug`, `uri`, `enabled`, `dateCreated`, `dateUpdated`, `uid`) VALUES
 ('1', '1', 'en_gb', '', NULL, '1', '2018-01-18 10:53:34', '2018-02-05 09:38:10', '662abeb7-7ba9-45d9-9bd7-5ca676d76175'),
 ('2', '2', 'en_gb', 'homepage', '__home__', '1', '2018-01-18 10:53:40', '2018-01-18 10:53:40', 'b38127e6-bc7a-4c3f-a3b3-ac2590b362a4'),
 ('3', '3', 'en_gb', 'we-just-installed-craft', 'news/2018/we-just-installed-craft', '1', '2018-01-18 10:53:41', '2018-01-18 10:53:41', 'bdc515c5-204c-418b-97f3-d143e4d1f286'),
 ('4', '4', 'en_gb', 'example-project-1', 'projects/example-project-1', '1', '2018-01-26 15:51:25', '2018-02-14 09:47:06', '728803fa-f9bf-418b-bfb5-32c9af5b78d0'),
 ('6', '6', 'en_gb', 'proj1', NULL, '1', '2018-01-30 11:17:18', '2018-02-14 10:39:33', '24d27978-318b-4f23-8082-29e90addffdc'),
 ('9', '9', 'en_gb', 'untitled-2', NULL, '1', '2018-01-30 12:32:33', '2018-02-14 10:39:32', '65fd7674-7232-4ed4-9333-9e6c4528c015'),
 ('10', '10', 'en_gb', 'untitled-3', NULL, '1', '2018-01-30 12:32:33', '2018-02-14 10:39:32', '7ac5f44b-87f0-4601-bf81-19701f7e3adb'),
 ('11', '11', 'en_gb', '', NULL, '1', '2018-01-30 12:32:38', '2018-02-14 09:47:06', '6ea861d1-2106-44ab-a447-a2ceff972c35'),
 ('18', '18', 'en_gb', 'thumb', NULL, '1', '2018-01-30 13:31:15', '2018-02-14 10:39:33', 'a12f5631-c5e1-4484-a951-5e8d0b8a5bf8'),
 ('19', '19', 'en_gb', 'thumb2', NULL, '1', '2018-01-30 13:31:15', '2018-02-14 10:39:34', '055e8daf-f036-480d-8e61-72664c447778'),
 ('20', '20', 'en_gb', 'untitled-1', NULL, '1', '2018-01-30 13:31:15', '2018-02-14 10:39:32', '4c68feb3-5da4-4cd3-a117-2f23ae68b458'),
 ('29', '29', 'en_gb', 'thumbt', NULL, '1', '2018-01-30 13:33:23', '2018-02-14 10:39:34', '0e544d7c-5f9b-4d56-a0cd-c61ec1bf34be'),
 ('30', '30', 'en_gb', 'untitled-1f', NULL, '1', '2018-01-30 13:33:23', '2018-02-14 10:39:32', 'cb166026-74c0-4ea6-8689-1d3df299cf49'),
 ('31', '31', 'en_gb', '', NULL, '1', '2018-01-30 13:33:33', '2018-02-14 09:47:06', 'a5fcc37f-d8c6-42b1-b172-818f31b6070a'),
 ('32', '32', 'en_gb', '', NULL, '1', '2018-01-30 14:41:31', '2018-02-14 09:47:06', 'fad9fa40-62ec-4c30-b7c3-441c30178758'),
 ('35', '35', 'en_gb', 'proj1', NULL, '1', '2018-01-30 15:04:54', '2018-02-14 10:39:33', '5ead20d0-f637-4492-8765-a4e5fc21ab30'),
 ('36', '36', 'en_gb', '', NULL, '1', '2018-01-30 16:40:58', '2018-02-14 09:47:06', '1064170e-d07c-48ac-b64f-6ce907059ec6'),
 ('38', '38', 'en_gb', 'night', NULL, '1', '2018-01-30 16:43:39', '2018-02-14 10:39:33', '563a25ea-0fa6-4bb3-a991-5993b636f0f3'),
 ('109', '109', 'en_gb', '', NULL, '1', '2018-02-02 16:29:40', '2018-02-02 16:29:40', '1e04cd6b-2949-4883-a9ad-8b2dc14794fa'),
 ('110', '110', 'en_gb', '', NULL, '1', '2018-02-05 09:54:44', '2018-02-14 09:47:06', '7cb2551b-0007-40fc-9d9e-f67cd7f3e2df'),
 ('244', '244', 'en_gb', 'after-front-elevation', NULL, '1', '2018-02-14 10:46:44', '2018-02-14 10:46:44', 'f74b7613-70f8-4aa2-a81f-6e4da61acf26'),
 ('247', '247', 'en_gb', 'home', NULL, '1', '2018-02-14 10:50:16', '2018-02-14 10:50:16', '4e0ac595-0e84-455f-ba7b-a20b9b763ba6'),
 ('250', '250', 'en_gb', 'example-slide-1', NULL, '1', '2018-02-14 11:02:52', '2018-02-14 11:02:52', '13207482-00ff-40b2-9205-98f5dc18d536'),
 ('251', '251', 'en_gb', 'example-slide-1', NULL, '1', '2018-02-14 11:04:18', '2018-02-14 11:04:18', '5c23514f-f980-406a-bf3e-4a7952e3c050'),
 ('252', '252', 'en_gb', 'example-slide-1', NULL, '1', '2018-02-14 11:04:43', '2018-02-14 11:04:52', '35a0924a-f5db-43a2-b99e-cb1aa905015e'),
 ('254', '254', 'en_gb', 'after-front-elevation', NULL, '1', '2018-02-14 11:07:36', '2018-02-14 11:07:42', 'ec09a19c-b423-4837-ac2a-4b3dd37ed0b2'),
 ('256', '256', 'en_gb', 'after-front-elevation', NULL, '1', '2018-02-14 11:08:59', '2018-02-14 11:09:03', '796e52d3-e762-4d26-b5f8-e4e58a8ff7d0'),
 ('257', '257', 'en_gb', 'house', NULL, '1', '2018-02-15 16:20:34', '2018-02-15 16:20:34', '75397d11-2ed1-44a3-8382-69b93e9ba460'),
 ('259', '259', 'en_gb', 'logo', NULL, '1', '2018-02-15 16:35:40', '2018-02-15 16:35:40', 'a008f79b-1d91-4ce7-83e7-3f0218a5cb7c'),
 ('260', '260', 'en_gb', 'thumb1', NULL, '1', '2018-02-15 16:35:40', '2018-02-15 16:35:40', '7a49193d-2b29-48ac-870c-fc93496555a6'),
 ('261', '261', 'en_gb', 'thumb3', NULL, '1', '2018-02-15 16:35:40', '2018-02-15 16:35:40', 'ec3f0d12-7387-41cc-b3d0-ff68e7fa5b24'),
 ('263', '263', 'en_gb', 'thumb1', NULL, '1', '2018-02-15 16:36:28', '2018-02-15 16:36:29', 'cc0c281a-0163-4487-9a1a-d251172b2c91'),
 ('265', '265', 'en_gb', 'key', NULL, '1', '2018-02-15 16:41:17', '2018-02-15 16:41:17', '478b541d-6e11-48e8-8f12-d3b106930cf4'),
 ('267', '267', 'en_gb', 'logo', NULL, '1', '2018-02-15 17:01:10', '2018-02-15 17:01:11', '9f3ee183-94a1-4110-984a-03a69a84fd7d'),
 ('269', '269', 'en_gb', 'footer-logo', NULL, '1', '2018-02-15 17:08:39', '2018-02-15 17:08:40', '8a15af70-9d0e-4919-a7f0-3cf3eaf8640b'),
 ('270', '270', 'en_gb', 'thumb2', NULL, '1', '2018-02-15 17:08:39', '2018-02-15 17:08:40', 'ccc696e3-3a51-4c34-a499-38047dee2eee'),
 ('272', '272', 'en_gb', 'house', NULL, '1', '2018-02-15 17:10:22', '2018-02-15 17:10:22', '461502f2-fdf3-419b-bd91-6c0c60d55742'),
 ('273', '273', 'en_gb', 'fff', 'projects/fff', '1', '2018-02-15 17:10:22', '2018-02-15 17:10:22', '1f0d2289-1835-44da-8ffa-89b4dc2291c2'),
 ('274', '274', 'en_gb', 'key', NULL, '1', '2018-02-15 17:13:11', '2018-02-15 17:13:11', 'e68623b8-b307-4b02-a1c3-0fdbbb8cd466'),
 ('275', '275', 'en_gb', 'orange-text', NULL, '1', '2018-02-15 17:13:11', '2018-02-15 17:13:11', '8a1186a3-8a07-4d91-b4b0-92a95041dc28'),
 ('276', '276', 'en_gb', 'wsasa', 'projects/wsasa', '1', '2018-02-15 17:13:11', '2018-02-15 17:13:11', 'e96f3d0f-40ac-4997-9d82-85d8a6c0a528'),
 ('277', '277', 'en_gb', 'key', NULL, '1', '2018-02-15 17:13:49', '2018-02-15 17:13:49', '7cbb2175-f3ba-4128-9dd2-02f81940f1fd'),
 ('278', '278', 'en_gb', 'thumb1', NULL, '1', '2018-02-15 17:13:49', '2018-02-15 17:13:49', '8928fed4-0116-4a86-a081-7225ba26e768'),
 ('279', '279', 'en_gb', 'thumb3', NULL, '1', '2018-02-15 17:13:49', '2018-02-15 17:13:49', '428cd09c-2a22-4c1c-89ca-1353b117b2b7'),
 ('280', '280', 'en_gb', 'testest', 'projects/testest', '1', '2018-02-15 17:13:49', '2018-02-15 17:13:49', '527cda05-c03d-47bb-9019-0756e44c9691');



DROP TABLE IF EXISTS `craft_emailmessages`;


--
-- Schema for table `craft_emailmessages`
--
CREATE TABLE `craft_emailmessages` (
  `id` int(11) NOT NULL AUTO_INCREMENT,
  `key` char(150) COLLATE utf8_unicode_ci NOT NULL,
  `locale` char(12) COLLATE utf8_unicode_ci NOT NULL,
  `subject` varchar(1000) COLLATE utf8_unicode_ci NOT NULL,
  `body` text COLLATE utf8_unicode_ci NOT NULL,
  `dateCreated` datetime NOT NULL,
  `dateUpdated` datetime NOT NULL,
  `uid` char(36) COLLATE utf8_unicode_ci NOT NULL DEFAULT '0',
  PRIMARY KEY (`id`),
  UNIQUE KEY `craft_emailmessages_key_locale_unq_idx` (`key`,`locale`),
  KEY `craft_emailmessages_locale_fk` (`locale`)
) ENGINE=InnoDB DEFAULT CHARSET=utf8 COLLATE=utf8_unicode_ci;

DROP TABLE IF EXISTS `craft_entries`;


--
-- Schema for table `craft_entries`
--
CREATE TABLE `craft_entries` (
  `id` int(11) NOT NULL,
  `sectionId` int(11) NOT NULL,
  `typeId` int(11) DEFAULT NULL,
  `authorId` int(11) DEFAULT NULL,
  `postDate` datetime DEFAULT NULL,
  `expiryDate` datetime DEFAULT NULL,
  `dateCreated` datetime NOT NULL,
  `dateUpdated` datetime NOT NULL,
  `uid` char(36) COLLATE utf8_unicode_ci NOT NULL DEFAULT '0',
  PRIMARY KEY (`id`),
  KEY `craft_entries_sectionId_idx` (`sectionId`),
  KEY `craft_entries_typeId_idx` (`typeId`),
  KEY `craft_entries_postDate_idx` (`postDate`),
  KEY `craft_entries_expiryDate_idx` (`expiryDate`),
  KEY `craft_entries_authorId_fk` (`authorId`)
) ENGINE=InnoDB DEFAULT CHARSET=utf8 COLLATE=utf8_unicode_ci;

--
-- Data for table `craft_entries`
--

INSERT INTO `craft_entries` (`id`, `sectionId`, `typeId`, `authorId`, `postDate`, `expiryDate`, `dateCreated`, `dateUpdated`, `uid`) VALUES
 ('2', '1', NULL, NULL, '2018-01-18 10:53:40', NULL, '2018-01-18 10:53:40', '2018-01-18 10:53:40', 'c5b9e93c-9d03-42ab-903e-eeeec866f802'),
 ('3', '2', '2', '1', '2018-01-18 10:53:41', NULL, '2018-01-18 10:53:41', '2018-01-18 10:53:41', 'a06d3d01-a382-476f-b60d-9fc21cb9f0a9'),
 ('4', '3', '3', '1', '2018-01-26 15:51:00', NULL, '2018-01-26 15:51:25', '2018-02-14 09:47:06', '7570ddf4-d6d6-4825-b7ac-3f3aaad6a5f9'),
 ('273', '3', '3', '1', '2018-02-15 00:00:00', NULL, '2018-02-15 17:10:22', '2018-02-15 17:10:22', '948b65b1-cee4-4a72-a23f-699b5a23dedb'),
 ('276', '3', '3', '1', '2018-02-15 00:00:00', NULL, '2018-02-15 17:13:11', '2018-02-15 17:13:11', 'ca94648b-ffc2-4ec8-8002-e861f1788743'),
 ('280', '3', '3', '1', '2018-02-15 00:00:00', NULL, '2018-02-15 17:13:49', '2018-02-15 17:13:49', '68645d87-79f0-4157-8fd3-49e38d8fa62e');



DROP TABLE IF EXISTS `craft_entrydrafts`;


--
-- Schema for table `craft_entrydrafts`
--
CREATE TABLE `craft_entrydrafts` (
  `id` int(11) NOT NULL AUTO_INCREMENT,
  `entryId` int(11) NOT NULL,
  `sectionId` int(11) NOT NULL,
  `creatorId` int(11) NOT NULL,
  `locale` char(12) COLLATE utf8_unicode_ci NOT NULL,
  `name` varchar(255) COLLATE utf8_unicode_ci NOT NULL,
  `notes` tinytext COLLATE utf8_unicode_ci,
  `data` mediumtext COLLATE utf8_unicode_ci NOT NULL,
  `dateCreated` datetime NOT NULL,
  `dateUpdated` datetime NOT NULL,
  `uid` char(36) COLLATE utf8_unicode_ci NOT NULL DEFAULT '0',
  PRIMARY KEY (`id`),
  KEY `craft_entrydrafts_entryId_locale_idx` (`entryId`,`locale`),
  KEY `craft_entrydrafts_sectionId_fk` (`sectionId`),
  KEY `craft_entrydrafts_creatorId_fk` (`creatorId`),
  KEY `craft_entrydrafts_locale_fk` (`locale`)
) ENGINE=InnoDB DEFAULT CHARSET=utf8 COLLATE=utf8_unicode_ci;

DROP TABLE IF EXISTS `craft_entrytypes`;


--
-- Schema for table `craft_entrytypes`
--
CREATE TABLE `craft_entrytypes` (
  `id` int(11) NOT NULL AUTO_INCREMENT,
  `sectionId` int(11) NOT NULL,
  `fieldLayoutId` int(11) DEFAULT NULL,
  `name` varchar(255) COLLATE utf8_unicode_ci NOT NULL,
  `handle` varchar(255) COLLATE utf8_unicode_ci NOT NULL,
  `hasTitleField` tinyint(1) unsigned NOT NULL DEFAULT '1',
  `titleLabel` varchar(255) COLLATE utf8_unicode_ci DEFAULT 'Title',
  `titleFormat` varchar(255) COLLATE utf8_unicode_ci DEFAULT NULL,
  `sortOrder` smallint(6) unsigned DEFAULT NULL,
  `dateCreated` datetime NOT NULL,
  `dateUpdated` datetime NOT NULL,
  `uid` char(36) COLLATE utf8_unicode_ci NOT NULL DEFAULT '0',
  PRIMARY KEY (`id`),
  UNIQUE KEY `craft_entrytypes_name_sectionId_unq_idx` (`name`,`sectionId`),
  UNIQUE KEY `craft_entrytypes_handle_sectionId_unq_idx` (`handle`,`sectionId`),
  KEY `craft_entrytypes_sectionId_fk` (`sectionId`),
  KEY `craft_entrytypes_fieldLayoutId_fk` (`fieldLayoutId`)
) ENGINE=InnoDB AUTO_INCREMENT=4 DEFAULT CHARSET=utf8 COLLATE=utf8_unicode_ci;

--
-- Data for table `craft_entrytypes`
--

INSERT INTO `craft_entrytypes` (`id`, `sectionId`, `fieldLayoutId`, `name`, `handle`, `hasTitleField`, `titleLabel`, `titleFormat`, `sortOrder`, `dateCreated`, `dateUpdated`, `uid`) VALUES
 ('1', '1', '3', 'Homepage', 'homepage', '1', 'Title', NULL, '1', '2018-01-18 10:53:40', '2018-01-18 10:53:40', '9b511af6-0744-46a0-915f-92d29ba4d4a5'),
 ('2', '2', '5', 'News', 'news', '1', 'Title', NULL, '1', '2018-01-18 10:53:41', '2018-01-18 10:53:41', 'f64e2f37-d837-48b2-b5bc-26734ce36102'),
 ('3', '3', '53', 'Projects', 'projects', '1', 'Title', NULL, '1', '2018-01-26 15:50:35', '2018-02-09 09:45:15', 'a0c0a188-8181-4d45-8127-ebbfa34b3392');



DROP TABLE IF EXISTS `craft_entryversions`;


--
-- Schema for table `craft_entryversions`
--
CREATE TABLE `craft_entryversions` (
  `id` int(11) NOT NULL AUTO_INCREMENT,
  `entryId` int(11) NOT NULL,
  `sectionId` int(11) NOT NULL,
  `creatorId` int(11) DEFAULT NULL,
  `locale` char(12) COLLATE utf8_unicode_ci NOT NULL,
  `num` smallint(6) unsigned NOT NULL,
  `notes` tinytext COLLATE utf8_unicode_ci,
  `data` mediumtext COLLATE utf8_unicode_ci NOT NULL,
  `dateCreated` datetime NOT NULL,
  `dateUpdated` datetime NOT NULL,
  `uid` char(36) COLLATE utf8_unicode_ci NOT NULL DEFAULT '0',
  PRIMARY KEY (`id`),
  KEY `craft_entryversions_entryId_locale_idx` (`entryId`,`locale`),
  KEY `craft_entryversions_sectionId_fk` (`sectionId`),
  KEY `craft_entryversions_creatorId_fk` (`creatorId`),
  KEY `craft_entryversions_locale_fk` (`locale`)
) ENGINE=InnoDB AUTO_INCREMENT=48 DEFAULT CHARSET=utf8 COLLATE=utf8_unicode_ci;

--
-- Data for table `craft_entryversions`
--

INSERT INTO `craft_entryversions` (`id`, `entryId`, `sectionId`, `creatorId`, `locale`, `num`, `notes`, `data`, `dateCreated`, `dateUpdated`, `uid`) VALUES
 ('1', '2', '1', '1', 'en_gb', '1', NULL, '{\"typeId\":\"1\",\"authorId\":null,\"title\":\"Homepage\",\"slug\":\"homepage\",\"postDate\":1516272820,\"expiryDate\":null,\"enabled\":1,\"parentId\":null,\"fields\":[]}', '2018-01-18 10:53:40', '2018-01-18 10:53:40', '38f41b32-0190-4349-a9a3-e56edafa99eb'),
 ('2', '2', '1', '1', 'en_gb', '2', NULL, '{\"typeId\":null,\"authorId\":null,\"title\":\"Welcome to Localhost!\",\"slug\":\"homepage\",\"postDate\":1516272820,\"expiryDate\":null,\"enabled\":\"1\",\"parentId\":null,\"fields\":{\"1\":\"<p>It\\u2019s true, this site doesn\\u2019t have a whole lot of content yet, but don\\u2019t worry. Our web developers have just installed the CMS, and they\\u2019re setting things up for the content editors this very moment. Soon Localhost will be an oasis of fresh perspectives, sharp analyses, and astute opinions that will keep you coming back again and again.<\\/p>\"}}', '2018-01-18 10:53:40', '2018-01-18 10:53:40', '444775ee-bb92-41c3-bc01-fa28501e0b4f'),
 ('3', '3', '2', '1', 'en_gb', '1', NULL, '{\"typeId\":\"2\",\"authorId\":\"1\",\"title\":\"We just installed Craft!\",\"slug\":\"we-just-installed-craft\",\"postDate\":1516272821,\"expiryDate\":null,\"enabled\":1,\"parentId\":null,\"fields\":[]}', '2018-01-18 10:53:41', '2018-01-18 10:53:41', '9748d5ab-c472-4363-b860-ae0503809ee1'),
 ('4', '4', '3', '1', 'en_gb', '1', '', '{\"typeId\":null,\"authorId\":\"1\",\"title\":\"Example project 1\",\"slug\":\"example-project-1\",\"postDate\":1516981885,\"expiryDate\":null,\"enabled\":1,\"parentId\":null,\"fields\":[]}', '2018-01-26 15:51:25', '2018-01-26 15:51:25', '010199bc-b924-47de-bd0c-61b89882748c'),
 ('5', '4', '3', '1', 'en_gb', '2', '', '{\"typeId\":\"3\",\"authorId\":\"1\",\"title\":\"Example project 1\",\"slug\":\"example-project-1\",\"postDate\":1516981860,\"expiryDate\":null,\"enabled\":1,\"parentId\":null,\"fields\":{\"3\":[\"6\"]}}', '2018-01-30 11:17:22', '2018-01-30 11:17:22', '53ab73a0-c54e-43c8-8de6-f5f97f8ac488'),
 ('6', '4', '3', '1', 'en_gb', '3', '', '{\"typeId\":\"3\",\"authorId\":\"1\",\"title\":\"Example project 1\",\"slug\":\"example-project-1\",\"postDate\":1516981860,\"expiryDate\":null,\"enabled\":1,\"parentId\":null,\"fields\":{\"3\":[\"6\"],\"4\":{\"new1\":{\"type\":\"creditBlock\",\"enabled\":\"1\",\"fields\":{\"credits\":[{\"col1\":\"COMPANY\",\"col2\":\"Godel Architects\"},{\"col1\":\"PROJECT\",\"col2\":\"Example project 1\"},{\"col1\":\"LOCATION\",\"col2\":\"St Peter, Jersey\"},{\"col1\":\"WEBSITE\",\"col2\":\"www.godelarchitects.com\"}],\"images\":[\"9\",\"10\"]}}}}}', '2018-01-30 12:32:38', '2018-01-30 12:32:38', 'a59e07a8-84b4-49e3-94a1-1070299f7c40'),
 ('7', '4', '3', '1', 'en_gb', '4', '', '{\"typeId\":\"3\",\"authorId\":\"1\",\"title\":\"Example project 1\",\"slug\":\"example-project-1\",\"postDate\":1516981860,\"expiryDate\":null,\"enabled\":1,\"parentId\":null,\"fields\":{\"3\":[\"6\"],\"4\":{\"11\":{\"type\":\"creditBlock\",\"enabled\":\"1\",\"fields\":{\"credits\":[{\"col1\":\"COMPANY\",\"col2\":\"Godel Architects\"},{\"col1\":\"PROJECT\",\"col2\":\"Example project 1\"},{\"col1\":\"LOCATION\",\"col2\":\"St Peter, Jersey\"},{\"col1\":\"WEBSITE\",\"col2\":\"www.godelarchitects.com\"}],\"images\":[\"9\",\"10\"]}},\"new1\":{\"type\":\"imageGrid\",\"enabled\":\"1\",\"fields\":{\"images\":[\"6\",\"18\",\"19\",\"29\",\"20\",\"30\",\"9\",\"10\"]}}}}}', '2018-01-30 13:33:34', '2018-01-30 13:33:34', '5d73da45-378e-4054-888f-34df2da1c072'),
 ('8', '4', '3', '1', 'en_gb', '5', '', '{\"typeId\":\"3\",\"authorId\":\"1\",\"title\":\"Example project 1\",\"slug\":\"example-project-1\",\"postDate\":1516981860,\"expiryDate\":null,\"enabled\":1,\"parentId\":null,\"fields\":{\"3\":[\"6\"],\"4\":{\"11\":{\"type\":\"creditBlock\",\"enabled\":\"1\",\"fields\":{\"credits\":[{\"col1\":\"COMPANY\",\"col2\":\"Godel Architects\"},{\"col1\":\"PROJECT\",\"col2\":\"Example project 1\"},{\"col1\":\"LOCATION\",\"col2\":\"St Peter, Jersey\"},{\"col1\":\"WEBSITE\",\"col2\":\"www.godelarchitects.com\"}],\"images\":[\"9\",\"10\"]}},\"31\":{\"type\":\"imageGrid\",\"enabled\":\"1\",\"fields\":{\"images\":[\"6\",\"18\",\"19\",\"29\",\"20\",\"30\",\"9\",\"10\"]}},\"new1\":{\"type\":\"videoBlock\",\"enabled\":\"1\",\"fields\":{\"youtubeUrl\":\"https:\\/\\/www.youtube.com\\/watch?v=xcJtL7QggTI\",\"vimeoUrl\":\"\"}}}}}', '2018-01-30 14:41:31', '2018-01-30 14:41:31', 'f5e2acb8-bafb-4144-95ef-c085624b2bf8'),
 ('9', '4', '3', '1', 'en_gb', '6', '', '{\"typeId\":\"3\",\"authorId\":\"1\",\"title\":\"Example project 1\",\"slug\":\"example-project-1\",\"postDate\":1516981860,\"expiryDate\":null,\"enabled\":1,\"parentId\":null,\"fields\":{\"3\":[\"35\"],\"4\":{\"11\":{\"type\":\"creditBlock\",\"enabled\":\"1\",\"fields\":{\"credits\":[{\"col1\":\"COMPANY\",\"col2\":\"Godel Architects\"},{\"col1\":\"PROJECT\",\"col2\":\"Example project 1\"},{\"col1\":\"LOCATION\",\"col2\":\"St Peter, Jersey\"},{\"col1\":\"WEBSITE\",\"col2\":\"www.godelarchitects.com\"}],\"images\":[\"9\",\"10\"]}},\"31\":{\"type\":\"imageGrid\",\"enabled\":\"1\",\"fields\":{\"images\":[\"6\",\"18\",\"19\",\"29\",\"20\",\"30\",\"9\",\"10\"]}},\"32\":{\"type\":\"videoBlock\",\"enabled\":\"1\",\"fields\":{\"youtubeUrl\":\"https:\\/\\/www.youtube.com\\/watch?v=xcJtL7QggTI\",\"vimeoUrl\":\"\",\"videoPoster\":[\"29\"]}}}}}', '2018-01-30 15:05:12', '2018-01-30 15:05:12', 'c0371c0f-6c5d-484f-94a4-cbb8fdec8a73'),
 ('10', '4', '3', '1', 'en_gb', '7', '', '{\"typeId\":\"3\",\"authorId\":\"1\",\"title\":\"Example project 1\",\"slug\":\"example-project-1\",\"postDate\":1516981860,\"expiryDate\":null,\"enabled\":1,\"parentId\":null,\"fields\":{\"3\":[\"35\"],\"4\":{\"11\":{\"type\":\"creditBlock\",\"enabled\":\"1\",\"fields\":{\"credits\":[{\"col1\":\"COMPANY\",\"col2\":\"Godel Architects\"},{\"col1\":\"PROJECT\",\"col2\":\"Example project 1\"},{\"col1\":\"LOCATION\",\"col2\":\"St Peter, Jersey\"},{\"col1\":\"WEBSITE\",\"col2\":\"www.godelarchitects.com\"}],\"images\":[\"9\",\"10\"]}},\"31\":{\"type\":\"imageGrid\",\"enabled\":\"1\",\"fields\":{\"images\":[\"6\",\"18\",\"19\",\"29\",\"20\",\"30\",\"9\",\"10\"]}},\"32\":{\"type\":\"videoBlock\",\"enabled\":\"1\",\"fields\":{\"youtubeUrl\":\"https:\\/\\/www.youtube.com\\/watch?v=xcJtL7QggTI\\/\",\"vimeoUrl\":\"\",\"videoPoster\":[\"29\"]}}}}}', '2018-01-30 16:19:25', '2018-01-30 16:19:25', '58191b18-e9e9-419f-9a86-cb465fcc1371'),
 ('11', '4', '3', '1', 'en_gb', '8', '', '{\"typeId\":\"3\",\"authorId\":\"1\",\"title\":\"Example project 1\",\"slug\":\"example-project-1\",\"postDate\":1516981860,\"expiryDate\":null,\"enabled\":1,\"parentId\":null,\"fields\":{\"3\":[\"35\"],\"4\":{\"11\":{\"type\":\"creditBlock\",\"enabled\":\"1\",\"fields\":{\"credits\":[{\"col1\":\"COMPANY\",\"col2\":\"Godel Architects\"},{\"col1\":\"PROJECT\",\"col2\":\"Example project 1\"},{\"col1\":\"LOCATION\",\"col2\":\"St Peter, Jersey\"},{\"col1\":\"WEBSITE\",\"col2\":\"www.godelarchitects.com\"}],\"images\":[\"9\",\"10\"]}},\"31\":{\"type\":\"imageGrid\",\"enabled\":\"1\",\"fields\":{\"images\":[\"6\",\"18\",\"19\",\"29\",\"20\",\"30\",\"9\",\"10\"]}},\"32\":{\"type\":\"videoBlock\",\"enabled\":\"1\",\"fields\":{\"youtubeUrl\":\"https:\\/\\/www.youtube.com\\/watch?v=xcJtL7QggTI\\/\",\"vimeoUrl\":\"\",\"videoPoster\":[\"29\"],\"credits\":[{\"col1\":\"video by\",\"col2\":\"iPOP Digital\"},{\"col1\":\"PHOTOGRAPHY BY\",\"col2\":\"Andy Le Gresley\"},{\"col1\":\"Art Direction\",\"col2\":\"Jon Moore\"},{\"col1\":\"WEBSITE\",\"col2\":\"www.ipopdigital.com\"}]}}}}}', '2018-01-30 16:36:34', '2018-01-30 16:36:34', 'b933fadc-4e2e-402c-b9da-dc410c0494d3'),
 ('12', '4', '3', '1', 'en_gb', '9', '', '{\"typeId\":\"3\",\"authorId\":\"1\",\"title\":\"Example project 1\",\"slug\":\"example-project-1\",\"postDate\":1516981860,\"expiryDate\":null,\"enabled\":1,\"parentId\":null,\"fields\":{\"3\":[\"35\"],\"4\":{\"11\":{\"type\":\"creditBlock\",\"enabled\":\"1\",\"fields\":{\"credits\":[{\"col1\":\"COMPANY\",\"col2\":\"Godel Architects\"},{\"col1\":\"PROJECT\",\"col2\":\"Example project 1\"},{\"col1\":\"LOCATION\",\"col2\":\"St Peter, Jersey\"},{\"col1\":\"WEBSITE\",\"col2\":\"www.godelarchitects.com\"}],\"images\":[\"9\",\"10\"]}},\"31\":{\"type\":\"imageGrid\",\"enabled\":\"1\",\"fields\":{\"images\":[\"6\",\"18\",\"19\",\"29\",\"20\",\"30\",\"9\",\"10\"]}},\"32\":{\"type\":\"videoBlock\",\"enabled\":\"1\",\"fields\":{\"youtubeUrl\":\"https:\\/\\/www.youtube.com\\/watch?v=xcJtL7QggTI\\/\",\"vimeoUrl\":\"\",\"videoPoster\":[\"29\"],\"credits\":[{\"col1\":\"video by\",\"col2\":\"iPOP Digital\"},{\"col1\":\"PHOTOGRAPHY BY\",\"col2\":\"Andy Le Gresley\"},{\"col1\":\"Art Direction\",\"col2\":\"Jon Moore\"},{\"col1\":\"WEBSITE\",\"col2\":\"www.ipopdigital.com\"}]}},\"new1\":{\"type\":\"quoteBlock\",\"enabled\":\"1\",\"fields\":{\"quote\":\"\\u201cLorem ipsum dolor sit amet, consectetuer adipiscing elit, sed diam nonummy nibh euismod tincidunt ut laoreet dolore magna aliquam erat volutpat.\\u201d\",\"quoter\":\"\",\"image\":\"\"}}}}}', '2018-01-30 16:40:59', '2018-01-30 16:40:59', 'b9b3d35c-c07c-42a4-b773-ff29210bcb58'),
 ('13', '4', '3', '1', 'en_gb', '10', '', '{\"typeId\":\"3\",\"authorId\":\"1\",\"title\":\"Example project 1\",\"slug\":\"example-project-1\",\"postDate\":1516981860,\"expiryDate\":null,\"enabled\":1,\"parentId\":null,\"fields\":{\"3\":[\"35\"],\"4\":{\"11\":{\"type\":\"creditBlock\",\"enabled\":\"1\",\"fields\":{\"credits\":[{\"col1\":\"COMPANY\",\"col2\":\"Godel Architects\"},{\"col1\":\"PROJECT\",\"col2\":\"Example project 1\"},{\"col1\":\"LOCATION\",\"col2\":\"St Peter, Jersey\"},{\"col1\":\"WEBSITE\",\"col2\":\"www.godelarchitects.com\"}],\"images\":[\"9\",\"10\"]}},\"31\":{\"type\":\"imageGrid\",\"enabled\":\"1\",\"fields\":{\"images\":[\"6\",\"18\",\"19\",\"29\",\"20\",\"30\",\"9\",\"10\"]}},\"32\":{\"type\":\"videoBlock\",\"enabled\":\"1\",\"fields\":{\"youtubeUrl\":\"https:\\/\\/www.youtube.com\\/watch?v=xcJtL7QggTI\\/\",\"vimeoUrl\":\"\",\"videoPoster\":[\"29\"],\"credits\":[{\"col1\":\"video by\",\"col2\":\"iPOP Digital\"},{\"col1\":\"PHOTOGRAPHY BY\",\"col2\":\"Andy Le Gresley\"},{\"col1\":\"Art Direction\",\"col2\":\"Jon Moore\"},{\"col1\":\"WEBSITE\",\"col2\":\"www.ipopdigital.com\"}]}},\"36\":{\"type\":\"quoteBlock\",\"enabled\":\"1\",\"fields\":{\"quote\":\"\\u201cLorem ipsum dolor sit amet, consectetuer adipiscing elit, sed diam nonummy nibh euismod tincidunt ut laoreet dolore magna aliquam erat volutpat.\\u201d\",\"quoter\":\"\",\"image\":[\"38\"]}}}}}', '2018-01-30 16:43:42', '2018-01-30 16:43:42', '5e25a484-6fdf-4005-90ff-470a2ec15602'),
 ('14', '4', '3', '1', 'en_gb', '11', '', '{\"typeId\":\"3\",\"authorId\":\"1\",\"title\":\"Example project 1\",\"slug\":\"example-project-1\",\"postDate\":1516981860,\"expiryDate\":null,\"enabled\":1,\"parentId\":null,\"fields\":{\"3\":[\"35\"],\"4\":{\"11\":{\"type\":\"creditBlock\",\"enabled\":\"1\",\"fields\":{\"credits\":[{\"col1\":\"COMPANY\",\"col2\":\"Godel Architects\"},{\"col1\":\"PROJECT\",\"col2\":\"Example project 1\"},{\"col1\":\"LOCATION\",\"col2\":\"St Peter, Jersey\"},{\"col1\":\"WEBSITE\",\"col2\":\"www.godelarchitects.com\"}],\"images\":[\"9\",\"10\"]}},\"31\":{\"type\":\"imageGrid\",\"enabled\":\"1\",\"fields\":{\"images\":[\"6\",\"18\",\"19\",\"29\",\"20\",\"30\",\"9\",\"10\"]}},\"32\":{\"type\":\"videoBlock\",\"enabled\":\"1\",\"fields\":{\"youtubeUrl\":\"https:\\/\\/www.youtube.com\\/watch?v=xcJtL7QggTI\\/\",\"vimeoUrl\":\"\",\"videoPoster\":[\"29\"],\"credits\":[{\"col1\":\"video by\",\"col2\":\"iPOP Digital\"},{\"col1\":\"PHOTOGRAPHY BY\",\"col2\":\"Andy Le Gresley\"},{\"col1\":\"Art Direction\",\"col2\":\"Jon Moore\"},{\"col1\":\"WEBSITE\",\"col2\":\"www.ipopdigital.com\"}]}},\"36\":{\"type\":\"quoteBlock\",\"enabled\":\"1\",\"fields\":{\"quote\":\"\\u201cLorem ipsum dolor sit amet, consectetuer adipiscing elit, sed diam nonummy nibh euismod tincidunt ut laoreet dolore magna aliquam erat volutpat.\\u201d\",\"quoter\":\"JON MOORE,\",\"quoterPosition\":\"the chamber of commerce\",\"image\":[\"38\"]}}}}}', '2018-01-31 09:38:39', '2018-01-31 09:38:39', 'cfbde875-5876-492b-92fe-c7be61d08e42'),
 ('15', '4', '3', '1', 'en_gb', '12', '', '{\"typeId\":\"3\",\"authorId\":\"1\",\"title\":\"Example project 1\",\"slug\":\"example-project-1\",\"postDate\":1516981860,\"expiryDate\":null,\"enabled\":1,\"parentId\":null,\"fields\":{\"33\":\"\",\"29\":\"Godel Architects\",\"3\":[\"35\"],\"31\":\"St Peter, Jersey\",\"30\":\"Example project 1\",\"4\":{\"11\":{\"type\":\"creditBlock\",\"enabled\":\"1\",\"fields\":{\"credits\":[{\"col1\":\"COMPANY\",\"col2\":\"Godel Architects\"},{\"col1\":\"PROJECT\",\"col2\":\"Example project 1\"},{\"col1\":\"LOCATION\",\"col2\":\"St Peter, Jersey\"},{\"col1\":\"WEBSITE\",\"col2\":\"www.godelarchitects.com\"}],\"images\":[\"9\",\"10\"]}},\"31\":{\"type\":\"imageGrid\",\"enabled\":\"1\",\"fields\":{\"images\":[\"6\",\"18\",\"19\",\"29\",\"20\",\"30\",\"9\",\"10\"]}},\"32\":{\"type\":\"videoBlock\",\"enabled\":\"1\",\"fields\":{\"youtubeUrl\":\"https:\\/\\/www.youtube.com\\/watch?v=xcJtL7QggTI\\/\",\"vimeoUrl\":\"\",\"videoPoster\":[\"29\"],\"credits\":[{\"col1\":\"video by\",\"col2\":\"iPOP Digital\"},{\"col1\":\"PHOTOGRAPHY BY\",\"col2\":\"Andy Le Gresley\"},{\"col1\":\"Art Direction\",\"col2\":\"Jon Moore\"},{\"col1\":\"WEBSITE\",\"col2\":\"www.ipopdigital.com\"}]}},\"36\":{\"type\":\"quoteBlock\",\"enabled\":\"1\",\"fields\":{\"quote\":\"\\u201cLorem ipsum dolor sit amet, consectetuer adipiscing elit, sed diam nonummy nibh euismod tincidunt ut laoreet dolore magna aliquam erat volutpat.\\u201d\",\"quoter\":\"JON MOORE,\",\"quoterPosition\":\"the chamber of commerce\",\"image\":[\"38\"]}}},\"32\":\"www.godelarchitects.com\"}}', '2018-02-01 13:06:11', '2018-02-01 13:06:11', '3064e716-ed1b-4315-b818-16145613cfea'),
 ('16', '4', '3', '1', 'en_gb', '13', '', '{\"typeId\":\"3\",\"authorId\":\"1\",\"title\":\"Example project 1\",\"slug\":\"example-project-1\",\"postDate\":1516981860,\"expiryDate\":null,\"enabled\":1,\"parentId\":null,\"fields\":{\"33\":\"John smitg\",\"29\":\"Godel Architects\",\"3\":[\"35\"],\"31\":\"St Peter, Jersey\",\"30\":\"Example project 1\",\"4\":{\"11\":{\"type\":\"creditBlock\",\"enabled\":\"1\",\"fields\":{\"credits\":[{\"col1\":\"COMPANY\",\"col2\":\"Godel Architects\"},{\"col1\":\"PROJECT\",\"col2\":\"Example project 1\"},{\"col1\":\"LOCATION\",\"col2\":\"St Peter, Jersey\"},{\"col1\":\"WEBSITE\",\"col2\":\"www.godelarchitects.com\"}],\"images\":[\"9\",\"10\"]}},\"31\":{\"type\":\"imageGrid\",\"enabled\":\"1\",\"fields\":{\"images\":[\"6\",\"18\",\"19\",\"29\",\"20\",\"30\",\"9\",\"10\"]}},\"32\":{\"type\":\"videoBlock\",\"enabled\":\"1\",\"fields\":{\"youtubeUrl\":\"https:\\/\\/www.youtube.com\\/watch?v=xcJtL7QggTI\\/\",\"vimeoUrl\":\"\",\"videoPoster\":[\"29\"],\"credits\":[{\"col1\":\"video by\",\"col2\":\"iPOP Digital\"},{\"col1\":\"PHOTOGRAPHY BY\",\"col2\":\"Andy Le Gresley\"},{\"col1\":\"Art Direction\",\"col2\":\"Jon Moore\"},{\"col1\":\"WEBSITE\",\"col2\":\"www.ipopdigital.com\"}]}},\"36\":{\"type\":\"quoteBlock\",\"enabled\":\"1\",\"fields\":{\"quote\":\"\\u201cLorem ipsum dolor sit amet, consectetuer adipiscing elit, sed diam nonummy nibh euismod tincidunt ut laoreet dolore magna aliquam erat volutpat.\\u201d\",\"quoter\":\"JON MOORE,\",\"quoterPosition\":\"the chamber of commerce\",\"image\":[\"38\"]}}},\"32\":\"www.godelarchitects.com\"}}', '2018-02-01 13:06:24', '2018-02-01 13:06:24', 'b08148cc-7de2-4f0b-92b4-2c7a2131d98c'),
 ('25', '4', '3', '1', 'en_gb', '14', '', '{\"typeId\":\"3\",\"authorId\":\"1\",\"title\":\"Example project 1\",\"slug\":\"example-project-1\",\"postDate\":1516981860,\"expiryDate\":null,\"enabled\":1,\"parentId\":null,\"fields\":{\"34\":\"Lorem ipsum dolor sit amet, consectetuer adipiscing elit, sed diam nonummy nibh euismod tincidunt ut laoreet dolore magna aliquam erat volutpat. Ut wisi enim ad minim\",\"33\":\"John smitg\",\"29\":\"Godel Architects\",\"3\":[\"35\"],\"31\":\"St Peter, Jersey\",\"4\":{\"11\":{\"type\":\"creditBlock\",\"enabled\":\"1\",\"fields\":{\"credits\":[{\"col1\":\"COMPANY\",\"col2\":\"Godel Architects\"},{\"col1\":\"PROJECT\",\"col2\":\"Example project 1\"},{\"col1\":\"LOCATION\",\"col2\":\"St Peter, Jersey\"},{\"col1\":\"WEBSITE\",\"col2\":\"www.godelarchitects.com\"}],\"images\":[\"9\",\"10\"]}},\"31\":{\"type\":\"imageGrid\",\"enabled\":\"1\",\"fields\":{\"images\":[\"6\",\"18\",\"19\",\"29\",\"20\",\"30\",\"9\",\"10\"]}},\"32\":{\"type\":\"videoBlock\",\"enabled\":\"1\",\"fields\":{\"youtubeUrl\":\"https:\\/\\/www.youtube.com\\/watch?v=xcJtL7QggTI\\/\",\"vimeoUrl\":\"\",\"videoPoster\":[\"29\"],\"credits\":[{\"col1\":\"video by\",\"col2\":\"iPOP Digital\"},{\"col1\":\"PHOTOGRAPHY BY\",\"col2\":\"Andy Le Gresley\"},{\"col1\":\"Art Direction\",\"col2\":\"Jon Moore\"},{\"col1\":\"WEBSITE\",\"col2\":\"www.ipopdigital.com\"}]}},\"36\":{\"type\":\"quoteBlock\",\"enabled\":\"1\",\"fields\":{\"quote\":\"\\u201cLorem ipsum dolor sit amet, consectetuer adipiscing elit, sed diam nonummy nibh euismod tincidunt ut laoreet dolore magna aliquam erat volutpat.\\u201d\",\"quoter\":\"JON MOORE,\",\"quoterPosition\":\"the chamber of commerce\",\"image\":[\"38\"]}}},\"32\":\"www.godelarchitects.com\"}}', '2018-02-01 15:34:03', '2018-02-01 15:34:03', 'bc67bb00-c182-4190-9100-e6e281d5af97'),
 ('26', '4', '3', '1', 'en_gb', '15', '', '{\"typeId\":\"3\",\"authorId\":\"1\",\"title\":\"Example project 1\",\"slug\":\"example-project-1\",\"postDate\":1516981860,\"expiryDate\":null,\"enabled\":1,\"parentId\":null,\"fields\":{\"34\":\"Lorem ipsum dolor sit amet, consectetuer adipiscing elit, sed diam nonummy nibh euismod tincidunt ut laoreet dolore magna aliquam erat volutpat. Ut wisi enim ad minim\",\"33\":\"John smitg\",\"29\":\"Godel Architects\",\"3\":[\"35\"],\"31\":\"St Peter, Jersey\",\"4\":{\"11\":{\"type\":\"creditBlock\",\"enabled\":\"1\",\"fields\":{\"images\":[\"9\",\"10\"]}},\"31\":{\"type\":\"imageGrid\",\"enabled\":\"1\",\"fields\":{\"images\":[\"6\",\"18\",\"19\",\"29\",\"20\",\"30\",\"9\",\"10\"]}},\"32\":{\"type\":\"videoBlock\",\"enabled\":\"1\",\"fields\":{\"youtubeUrl\":\"https:\\/\\/www.youtube.com\\/watch?v=xcJtL7QggTI\\/\",\"vimeoUrl\":\"\",\"videoPoster\":[\"29\"],\"credits\":[{\"col1\":\"video by\",\"col2\":\"iPOP Digital\"},{\"col1\":\"PHOTOGRAPHY BY\",\"col2\":\"Andy Le Gresley\"},{\"col1\":\"Art Direction\",\"col2\":\"Jon Moore\"},{\"col1\":\"WEBSITE\",\"col2\":\"www.ipopdigital.com\"}]}},\"36\":{\"type\":\"quoteBlock\",\"enabled\":\"1\",\"fields\":{\"quote\":\"\\u201cLorem ipsum dolor sit amet, consectetuer adipiscing elit, sed diam nonummy nibh euismod tincidunt ut laoreet dolore magna aliquam erat volutpat.\\u201d\",\"quoter\":\"JON MOORE,\",\"quoterPosition\":\"the chamber of commerce\",\"image\":[\"38\"]}},\"new1\":{\"type\":\"fullWidthSlider\",\"enabled\":\"1\",\"fields\":{\"images\":[\"76\",\"6\",\"96\",\"92\",\"9\"]}}},\"32\":\"www.godelarchitects.com\"}}', '2018-02-05 09:54:44', '2018-02-05 09:54:44', '68ad5fa0-6983-453f-b281-6faa035799fe'),
 ('38', '4', '3', '1', 'en_gb', '16', '', '{\"typeId\":\"3\",\"authorId\":\"1\",\"title\":\"Example project 1\",\"slug\":\"example-project-1\",\"postDate\":1516981860,\"expiryDate\":null,\"enabled\":1,\"parentId\":null,\"fields\":{\"34\":\"Lorem ipsum dolor sit amet, consectetuer adipiscing elit, sed diam nonummy nibh euismod tincidunt ut laoreet dolore magna aliquam erat volutpat. Ut wisi enim ad minim\",\"33\":\"John smitg\",\"29\":\"Godel Architects\",\"3\":[\"35\"],\"31\":\"St Peter, Jersey\",\"4\":{\"11\":{\"type\":\"creditBlock\",\"enabled\":\"1\",\"fields\":{\"images\":[\"9\",\"10\"]}},\"31\":{\"type\":\"imageGrid\",\"enabled\":\"1\",\"fields\":{\"images\":[\"6\",\"18\",\"19\",\"29\",\"20\",\"30\",\"9\",\"10\"]}},\"32\":{\"type\":\"videoBlock\",\"enabled\":\"1\",\"fields\":{\"youtubeUrl\":\"https:\\/\\/www.youtube.com\\/watch?v=xcJtL7QggTI\\/\",\"vimeoUrl\":\"\",\"videoPoster\":[\"29\"],\"credits\":[{\"col1\":\"video by\",\"col2\":\"iPOP Digital\"},{\"col1\":\"PHOTOGRAPHY BY\",\"col2\":\"Andy Le Gresley\"},{\"col1\":\"Art Direction\",\"col2\":\"Jon Moore\"},{\"col1\":\"WEBSITE\",\"col2\":\"www.ipopdigital.com\"}]}},\"36\":{\"type\":\"quoteBlock\",\"enabled\":\"1\",\"fields\":{\"quote\":\"Lorem ipsum dolor sit amet, consectetuer adipiscing elit, sed diam nonummy nibh euismod tincidunt ut laoreet dolore magna aliquam erat volutpat.\",\"quoter\":\"JON MOORE,\",\"quoterPosition\":\"the chamber of commerce\",\"image\":[\"38\"]}},\"110\":{\"type\":\"fullWidthSlider\",\"enabled\":\"1\",\"fields\":{\"images\":[\"6\",\"9\"]}}},\"36\":\"\",\"32\":\"www.godelarchitects.com\"}}', '2018-02-14 09:47:06', '2018-02-14 09:47:06', 'cd1fd52c-7091-4eaf-a197-398b4bd42672'),
 ('45', '273', '3', '1', 'en_gb', '1', NULL, '{\"typeId\":null,\"authorId\":\"1\",\"title\":\"fff\",\"slug\":\"fff\",\"postDate\":1518652800,\"expiryDate\":null,\"enabled\":1,\"parentId\":null,\"fields\":{\"34\":\"fff\",\"29\":\"\",\"3\":[\"272\"],\"31\":\"\",\"32\":\"\"}}', '2018-02-15 17:10:22', '2018-02-15 17:10:22', '74946e72-0676-4c60-8630-a5f5aa006c42'),
 ('46', '276', '3', '1', 'en_gb', '1', NULL, '{\"typeId\":null,\"authorId\":\"1\",\"title\":\"wsasa\",\"slug\":\"wsasa\",\"postDate\":1518652800,\"expiryDate\":null,\"enabled\":1,\"parentId\":null,\"fields\":{\"34\":\"\",\"29\":\"\",\"3\":[\"274\"],\"31\":\"\",\"36\":[\"275\"],\"32\":\"\"}}', '2018-02-15 17:13:11', '2018-02-15 17:13:11', '85242ff5-c125-4fe4-a930-3a4ec2b0ce0f'),
 ('47', '280', '3', '1', 'en_gb', '1', NULL, '{\"typeId\":null,\"authorId\":\"1\",\"title\":\"testest\",\"slug\":\"testest\",\"postDate\":1518652800,\"expiryDate\":null,\"enabled\":1,\"parentId\":null,\"fields\":{\"34\":\"\",\"29\":\"\",\"3\":[\"277\"],\"31\":\"\",\"36\":[\"278\",\"279\"],\"32\":\"\"}}', '2018-02-15 17:13:49', '2018-02-15 17:13:49', '41a71013-ce81-448c-b0e1-c363a5a49d10');



DROP TABLE IF EXISTS `craft_fieldgroups`;


--
-- Schema for table `craft_fieldgroups`
--
CREATE TABLE `craft_fieldgroups` (
  `id` int(11) NOT NULL AUTO_INCREMENT,
  `name` varchar(255) COLLATE utf8_unicode_ci NOT NULL,
  `dateCreated` datetime NOT NULL,
  `dateUpdated` datetime NOT NULL,
  `uid` char(36) COLLATE utf8_unicode_ci NOT NULL DEFAULT '0',
  PRIMARY KEY (`id`),
  UNIQUE KEY `craft_fieldgroups_name_unq_idx` (`name`)
) ENGINE=InnoDB AUTO_INCREMENT=4 DEFAULT CHARSET=utf8 COLLATE=utf8_unicode_ci;

--
-- Data for table `craft_fieldgroups`
--

INSERT INTO `craft_fieldgroups` (`id`, `name`, `dateCreated`, `dateUpdated`, `uid`) VALUES
 ('1', 'Default', '2018-01-18 10:53:38', '2018-01-18 10:53:38', '12e4b222-e354-4d7d-a48b-c31eb702f637'),
 ('2', 'User', '2018-01-31 14:30:32', '2018-01-31 14:30:32', 'a405c3da-5b8f-4052-94dc-57d6c161850c'),
 ('3', 'Project', '2018-02-01 13:02:47', '2018-02-01 13:02:47', '5c4c3da1-1c3a-4699-b40c-598fe3d14d28');



DROP TABLE IF EXISTS `craft_fieldlayoutfields`;


--
-- Schema for table `craft_fieldlayoutfields`
--
CREATE TABLE `craft_fieldlayoutfields` (
  `id` int(11) NOT NULL AUTO_INCREMENT,
  `layoutId` int(11) NOT NULL,
  `tabId` int(11) NOT NULL,
  `fieldId` int(11) NOT NULL,
  `required` tinyint(1) unsigned NOT NULL DEFAULT '0',
  `sortOrder` smallint(6) unsigned DEFAULT NULL,
  `dateCreated` datetime NOT NULL,
  `dateUpdated` datetime NOT NULL,
  `uid` char(36) COLLATE utf8_unicode_ci NOT NULL DEFAULT '0',
  PRIMARY KEY (`id`),
  UNIQUE KEY `craft_fieldlayoutfields_layoutId_fieldId_unq_idx` (`layoutId`,`fieldId`),
  KEY `craft_fieldlayoutfields_sortOrder_idx` (`sortOrder`),
  KEY `craft_fieldlayoutfields_tabId_fk` (`tabId`),
  KEY `craft_fieldlayoutfields_fieldId_fk` (`fieldId`)
) ENGINE=InnoDB AUTO_INCREMENT=211 DEFAULT CHARSET=utf8 COLLATE=utf8_unicode_ci;

--
-- Data for table `craft_fieldlayoutfields`
--

INSERT INTO `craft_fieldlayoutfields` (`id`, `layoutId`, `tabId`, `fieldId`, `required`, `sortOrder`, `dateCreated`, `dateUpdated`, `uid`) VALUES
 ('1', '3', '1', '1', '1', '1', '2018-01-18 10:53:40', '2018-01-18 10:53:40', '1d659820-2326-459b-a4c6-8cced643b07e'),
 ('2', '5', '2', '1', '1', '1', '2018-01-18 10:53:41', '2018-01-18 10:53:41', '4121a70d-ab19-417f-98e4-f86c792784a7'),
 ('3', '5', '2', '2', '0', '2', '2018-01-18 10:53:41', '2018-01-18 10:53:41', '3815b9bd-a74c-4546-aaf1-a9497515f0fe'),
 ('73', '40', '33', '18', '1', '1', '2018-01-31 15:20:12', '2018-01-31 15:20:12', 'd7ca1a07-b436-4f58-9a51-5edb9404641d'),
 ('74', '40', '33', '19', '1', '2', '2018-01-31 15:20:12', '2018-01-31 15:20:12', '2d07dad7-9ce2-43e7-8663-5a747a1e8f56'),
 ('75', '40', '33', '20', '1', '3', '2018-01-31 15:20:12', '2018-01-31 15:20:12', 'ebb68834-9c72-4314-851d-da5c9dd62464'),
 ('76', '40', '33', '21', '0', '4', '2018-01-31 15:20:12', '2018-01-31 15:20:12', '677160fe-2614-4dd8-bc26-5526dc2e1a07'),
 ('77', '40', '33', '22', '0', '5', '2018-01-31 15:20:12', '2018-01-31 15:20:12', '5418ac0a-8f61-4b2e-8e6c-2bc7cb6fba69'),
 ('78', '40', '33', '23', '0', '6', '2018-01-31 15:20:12', '2018-01-31 15:20:12', '4413c4b2-7395-4ade-be35-22dce33086e6'),
 ('79', '40', '33', '24', '0', '7', '2018-01-31 15:20:12', '2018-01-31 15:20:12', 'b43bdaad-5977-427b-899d-6ae7dff64138'),
 ('80', '40', '33', '26', '0', '8', '2018-01-31 15:20:12', '2018-01-31 15:20:12', 'ce2998a2-7ed4-4c2a-8a04-dd55daa39fc5'),
 ('81', '40', '33', '27', '0', '9', '2018-01-31 15:20:12', '2018-01-31 15:20:12', 'ecb6dd38-7b62-4944-b8fc-528c511cbdd8'),
 ('82', '40', '33', '28', '0', '10', '2018-01-31 15:20:12', '2018-01-31 15:20:12', '566119ff-09de-4400-9805-35290e82bd81'),
 ('83', '40', '33', '25', '0', '11', '2018-01-31 15:20:12', '2018-01-31 15:20:12', '2e3a777f-ce1c-4954-a6d7-2e15e29c0826'),
 ('126', '53', '46', '29', '0', '1', '2018-02-09 09:45:15', '2018-02-09 09:45:15', '6b00da73-303f-401d-803e-d4ffcc1b7f17'),
 ('127', '53', '46', '31', '0', '2', '2018-02-09 09:45:15', '2018-02-09 09:45:15', '9625981d-abc8-4d3b-9a72-afa16db31381'),
 ('128', '53', '46', '32', '0', '3', '2018-02-09 09:45:15', '2018-02-09 09:45:15', '358e37fa-feb7-442b-a032-0d29fd1146e2'),
 ('129', '53', '46', '33', '0', '4', '2018-02-09 09:45:15', '2018-02-09 09:45:15', '60499e8b-20c2-4287-be7d-3850db766e10'),
 ('130', '53', '46', '34', '0', '5', '2018-02-09 09:45:15', '2018-02-09 09:45:15', '7844feab-dc62-4b0f-8fbd-aeb0c29dac08'),
 ('131', '53', '46', '3', '1', '6', '2018-02-09 09:45:15', '2018-02-09 09:45:15', '12dcf31e-bfd4-4678-8ce1-9f8dfbf1c39a'),
 ('132', '53', '46', '36', '0', '7', '2018-02-09 09:45:15', '2018-02-09 09:45:15', 'edba70d7-70c1-4ca1-8787-73877d33e4dd'),
 ('133', '53', '46', '4', '0', '8', '2018-02-09 09:45:15', '2018-02-09 09:45:15', '702982a0-6d04-4158-9f33-38d468d4c78c'),
 ('200', '84', '77', '6', '0', '1', '2018-02-14 11:06:53', '2018-02-14 11:06:53', 'dd2391e5-a321-417a-af0b-4a0b30611e19'),
 ('201', '85', '78', '7', '0', '1', '2018-02-14 11:06:53', '2018-02-14 11:06:53', 'e99bc874-1f45-4ed1-a459-666bb80e0e5a'),
 ('202', '86', '79', '8', '0', '1', '2018-02-14 11:06:53', '2018-02-14 11:06:53', '9b74b304-7cb3-4ac5-ba57-c64c5f26fc41'),
 ('203', '86', '79', '9', '0', '2', '2018-02-14 11:06:53', '2018-02-14 11:06:53', '3e7fcde7-a566-4353-84e7-01f2eca452e7'),
 ('204', '86', '79', '10', '1', '3', '2018-02-14 11:06:53', '2018-02-14 11:06:53', '6ada2bbb-9b62-42b6-9f3e-54b088ebba52'),
 ('205', '86', '79', '11', '0', '4', '2018-02-14 11:06:53', '2018-02-14 11:06:53', '2cbae970-2b94-40ea-a5ec-d53ded61d946'),
 ('206', '87', '80', '12', '0', '1', '2018-02-14 11:06:53', '2018-02-14 11:06:53', '4a6760b1-46c8-4bdb-92ba-a3b044358fde'),
 ('207', '87', '80', '13', '0', '2', '2018-02-14 11:06:53', '2018-02-14 11:06:53', '07d526d0-50d7-4e7f-938b-cd39469aac48'),
 ('208', '87', '80', '15', '0', '3', '2018-02-14 11:06:53', '2018-02-14 11:06:53', '8a2646df-9e61-4d3d-8a25-7c359fd9c695'),
 ('209', '87', '80', '14', '0', '4', '2018-02-14 11:06:53', '2018-02-14 11:06:53', 'ddc5369b-e1ce-4039-be49-bc272c61b4ca'),
 ('210', '88', '81', '35', '0', '1', '2018-02-14 11:06:53', '2018-02-14 11:06:53', '4f08956e-b150-46a9-9103-82570e044547');



DROP TABLE IF EXISTS `craft_fieldlayouts`;


--
-- Schema for table `craft_fieldlayouts`
--
CREATE TABLE `craft_fieldlayouts` (
  `id` int(11) NOT NULL AUTO_INCREMENT,
  `type` varchar(150) COLLATE utf8_unicode_ci NOT NULL,
  `dateCreated` datetime NOT NULL,
  `dateUpdated` datetime NOT NULL,
  `uid` char(36) COLLATE utf8_unicode_ci NOT NULL DEFAULT '0',
  PRIMARY KEY (`id`),
  KEY `craft_fieldlayouts_type_idx` (`type`)
) ENGINE=InnoDB AUTO_INCREMENT=89 DEFAULT CHARSET=utf8 COLLATE=utf8_unicode_ci;

--
-- Data for table `craft_fieldlayouts`
--

INSERT INTO `craft_fieldlayouts` (`id`, `type`, `dateCreated`, `dateUpdated`, `uid`) VALUES
 ('1', 'Tag', '2018-01-18 10:53:38', '2018-01-18 10:53:38', 'abb117d9-5d3a-455e-8bf5-ac0513def2c7'),
 ('3', 'Entry', '2018-01-18 10:53:40', '2018-01-18 10:53:40', '461f127f-f464-4e2c-99f7-ad0b36af9276'),
 ('5', 'Entry', '2018-01-18 10:53:41', '2018-01-18 10:53:41', '8edaa1f8-d56c-4218-88af-bf5a0c38a23c'),
 ('9', 'Asset', '2018-01-30 11:06:56', '2018-01-30 11:06:56', '47ae5f18-dc08-4d2b-aba5-02cd3a085c5b'),
 ('10', 'Asset', '2018-01-30 11:07:44', '2018-01-30 11:07:44', '2b7b4f4b-0568-475c-87de-60ddd7896965'),
 ('40', 'User', '2018-01-31 15:20:12', '2018-01-31 15:20:12', 'b632b55e-4cd6-4f38-9a29-6c0c36d14b62'),
 ('53', 'Entry', '2018-02-09 09:45:15', '2018-02-09 09:45:15', '634bd2ea-dfe7-4f87-b5c2-d92746a2fb45'),
 ('84', 'MatrixBlock', '2018-02-14 11:06:53', '2018-02-14 11:06:53', '6f77b406-819c-480d-a0f9-93ebad224534'),
 ('85', 'MatrixBlock', '2018-02-14 11:06:53', '2018-02-14 11:06:53', '15465f3b-c081-4a24-b71a-57312d790f4a'),
 ('86', 'MatrixBlock', '2018-02-14 11:06:53', '2018-02-14 11:06:53', '48022ff4-ab37-41a7-a261-de53718522b3'),
 ('87', 'MatrixBlock', '2018-02-14 11:06:53', '2018-02-14 11:06:53', '5fbac141-9cdc-44fb-aab1-8769d8a0f485'),
 ('88', 'MatrixBlock', '2018-02-14 11:06:53', '2018-02-14 11:06:53', 'd12b137c-0bd7-4734-bf24-292166451f78');



DROP TABLE IF EXISTS `craft_fieldlayouttabs`;


--
-- Schema for table `craft_fieldlayouttabs`
--
CREATE TABLE `craft_fieldlayouttabs` (
  `id` int(11) NOT NULL AUTO_INCREMENT,
  `layoutId` int(11) NOT NULL,
  `name` varchar(255) COLLATE utf8_unicode_ci NOT NULL,
  `sortOrder` smallint(6) unsigned DEFAULT NULL,
  `dateCreated` datetime NOT NULL,
  `dateUpdated` datetime NOT NULL,
  `uid` char(36) COLLATE utf8_unicode_ci NOT NULL DEFAULT '0',
  PRIMARY KEY (`id`),
  KEY `craft_fieldlayouttabs_sortOrder_idx` (`sortOrder`),
  KEY `craft_fieldlayouttabs_layoutId_fk` (`layoutId`)
) ENGINE=InnoDB AUTO_INCREMENT=82 DEFAULT CHARSET=utf8 COLLATE=utf8_unicode_ci;

--
-- Data for table `craft_fieldlayouttabs`
--

INSERT INTO `craft_fieldlayouttabs` (`id`, `layoutId`, `name`, `sortOrder`, `dateCreated`, `dateUpdated`, `uid`) VALUES
 ('1', '3', 'Content', '1', '2018-01-18 10:53:40', '2018-01-18 10:53:40', 'cc02cf24-5df6-4496-8e1b-c878a7823ab0'),
 ('2', '5', 'Content', '1', '2018-01-18 10:53:41', '2018-01-18 10:53:41', '5f903040-0e53-4c90-995f-7e4a3d2b6c91'),
 ('33', '40', 'Profile', '1', '2018-01-31 15:20:12', '2018-01-31 15:20:12', 'eeb24e3b-2104-48cf-b640-28b73ed94f18'),
 ('46', '53', 'Tab 1', '1', '2018-02-09 09:45:15', '2018-02-09 09:45:15', 'cfd2602a-e839-49ec-9b5d-b717d41b59cf'),
 ('77', '84', 'Content', '1', '2018-02-14 11:06:53', '2018-02-14 11:06:53', 'dd07f920-3dbb-4add-a56a-c366d7e5d0a4'),
 ('78', '85', 'Content', '1', '2018-02-14 11:06:53', '2018-02-14 11:06:53', 'bb3aa37f-48b7-4ff9-94d8-607c880a5b54'),
 ('79', '86', 'Content', '1', '2018-02-14 11:06:53', '2018-02-14 11:06:53', '4f2130d5-6385-4d45-9277-e542453a1a5a'),
 ('80', '87', 'Content', '1', '2018-02-14 11:06:53', '2018-02-14 11:06:53', '13bc3b05-0235-4cb7-994a-4c56b783c435'),
 ('81', '88', 'Content', '1', '2018-02-14 11:06:53', '2018-02-14 11:06:53', 'e67d15ac-26a7-4386-94cc-5eb091d6a468');



DROP TABLE IF EXISTS `craft_fields`;


--
-- Schema for table `craft_fields`
--
CREATE TABLE `craft_fields` (
  `id` int(11) NOT NULL AUTO_INCREMENT,
  `groupId` int(11) DEFAULT NULL,
  `name` varchar(255) COLLATE utf8_unicode_ci NOT NULL,
  `handle` varchar(58) COLLATE utf8_unicode_ci NOT NULL,
  `context` varchar(255) COLLATE utf8_unicode_ci NOT NULL DEFAULT 'global',
  `instructions` text COLLATE utf8_unicode_ci,
  `translatable` tinyint(1) unsigned NOT NULL DEFAULT '0',
  `type` varchar(150) COLLATE utf8_unicode_ci NOT NULL,
  `settings` text COLLATE utf8_unicode_ci,
  `dateCreated` datetime NOT NULL,
  `dateUpdated` datetime NOT NULL,
  `uid` char(36) COLLATE utf8_unicode_ci NOT NULL DEFAULT '0',
  PRIMARY KEY (`id`),
  UNIQUE KEY `craft_fields_handle_context_unq_idx` (`handle`,`context`),
  KEY `craft_fields_context_idx` (`context`),
  KEY `craft_fields_groupId_fk` (`groupId`)
) ENGINE=InnoDB AUTO_INCREMENT=37 DEFAULT CHARSET=utf8 COLLATE=utf8_unicode_ci;

--
-- Data for table `craft_fields`
--

INSERT INTO `craft_fields` (`id`, `groupId`, `name`, `handle`, `context`, `instructions`, `translatable`, `type`, `settings`, `dateCreated`, `dateUpdated`, `uid`) VALUES
 ('1', '1', 'Body', 'body', 'global', NULL, '1', 'RichText', '{\"configFile\":\"Standard.json\",\"columnType\":\"text\"}', '2018-01-18 10:53:39', '2018-01-18 10:53:39', 'c83df057-e675-45f7-801d-47fd108be1d8'),
 ('2', '1', 'Tags', 'tags', 'global', NULL, '0', 'Tags', '{\"source\":\"taggroup:1\"}', '2018-01-18 10:53:40', '2018-01-18 10:53:40', 'ab56102b-83d1-4787-98ed-ed6674a65cc5'),
 ('3', '1', 'Heading Image', 'headingImage', 'global', '', '0', 'Assets', '{\"useSingleFolder\":\"1\",\"sources\":\"*\",\"defaultUploadLocationSource\":\"1\",\"defaultUploadLocationSubpath\":\"{slug}\\/\",\"singleUploadLocationSource\":\"1\",\"singleUploadLocationSubpath\":\"{slug}\",\"restrictFiles\":\"\",\"limit\":\"1\",\"viewMode\":\"list\",\"selectionLabel\":\"\"}', '2018-01-26 15:58:13', '2018-02-14 11:04:05', 'fd94bd94-0f1f-491b-8a86-53c88d9d44a6'),
 ('4', '1', 'Project Content', 'projectContent', 'global', '', '0', 'Matrix', '{\"maxBlocks\":null}', '2018-01-30 12:31:13', '2018-02-14 11:06:53', 'd8b53d61-7274-4232-8028-05342f02f9e7'),
 ('6', NULL, 'Images', 'images', 'matrixBlockType:1', '', '0', 'Assets', '{\"useSingleFolder\":\"\",\"sources\":\"*\",\"defaultUploadLocationSource\":\"1\",\"defaultUploadLocationSubpath\":\"\",\"singleUploadLocationSource\":\"1\",\"singleUploadLocationSubpath\":\"\",\"restrictFiles\":\"1\",\"allowedKinds\":[\"image\"],\"limit\":\"\",\"viewMode\":\"list\",\"selectionLabel\":\"\"}', '2018-01-30 12:31:14', '2018-02-14 11:06:53', 'ccdc1e29-726f-41a3-86a2-9efced939d8c'),
 ('7', NULL, 'Images', 'images', 'matrixBlockType:2', '', '0', 'Assets', '{\"useSingleFolder\":\"1\",\"sources\":\"*\",\"defaultUploadLocationSource\":\"1\",\"defaultUploadLocationSubpath\":\"\",\"singleUploadLocationSource\":\"1\",\"singleUploadLocationSubpath\":\"{slug}\",\"restrictFiles\":\"1\",\"allowedKinds\":[\"image\"],\"limit\":\"\",\"viewMode\":\"list\",\"selectionLabel\":\"\"}', '2018-01-30 13:25:46', '2018-02-14 11:06:53', '7dd89a96-f6b5-485e-a049-afa5a72741d8'),
 ('8', NULL, 'Youtube Url', 'youtubeUrl', 'matrixBlockType:3', '', '0', 'PlainText', '{\"placeholder\":\"\",\"maxLength\":\"\",\"multiline\":\"\",\"initialRows\":\"4\"}', '2018-01-30 14:40:40', '2018-02-14 11:06:53', '90bb1fc4-bc2e-47e2-a117-1ec54c06ea1c'),
 ('9', NULL, 'Vimeo Url', 'vimeoUrl', 'matrixBlockType:3', '', '0', 'PlainText', '{\"placeholder\":\"\",\"maxLength\":\"\",\"multiline\":\"\",\"initialRows\":\"4\"}', '2018-01-30 14:40:40', '2018-02-14 11:06:53', 'da3507d2-bdcd-47b7-8916-2fc34754eef4'),
 ('10', NULL, 'Video Poster', 'videoPoster', 'matrixBlockType:3', '', '0', 'Assets', '{\"useSingleFolder\":\"1\",\"sources\":\"*\",\"defaultUploadLocationSource\":\"1\",\"defaultUploadLocationSubpath\":\"\",\"singleUploadLocationSource\":\"1\",\"singleUploadLocationSubpath\":\"{slug}\",\"restrictFiles\":\"\",\"limit\":\"\",\"viewMode\":\"list\",\"selectionLabel\":\"\"}', '2018-01-30 14:44:20', '2018-02-14 11:06:53', '96a4e5b7-b1c5-45bb-8b18-bfdd09ad5472'),
 ('11', NULL, 'Credits', 'credits', 'matrixBlockType:3', '', '0', 'Table', '{\"columns\":{\"col1\":{\"heading\":\"Heading\",\"handle\":\"heading\",\"width\":\"\",\"type\":\"singleline\"},\"col2\":{\"heading\":\"Credit\",\"handle\":\"credit\",\"width\":\"\",\"type\":\"singleline\"}},\"defaults\":{\"row1\":{\"col1\":\"\",\"col2\":\"\"}}}', '2018-01-30 16:33:16', '2018-02-14 11:06:53', 'e32d27f2-70a8-4e64-8af5-7df92eac54df'),
 ('12', NULL, 'Quote', 'quote', 'matrixBlockType:4', '', '0', 'PlainText', '{\"placeholder\":\"\",\"maxLength\":\"\",\"multiline\":\"\",\"initialRows\":\"4\"}', '2018-01-30 16:39:27', '2018-02-14 11:06:53', '1d155a70-c035-4e1f-a50a-2e5d680a3aef'),
 ('13', NULL, 'Quoter', 'quoter', 'matrixBlockType:4', '', '0', 'PlainText', '{\"placeholder\":\"\",\"maxLength\":\"\",\"multiline\":\"\",\"initialRows\":\"4\"}', '2018-01-30 16:39:27', '2018-02-14 11:06:53', 'cf13ff61-13b0-44a8-b731-fe758958575c'),
 ('14', NULL, 'Image', 'image', 'matrixBlockType:4', '', '0', 'Assets', '{\"useSingleFolder\":\"1\",\"sources\":\"*\",\"defaultUploadLocationSource\":\"1\",\"defaultUploadLocationSubpath\":\"\",\"singleUploadLocationSource\":\"1\",\"singleUploadLocationSubpath\":\"{slug}\",\"restrictFiles\":\"1\",\"allowedKinds\":[\"image\"],\"limit\":\"\",\"viewMode\":\"list\",\"selectionLabel\":\"\"}', '2018-01-30 16:39:27', '2018-02-14 11:06:53', '0e02e8eb-6816-4e98-948f-1101b55115ec'),
 ('15', NULL, 'Quoter Position', 'quoterPosition', 'matrixBlockType:4', '', '0', 'PlainText', '{\"placeholder\":\"\",\"maxLength\":\"\",\"multiline\":\"\",\"initialRows\":\"4\"}', '2018-01-31 09:33:25', '2018-02-14 11:06:53', '6122fb02-6124-42c7-8462-32b63894a607'),
 ('18', '2', 'AJA Membership No', 'ajaMembershipNo', 'global', '', '0', 'PlainText', '{\"placeholder\":\"\",\"maxLength\":\"\",\"multiline\":\"\",\"initialRows\":\"4\"}', '2018-01-31 14:47:26', '2018-01-31 14:47:26', '48f6a1c9-f590-4364-9252-446374f54cc4'),
 ('19', '2', 'ARB Membership No', 'arbMembershipNo', 'global', '', '0', 'PlainText', '{\"placeholder\":\"\",\"maxLength\":\"\",\"multiline\":\"\",\"initialRows\":\"4\"}', '2018-01-31 14:59:19', '2018-01-31 15:01:03', 'de8f195e-c8ff-4aee-935f-78c39fc2fc64'),
 ('20', '2', 'RIBA Membership No', 'ribaMembershipNo', 'global', '', '0', 'PlainText', '{\"placeholder\":\"\",\"maxLength\":\"\",\"multiline\":\"\",\"initialRows\":\"4\"}', '2018-01-31 15:01:48', '2018-01-31 15:01:48', '3648a01e-07f3-47ab-a8cb-5a1158cbcded'),
 ('21', '2', 'Company Website', 'companyWebsite', 'global', '', '0', 'PlainText', '{\"placeholder\":\"\",\"maxLength\":\"\",\"multiline\":\"\",\"initialRows\":\"4\"}', '2018-01-31 15:08:50', '2018-01-31 16:48:14', '372dfbac-e831-44d3-aab3-1fbbe8be758f'),
 ('22', '2', 'Phone number', 'phoneNumber', 'global', '', '0', 'PlainText', '{\"placeholder\":\"\",\"maxLength\":\"\",\"multiline\":\"\",\"initialRows\":\"4\"}', '2018-01-31 15:09:02', '2018-01-31 15:09:02', '7a46edea-e2f1-4e4b-b66f-cf3c86473e57'),
 ('23', '2', 'Personal profile', 'personalProfile', 'global', '', '0', 'PlainText', '{\"placeholder\":\"\",\"maxLength\":\"1100\",\"multiline\":\"1\",\"initialRows\":\"4\"}', '2018-01-31 15:09:44', '2018-01-31 15:35:42', '60cbcfd0-440e-4ac4-a27a-083e7600b6a3'),
 ('24', '2', 'Facebook link', 'facebookLink', 'global', '', '0', 'PlainText', '{\"placeholder\":\"\",\"maxLength\":\"\",\"multiline\":\"\",\"initialRows\":\"4\"}', '2018-01-31 15:10:57', '2018-01-31 15:10:57', '63cc3c28-e2cd-4737-afbe-0f07c68962c0'),
 ('25', '2', 'Twitter link', 'twitterLink', 'global', '', '0', 'PlainText', '{\"placeholder\":\"\",\"maxLength\":\"\",\"multiline\":\"\",\"initialRows\":\"4\"}', '2018-01-31 15:11:07', '2018-01-31 15:11:07', 'd0e8e74e-802e-4940-aedc-4ad78cf64d7d'),
 ('26', '2', 'Instagram Link', 'instagramLink', 'global', '', '0', 'PlainText', '{\"placeholder\":\"\",\"maxLength\":\"\",\"multiline\":\"\",\"initialRows\":\"4\"}', '2018-01-31 15:11:28', '2018-01-31 15:11:28', 'f5ded1f5-2243-4082-ad55-a9dbe2270993'),
 ('27', '2', 'Linkedin Link', 'linkedinLink', 'global', '', '0', 'PlainText', '{\"placeholder\":\"\",\"maxLength\":\"\",\"multiline\":\"\",\"initialRows\":\"4\"}', '2018-01-31 15:11:46', '2018-01-31 15:11:46', '14b81c3d-50a7-48c2-a024-e5a9e40ec487'),
 ('28', '2', 'Pinterest link', 'pinterestLink', 'global', '', '0', 'PlainText', '{\"placeholder\":\"\",\"maxLength\":\"\",\"multiline\":\"\",\"initialRows\":\"4\"}', '2018-01-31 15:12:00', '2018-01-31 15:12:00', '8ab3e56d-62e2-424e-bb95-88fb3d91b478'),
 ('29', '3', 'Company', 'company', 'global', '', '0', 'PlainText', '{\"placeholder\":\"\",\"maxLength\":\"\",\"multiline\":\"\",\"initialRows\":\"4\"}', '2018-02-01 13:03:07', '2018-02-01 13:03:07', '0dec37d8-9f65-4113-9216-3067147414d0'),
 ('31', '3', 'Location', 'location', 'global', '', '0', 'PlainText', '{\"placeholder\":\"\",\"maxLength\":\"\",\"multiline\":\"\",\"initialRows\":\"4\"}', '2018-02-01 13:03:21', '2018-02-01 13:03:21', '854c48a3-2ae6-4791-bd74-27c6018f8ae3'),
 ('32', '3', 'Website', 'website', 'global', '', '0', 'PlainText', '{\"placeholder\":\"\",\"maxLength\":\"\",\"multiline\":\"\",\"initialRows\":\"4\"}', '2018-02-01 13:03:30', '2018-02-01 13:03:30', 'efc749fb-f686-4601-861f-91c490626257'),
 ('33', '3', 'Architect', 'architect', 'global', '', '0', 'PlainText', '{\"placeholder\":\"\",\"maxLength\":\"\",\"multiline\":\"\",\"initialRows\":\"4\"}', '2018-02-01 13:03:41', '2018-02-01 13:03:41', 'c2836a73-b078-4646-b32e-bf7c4da0cece'),
 ('34', '3', 'Abstract', 'abstract', 'global', '', '0', 'PlainText', '{\"placeholder\":\"\",\"maxLength\":\"180\",\"multiline\":\"\",\"initialRows\":\"4\"}', '2018-02-01 15:33:18', '2018-02-05 11:15:47', '1a38155b-ba42-4196-9973-f93201948a1c'),
 ('35', NULL, 'Images', 'images', 'matrixBlockType:5', '', '0', 'Assets', '{\"useSingleFolder\":\"1\",\"sources\":\"*\",\"defaultUploadLocationSource\":\"1\",\"defaultUploadLocationSubpath\":\"\",\"singleUploadLocationSource\":\"1\",\"singleUploadLocationSubpath\":\"{slug}\",\"restrictFiles\":\"\",\"limit\":\"\",\"viewMode\":\"list\",\"selectionLabel\":\"\"}', '2018-02-05 09:44:21', '2018-02-14 11:06:53', '3e3cdcbf-a060-47b4-a24d-cbec4609fb69'),
 ('36', '1', 'Square Slider', 'squareSlider', 'global', '', '0', 'Assets', '{\"useSingleFolder\":\"1\",\"sources\":\"*\",\"defaultUploadLocationSource\":\"1\",\"defaultUploadLocationSubpath\":\"\",\"singleUploadLocationSource\":\"1\",\"singleUploadLocationSubpath\":\"{slug}\",\"restrictFiles\":\"\",\"limit\":\"\",\"viewMode\":\"list\",\"selectionLabel\":\"\"}', '2018-02-09 09:42:13', '2018-02-14 11:06:16', '4e770935-f37a-4e4d-ba72-eef4a47f9b2e');



DROP TABLE IF EXISTS `craft_globalsets`;


--
-- Schema for table `craft_globalsets`
--
CREATE TABLE `craft_globalsets` (
  `id` int(11) NOT NULL,
  `name` varchar(255) COLLATE utf8_unicode_ci NOT NULL,
  `handle` varchar(255) COLLATE utf8_unicode_ci NOT NULL,
  `fieldLayoutId` int(10) DEFAULT NULL,
  `dateCreated` datetime NOT NULL,
  `dateUpdated` datetime NOT NULL,
  `uid` char(36) COLLATE utf8_unicode_ci NOT NULL DEFAULT '0',
  PRIMARY KEY (`id`),
  UNIQUE KEY `craft_globalsets_name_unq_idx` (`name`),
  UNIQUE KEY `craft_globalsets_handle_unq_idx` (`handle`),
  KEY `craft_globalsets_fieldLayoutId_fk` (`fieldLayoutId`)
) ENGINE=InnoDB DEFAULT CHARSET=utf8 COLLATE=utf8_unicode_ci;

DROP TABLE IF EXISTS `craft_info`;


--
-- Schema for table `craft_info`
--
CREATE TABLE `craft_info` (
  `id` int(11) NOT NULL AUTO_INCREMENT,
  `version` varchar(50) COLLATE utf8_unicode_ci NOT NULL,
  `schemaVersion` varchar(15) COLLATE utf8_unicode_ci NOT NULL,
  `edition` tinyint(1) unsigned NOT NULL DEFAULT '0',
  `siteName` varchar(100) COLLATE utf8_unicode_ci NOT NULL,
  `siteUrl` varchar(255) COLLATE utf8_unicode_ci NOT NULL,
  `timezone` varchar(30) COLLATE utf8_unicode_ci DEFAULT NULL,
  `on` tinyint(1) unsigned NOT NULL DEFAULT '0',
  `maintenance` tinyint(1) unsigned NOT NULL DEFAULT '0',
  `dateCreated` datetime NOT NULL,
  `dateUpdated` datetime NOT NULL,
  `uid` char(36) COLLATE utf8_unicode_ci NOT NULL DEFAULT '0',
  PRIMARY KEY (`id`)
) ENGINE=InnoDB AUTO_INCREMENT=2 DEFAULT CHARSET=utf8 COLLATE=utf8_unicode_ci;

--
-- Data for table `craft_info`
--

INSERT INTO `craft_info` (`id`, `version`, `schemaVersion`, `edition`, `siteName`, `siteUrl`, `timezone`, `on`, `maintenance`, `dateCreated`, `dateUpdated`, `uid`) VALUES
 ('1', '2.6.3004', '2.6.13', '2', 'AJA', 'http://localhost/aja', 'UTC', '1', '0', '2018-01-18 10:53:31', '2018-01-26 14:44:00', 'c26a7571-28bb-43a8-b2be-c0d7cbb75d6b');



DROP TABLE IF EXISTS `craft_locales`;


--
-- Schema for table `craft_locales`
--
CREATE TABLE `craft_locales` (
  `locale` char(12) COLLATE utf8_unicode_ci NOT NULL,
  `sortOrder` smallint(6) unsigned DEFAULT NULL,
  `dateCreated` datetime NOT NULL,
  `dateUpdated` datetime NOT NULL,
  `uid` char(36) COLLATE utf8_unicode_ci NOT NULL DEFAULT '0',
  PRIMARY KEY (`locale`),
  KEY `craft_locales_sortOrder_idx` (`sortOrder`)
) ENGINE=InnoDB DEFAULT CHARSET=utf8 COLLATE=utf8_unicode_ci;

--
-- Data for table `craft_locales`
--

INSERT INTO `craft_locales` (`locale`, `sortOrder`, `dateCreated`, `dateUpdated`, `uid`) VALUES
 ('en_gb', '1', '2018-01-18 10:53:33', '2018-01-18 10:53:33', 'e0e0d6e7-956d-4172-8244-d06788357701');



DROP TABLE IF EXISTS `craft_matrixblocks`;


--
-- Schema for table `craft_matrixblocks`
--
CREATE TABLE `craft_matrixblocks` (
  `id` int(11) NOT NULL,
  `ownerId` int(11) NOT NULL,
  `fieldId` int(11) NOT NULL,
  `typeId` int(11) DEFAULT NULL,
  `sortOrder` smallint(6) unsigned DEFAULT NULL,
  `ownerLocale` char(12) COLLATE utf8_unicode_ci DEFAULT NULL,
  `dateCreated` datetime NOT NULL,
  `dateUpdated` datetime NOT NULL,
  `uid` char(36) COLLATE utf8_unicode_ci NOT NULL DEFAULT '0',
  PRIMARY KEY (`id`),
  KEY `craft_matrixblocks_ownerId_idx` (`ownerId`),
  KEY `craft_matrixblocks_fieldId_idx` (`fieldId`),
  KEY `craft_matrixblocks_typeId_idx` (`typeId`),
  KEY `craft_matrixblocks_sortOrder_idx` (`sortOrder`),
  KEY `craft_matrixblocks_ownerLocale_fk` (`ownerLocale`)
) ENGINE=InnoDB DEFAULT CHARSET=utf8 COLLATE=utf8_unicode_ci;

--
-- Data for table `craft_matrixblocks`
--

INSERT INTO `craft_matrixblocks` (`id`, `ownerId`, `fieldId`, `typeId`, `sortOrder`, `ownerLocale`, `dateCreated`, `dateUpdated`, `uid`) VALUES
 ('11', '4', '4', '1', '1', NULL, '2018-01-30 12:32:38', '2018-02-14 09:47:06', '6bf4a4bc-79f8-4dbc-8bf2-91701a9e0204'),
 ('31', '4', '4', '2', '2', NULL, '2018-01-30 13:33:33', '2018-02-14 09:47:06', 'd7ad069d-437f-4402-b252-dbe15ecfbfa7'),
 ('32', '4', '4', '3', '3', NULL, '2018-01-30 14:41:31', '2018-02-14 09:47:06', '7c24644c-9dfd-463a-897d-ef2333135cc7'),
 ('36', '4', '4', '4', '4', NULL, '2018-01-30 16:40:58', '2018-02-14 09:47:06', '09baa42d-8473-48cc-928d-b75a9262eba1'),
 ('110', '4', '4', '5', '5', NULL, '2018-02-05 09:54:44', '2018-02-14 09:47:06', '939805f9-5b09-4b11-993f-19da7b5af7c5');



DROP TABLE IF EXISTS `craft_matrixblocktypes`;


--
-- Schema for table `craft_matrixblocktypes`
--
CREATE TABLE `craft_matrixblocktypes` (
  `id` int(11) NOT NULL AUTO_INCREMENT,
  `fieldId` int(11) NOT NULL,
  `fieldLayoutId` int(11) DEFAULT NULL,
  `name` varchar(255) COLLATE utf8_unicode_ci NOT NULL,
  `handle` varchar(255) COLLATE utf8_unicode_ci NOT NULL,
  `sortOrder` smallint(6) unsigned DEFAULT NULL,
  `dateCreated` datetime NOT NULL,
  `dateUpdated` datetime NOT NULL,
  `uid` char(36) COLLATE utf8_unicode_ci NOT NULL DEFAULT '0',
  PRIMARY KEY (`id`),
  UNIQUE KEY `craft_matrixblocktypes_name_fieldId_unq_idx` (`name`,`fieldId`),
  UNIQUE KEY `craft_matrixblocktypes_handle_fieldId_unq_idx` (`handle`,`fieldId`),
  KEY `craft_matrixblocktypes_fieldId_fk` (`fieldId`),
  KEY `craft_matrixblocktypes_fieldLayoutId_fk` (`fieldLayoutId`)
) ENGINE=InnoDB AUTO_INCREMENT=6 DEFAULT CHARSET=utf8 COLLATE=utf8_unicode_ci;

--
-- Data for table `craft_matrixblocktypes`
--

INSERT INTO `craft_matrixblocktypes` (`id`, `fieldId`, `fieldLayoutId`, `name`, `handle`, `sortOrder`, `dateCreated`, `dateUpdated`, `uid`) VALUES
 ('1', '4', '84', 'Credit Block', 'creditBlock', '1', '2018-01-30 12:31:14', '2018-02-14 11:06:53', '5fdb71b8-8342-49ec-926b-5cfad945f717'),
 ('2', '4', '85', 'Image Grid', 'imageGrid', '2', '2018-01-30 13:25:46', '2018-02-14 11:06:53', '5a396302-56f3-4487-a830-fce6993319ab'),
 ('3', '4', '86', 'Video Block', 'videoBlock', '3', '2018-01-30 14:40:40', '2018-02-14 11:06:53', '334067c5-15f7-4570-98eb-53e0d4df4514'),
 ('4', '4', '87', 'Quote Block', 'quoteBlock', '4', '2018-01-30 16:39:27', '2018-02-14 11:06:53', 'd835f8ab-506e-4445-9e42-0ce6b304d3fc'),
 ('5', '4', '88', 'Full Width Slider', 'fullWidthSlider', '5', '2018-02-05 09:44:21', '2018-02-14 11:06:53', 'b986f2fb-646e-49c2-98c6-0e72c42f28e9');



DROP TABLE IF EXISTS `craft_matrixcontent_projectcontent`;


--
-- Schema for table `craft_matrixcontent_projectcontent`
--
CREATE TABLE `craft_matrixcontent_projectcontent` (
  `id` int(11) NOT NULL AUTO_INCREMENT,
  `elementId` int(11) NOT NULL,
  `locale` char(12) COLLATE utf8_unicode_ci NOT NULL,
  `field_videoBlock_youtubeUrl` text COLLATE utf8_unicode_ci,
  `field_videoBlock_vimeoUrl` text COLLATE utf8_unicode_ci,
  `field_videoBlock_credits` text COLLATE utf8_unicode_ci,
  `field_quoteBlock_quote` text COLLATE utf8_unicode_ci,
  `field_quoteBlock_quoter` text COLLATE utf8_unicode_ci,
  `field_quoteBlock_quoterPosition` text COLLATE utf8_unicode_ci,
  `dateCreated` datetime NOT NULL,
  `dateUpdated` datetime NOT NULL,
  `uid` char(36) COLLATE utf8_unicode_ci NOT NULL DEFAULT '0',
  PRIMARY KEY (`id`),
  UNIQUE KEY `craft_matrixcontent_projectcontent_elementId_locale_unq_idx` (`elementId`,`locale`),
  KEY `craft_matrixcontent_projectcontent_locale_fk` (`locale`)
) ENGINE=InnoDB AUTO_INCREMENT=6 DEFAULT CHARSET=utf8 COLLATE=utf8_unicode_ci;

--
-- Data for table `craft_matrixcontent_projectcontent`
--

INSERT INTO `craft_matrixcontent_projectcontent` (`id`, `elementId`, `locale`, `field_videoBlock_youtubeUrl`, `field_videoBlock_vimeoUrl`, `field_videoBlock_credits`, `field_quoteBlock_quote`, `field_quoteBlock_quoter`, `field_quoteBlock_quoterPosition`, `dateCreated`, `dateUpdated`, `uid`) VALUES
 ('1', '11', 'en_gb', NULL, NULL, NULL, NULL, NULL, NULL, '2018-01-30 12:32:38', '2018-02-14 09:47:06', 'df033b5b-9c71-4480-99a2-75e8c98d1b74'),
 ('2', '31', 'en_gb', NULL, NULL, NULL, NULL, NULL, NULL, '2018-01-30 13:33:33', '2018-02-14 09:47:06', '1bb6b569-bd3c-4d4d-849a-fb2520e1d244'),
 ('3', '32', 'en_gb', 'https://www.youtube.com/watch?v=xcJtL7QggTI/', '', '[{\"col1\":\"video by\",\"col2\":\"iPOP Digital\"},{\"col1\":\"PHOTOGRAPHY BY\",\"col2\":\"Andy Le Gresley\"},{\"col1\":\"Art Direction\",\"col2\":\"Jon Moore\"},{\"col1\":\"WEBSITE\",\"col2\":\"www.ipopdigital.com\"}]', NULL, NULL, NULL, '2018-01-30 14:41:31', '2018-02-14 09:47:06', '0127ed67-e2c6-4741-b401-c145fb0b7d01'),
 ('4', '36', 'en_gb', NULL, NULL, NULL, 'Lorem ipsum dolor sit amet, consectetuer adipiscing elit, sed diam nonummy nibh euismod tincidunt ut laoreet dolore magna aliquam erat volutpat.', 'JON MOORE,', 'the chamber of commerce', '2018-01-30 16:40:58', '2018-02-14 09:47:06', '8864a58c-a351-4888-98fc-e981faa60021'),
 ('5', '110', 'en_gb', NULL, NULL, NULL, NULL, NULL, NULL, '2018-02-05 09:54:44', '2018-02-14 09:47:06', 'af73ba34-f048-4597-8be1-048007c9891a');



DROP TABLE IF EXISTS `craft_migrations`;


--
-- Schema for table `craft_migrations`
--
CREATE TABLE `craft_migrations` (
  `id` int(11) NOT NULL AUTO_INCREMENT,
  `pluginId` int(11) DEFAULT NULL,
  `version` varchar(255) COLLATE utf8_unicode_ci NOT NULL,
  `applyTime` datetime NOT NULL,
  `dateCreated` datetime NOT NULL,
  `dateUpdated` datetime NOT NULL,
  `uid` char(36) COLLATE utf8_unicode_ci NOT NULL DEFAULT '0',
  PRIMARY KEY (`id`),
  UNIQUE KEY `craft_migrations_version_unq_idx` (`version`),
  KEY `craft_migrations_pluginId_fk` (`pluginId`)
) ENGINE=InnoDB AUTO_INCREMENT=43 DEFAULT CHARSET=utf8 COLLATE=utf8_unicode_ci;

--
-- Data for table `craft_migrations`
--

INSERT INTO `craft_migrations` (`id`, `pluginId`, `version`, `applyTime`, `dateCreated`, `dateUpdated`, `uid`) VALUES
 ('1', NULL, 'm000000_000000_base', '2018-01-18 10:53:32', '2018-01-18 10:53:32', '2018-01-18 10:53:32', '48513b57-c712-427e-b5e7-c6fe38b91afc'),
 ('2', NULL, 'm140730_000001_add_filename_and_format_to_transformindex', '2018-01-18 10:53:32', '2018-01-18 10:53:32', '2018-01-18 10:53:32', '78d4de42-f363-45ad-b55e-5d1ea107beda'),
 ('3', NULL, 'm140815_000001_add_format_to_transforms', '2018-01-18 10:53:32', '2018-01-18 10:53:32', '2018-01-18 10:53:32', 'eac6188f-0bf6-4c06-8810-e70549bbb8db'),
 ('4', NULL, 'm140822_000001_allow_more_than_128_items_per_field', '2018-01-18 10:53:32', '2018-01-18 10:53:32', '2018-01-18 10:53:32', '22d24357-aabb-4a54-8be7-9e7c6672ebd1'),
 ('5', NULL, 'm140829_000001_single_title_formats', '2018-01-18 10:53:32', '2018-01-18 10:53:32', '2018-01-18 10:53:32', '620eae05-bce3-4724-8387-d26c672d9265'),
 ('6', NULL, 'm140831_000001_extended_cache_keys', '2018-01-18 10:53:32', '2018-01-18 10:53:32', '2018-01-18 10:53:32', 'eec3c741-db51-4ba3-a7b6-68af94bb9d5a'),
 ('7', NULL, 'm140922_000001_delete_orphaned_matrix_blocks', '2018-01-18 10:53:32', '2018-01-18 10:53:32', '2018-01-18 10:53:32', 'f4374be6-26a0-4cda-adac-813abccca943'),
 ('8', NULL, 'm141008_000001_elements_index_tune', '2018-01-18 10:53:32', '2018-01-18 10:53:32', '2018-01-18 10:53:32', '2f542fa6-e35e-4f9b-b6a9-f2d4d7928b47'),
 ('9', NULL, 'm141009_000001_assets_source_handle', '2018-01-18 10:53:32', '2018-01-18 10:53:32', '2018-01-18 10:53:32', 'c3f2cb87-c7ea-40aa-94ce-bd2ac6484d3f'),
 ('10', NULL, 'm141024_000001_field_layout_tabs', '2018-01-18 10:53:32', '2018-01-18 10:53:32', '2018-01-18 10:53:32', 'e9668c53-f383-4035-91c8-f31d6655f350'),
 ('11', NULL, 'm141030_000000_plugin_schema_versions', '2018-01-18 10:53:32', '2018-01-18 10:53:32', '2018-01-18 10:53:32', '80cd5457-fe8a-4f38-8a18-185505c7b5f0'),
 ('12', NULL, 'm141030_000001_drop_structure_move_permission', '2018-01-18 10:53:32', '2018-01-18 10:53:32', '2018-01-18 10:53:32', 'ac78d427-fdd9-402e-bc88-496780d1e354'),
 ('13', NULL, 'm141103_000001_tag_titles', '2018-01-18 10:53:32', '2018-01-18 10:53:32', '2018-01-18 10:53:32', 'ca542355-5264-4c9a-9295-d3d186b37084'),
 ('14', NULL, 'm141109_000001_user_status_shuffle', '2018-01-18 10:53:32', '2018-01-18 10:53:32', '2018-01-18 10:53:32', '685b8971-396d-4b7f-abd7-defbfae02796'),
 ('15', NULL, 'm141126_000001_user_week_start_day', '2018-01-18 10:53:32', '2018-01-18 10:53:32', '2018-01-18 10:53:32', '932ddc36-a2a2-4352-bbf0-f645d78bf4e3'),
 ('16', NULL, 'm150210_000001_adjust_user_photo_size', '2018-01-18 10:53:32', '2018-01-18 10:53:32', '2018-01-18 10:53:32', 'd48ef13f-aa2a-4fdc-a6ea-91db07941ff9'),
 ('17', NULL, 'm150724_000001_adjust_quality_settings', '2018-01-18 10:53:32', '2018-01-18 10:53:32', '2018-01-18 10:53:32', 'f1999f19-ff90-4bde-b647-f62e5c258005'),
 ('18', NULL, 'm150827_000000_element_index_settings', '2018-01-18 10:53:32', '2018-01-18 10:53:32', '2018-01-18 10:53:32', '504b9504-55eb-4c63-87ff-cb3d267eb2f1'),
 ('19', NULL, 'm150918_000001_add_colspan_to_widgets', '2018-01-18 10:53:32', '2018-01-18 10:53:32', '2018-01-18 10:53:32', '4970ef13-d13b-4ed7-9532-299ed44ef179'),
 ('20', NULL, 'm151007_000000_clear_asset_caches', '2018-01-18 10:53:32', '2018-01-18 10:53:32', '2018-01-18 10:53:32', 'bfa15ef6-fdfd-40bd-84ce-cdc0aa794f8a'),
 ('21', NULL, 'm151109_000000_text_url_formats', '2018-01-18 10:53:32', '2018-01-18 10:53:32', '2018-01-18 10:53:32', '467007e4-8306-46f6-ace5-e51b57db0134'),
 ('22', NULL, 'm151110_000000_move_logo', '2018-01-18 10:53:32', '2018-01-18 10:53:32', '2018-01-18 10:53:32', 'e9343b49-09f3-4110-b3d4-0482adb3c1ce'),
 ('23', NULL, 'm151117_000000_adjust_image_widthheight', '2018-01-18 10:53:32', '2018-01-18 10:53:32', '2018-01-18 10:53:32', '16892231-1704-4a4c-9123-b571381eea96'),
 ('24', NULL, 'm151127_000000_clear_license_key_status', '2018-01-18 10:53:32', '2018-01-18 10:53:32', '2018-01-18 10:53:32', '24954e00-a646-4152-a71e-fffe25516285'),
 ('25', NULL, 'm151127_000000_plugin_license_keys', '2018-01-18 10:53:32', '2018-01-18 10:53:32', '2018-01-18 10:53:32', '3474d6f7-0d8d-4746-aabe-b3420fe6d0e5'),
 ('26', NULL, 'm151130_000000_update_pt_widget_feeds', '2018-01-18 10:53:32', '2018-01-18 10:53:32', '2018-01-18 10:53:32', 'e55cc1f6-90b9-43f2-ae6a-695f039c0822'),
 ('27', NULL, 'm160114_000000_asset_sources_public_url_default_true', '2018-01-18 10:53:32', '2018-01-18 10:53:32', '2018-01-18 10:53:32', 'ea3be4d3-0151-447a-8171-b7301cfeac5c'),
 ('28', NULL, 'm160223_000000_sortorder_to_smallint', '2018-01-18 10:53:32', '2018-01-18 10:53:32', '2018-01-18 10:53:32', 'd7ec42d4-af47-44a2-89bd-554671bde3ad'),
 ('29', NULL, 'm160229_000000_set_default_entry_statuses', '2018-01-18 10:53:32', '2018-01-18 10:53:32', '2018-01-18 10:53:32', 'e5532213-aa7f-42fd-b6e3-75d0a5c929f5'),
 ('30', NULL, 'm160304_000000_client_permissions', '2018-01-18 10:53:32', '2018-01-18 10:53:32', '2018-01-18 10:53:32', 'a9e5882e-bda9-474b-802d-c25ce83f7e73'),
 ('31', NULL, 'm160322_000000_asset_filesize', '2018-01-18 10:53:32', '2018-01-18 10:53:32', '2018-01-18 10:53:32', 'cac35347-a6e0-4d53-b41f-3a24f1d751dd'),
 ('32', NULL, 'm160503_000000_orphaned_fieldlayouts', '2018-01-18 10:53:32', '2018-01-18 10:53:33', '2018-01-18 10:53:33', '929bd6fd-e89e-4022-81cb-31987a202f5b'),
 ('33', NULL, 'm160510_000000_tasksettings', '2018-01-18 10:53:32', '2018-01-18 10:53:33', '2018-01-18 10:53:33', 'd581716d-d5f8-431e-a210-e6dd23b1a4ae'),
 ('34', NULL, 'm160829_000000_pending_user_content_cleanup', '2018-01-18 10:53:32', '2018-01-18 10:53:33', '2018-01-18 10:53:33', '1bcdd4a1-7deb-44fc-96ab-9a45167a3ad0'),
 ('35', NULL, 'm160830_000000_asset_index_uri_increase', '2018-01-18 10:53:32', '2018-01-18 10:53:33', '2018-01-18 10:53:33', 'e4542001-702b-429b-9819-8a68672b982c'),
 ('36', NULL, 'm160919_000000_usergroup_handle_title_unique', '2018-01-18 10:53:32', '2018-01-18 10:53:33', '2018-01-18 10:53:33', 'e2e111aa-e8b4-4510-85f5-a5a1e9cec05e'),
 ('37', NULL, 'm161108_000000_new_version_format', '2018-01-18 10:53:32', '2018-01-18 10:53:33', '2018-01-18 10:53:33', 'f801030f-83a3-4980-9312-c23bb86cb8e4'),
 ('38', NULL, 'm161109_000000_index_shuffle', '2018-01-18 10:53:32', '2018-01-18 10:53:33', '2018-01-18 10:53:33', '4c90f379-81ce-4512-beeb-93f34956afab'),
 ('39', NULL, 'm170612_000000_route_index_shuffle', '2018-01-18 10:53:32', '2018-01-18 10:53:33', '2018-01-18 10:53:33', '2662e732-7e77-4b05-a226-9168b66a9255'),
 ('40', NULL, 'm171107_000000_assign_group_permissions', '2018-01-18 10:53:32', '2018-01-18 10:53:33', '2018-01-18 10:53:33', 'c92bd5a5-0360-4c18-9ae4-ced8844a27ab'),
 ('41', NULL, 'm171117_000001_templatecache_index_tune', '2018-01-18 10:53:32', '2018-01-18 10:53:33', '2018-01-18 10:53:33', '36cdc694-3926-4731-bb18-5c78cc74ebee'),
 ('42', NULL, 'm171204_000001_templatecache_index_tune_deux', '2018-01-18 10:53:32', '2018-01-18 10:53:33', '2018-01-18 10:53:33', '9248bb55-bda5-4d15-94b0-36e9d5f2a4d4');



DROP TABLE IF EXISTS `craft_plugins`;


--
-- Schema for table `craft_plugins`
--
CREATE TABLE `craft_plugins` (
  `id` int(11) NOT NULL AUTO_INCREMENT,
  `class` varchar(150) COLLATE utf8_unicode_ci NOT NULL,
  `version` varchar(15) COLLATE utf8_unicode_ci NOT NULL,
  `schemaVersion` varchar(15) COLLATE utf8_unicode_ci DEFAULT NULL,
  `licenseKey` char(24) COLLATE utf8_unicode_ci DEFAULT NULL,
  `licenseKeyStatus` enum('valid','invalid','mismatched','unknown') COLLATE utf8_unicode_ci NOT NULL DEFAULT 'unknown',
  `enabled` tinyint(1) unsigned NOT NULL DEFAULT '0',
  `settings` text COLLATE utf8_unicode_ci,
  `installDate` datetime NOT NULL,
  `dateCreated` datetime NOT NULL,
  `dateUpdated` datetime NOT NULL,
  `uid` char(36) COLLATE utf8_unicode_ci NOT NULL DEFAULT '0',
  PRIMARY KEY (`id`)
) ENGINE=InnoDB AUTO_INCREMENT=5 DEFAULT CHARSET=utf8 COLLATE=utf8_unicode_ci;

--
-- Data for table `craft_plugins`
--

INSERT INTO `craft_plugins` (`id`, `class`, `version`, `schemaVersion`, `licenseKey`, `licenseKeyStatus`, `enabled`, `settings`, `installDate`, `dateCreated`, `dateUpdated`, `uid`) VALUES
 ('1', 'Imager', '1.6.4', '1.0.0', NULL, 'unknown', '1', NULL, '2018-01-26 15:57:06', '2018-01-26 15:57:06', '2018-02-19 09:48:57', 'd6c7c20b-265f-41bf-94f8-647e237311e3'),
 ('3', 'PendingUser', '1.0.1', NULL, NULL, 'unknown', '1', '{\"allowedDomains\":\"\",\"signupEmailSubject\":\"User Request Received\",\"signupEmailBody\":\"We received your request for a members account and we are currently reviewing it.  You will receive a verification email once the account has been approved.\",\"activationEmailSubject\":\"Account Activated\",\"activationEmailBody\":\"Your account has been activated.\",\"notifyModerator\":\"1\",\"moderatorEmailAddress\":\"luca@ipopdigital.com\",\"moderatorEmailSubject\":\"A new user has signed up\",\"moderatorEmailBody\":\"A new user has signed up.\\r\\nClick here to review: {{ user.cpEditUrl }}\"}', '2018-02-02 11:41:36', '2018-02-02 11:41:36', '2018-02-19 09:48:57', 'a7f65bdd-6a52-4eb3-b61c-cee5741d308d'),
 ('4', 'ImageBase64', '0.1.0', NULL, NULL, 'unknown', '1', NULL, '2018-02-02 12:06:52', '2018-02-02 12:06:52', '2018-02-19 09:48:57', '6aafc8c2-0a23-436c-806b-5fdf69158389');



DROP TABLE IF EXISTS `craft_rackspaceaccess`;


--
-- Schema for table `craft_rackspaceaccess`
--
CREATE TABLE `craft_rackspaceaccess` (
  `id` int(11) NOT NULL AUTO_INCREMENT,
  `connectionKey` varchar(255) COLLATE utf8_unicode_ci NOT NULL,
  `token` varchar(255) COLLATE utf8_unicode_ci NOT NULL,
  `storageUrl` varchar(255) COLLATE utf8_unicode_ci NOT NULL,
  `cdnUrl` varchar(255) COLLATE utf8_unicode_ci NOT NULL,
  `dateCreated` datetime NOT NULL,
  `dateUpdated` datetime NOT NULL,
  `uid` char(36) COLLATE utf8_unicode_ci NOT NULL DEFAULT '0',
  PRIMARY KEY (`id`),
  UNIQUE KEY `craft_rackspaceaccess_connectionKey_unq_idx` (`connectionKey`)
) ENGINE=InnoDB DEFAULT CHARSET=utf8 COLLATE=utf8_unicode_ci;

DROP TABLE IF EXISTS `craft_relations`;


--
-- Schema for table `craft_relations`
--
CREATE TABLE `craft_relations` (
  `id` int(11) NOT NULL AUTO_INCREMENT,
  `fieldId` int(11) NOT NULL,
  `sourceId` int(11) NOT NULL,
  `sourceLocale` char(12) COLLATE utf8_unicode_ci DEFAULT NULL,
  `targetId` int(11) NOT NULL,
  `sortOrder` smallint(6) DEFAULT NULL,
  `dateCreated` datetime NOT NULL,
  `dateUpdated` datetime NOT NULL,
  `uid` char(36) COLLATE utf8_unicode_ci NOT NULL DEFAULT '0',
  PRIMARY KEY (`id`),
  UNIQUE KEY `craft_relations_fieldId_sourceId_sourceLocale_targetId_unq_idx` (`fieldId`,`sourceId`,`sourceLocale`,`targetId`),
  KEY `craft_relations_sourceId_fk` (`sourceId`),
  KEY `craft_relations_sourceLocale_fk` (`sourceLocale`),
  KEY `craft_relations_targetId_fk` (`targetId`)
) ENGINE=InnoDB AUTO_INCREMENT=227 DEFAULT CHARSET=utf8 COLLATE=utf8_unicode_ci;

--
-- Data for table `craft_relations`
--

INSERT INTO `craft_relations` (`id`, `fieldId`, `sourceId`, `sourceLocale`, `targetId`, `sortOrder`, `dateCreated`, `dateUpdated`, `uid`) VALUES
 ('197', '3', '4', NULL, '35', '1', '2018-02-14 09:47:06', '2018-02-14 09:47:06', 'd366a18b-2b9f-4421-80a0-32720fb4b96d'),
 ('198', '6', '11', NULL, '9', '1', '2018-02-14 09:47:06', '2018-02-14 09:47:06', '2e73d4e4-0338-4277-8fbb-2cc63f32d525'),
 ('199', '6', '11', NULL, '10', '2', '2018-02-14 09:47:06', '2018-02-14 09:47:06', '07dbdf0a-eb09-4532-8f79-e99a7d3a518b'),
 ('200', '7', '31', NULL, '6', '1', '2018-02-14 09:47:06', '2018-02-14 09:47:06', '3bfefe83-6387-4c9c-aecb-7e1e3f5f6ce2'),
 ('201', '7', '31', NULL, '18', '2', '2018-02-14 09:47:06', '2018-02-14 09:47:06', '249b1602-c14b-42ec-9556-7e1b04a63045'),
 ('202', '7', '31', NULL, '19', '3', '2018-02-14 09:47:06', '2018-02-14 09:47:06', '47a332cc-7dd3-4aac-9041-b3119d0c5c24'),
 ('203', '7', '31', NULL, '29', '4', '2018-02-14 09:47:06', '2018-02-14 09:47:06', '05057766-5bf6-4ec1-a1c0-accb6a8f271b'),
 ('204', '7', '31', NULL, '20', '5', '2018-02-14 09:47:06', '2018-02-14 09:47:06', '7ecf69fa-f729-4a64-9ec9-9493e82c00ba'),
 ('205', '7', '31', NULL, '30', '6', '2018-02-14 09:47:06', '2018-02-14 09:47:06', '7af6cfb3-ef76-4ac3-97f0-084e08e0f1a0'),
 ('206', '7', '31', NULL, '9', '7', '2018-02-14 09:47:06', '2018-02-14 09:47:06', '8f82b8ee-e260-48e0-9782-19797d7cd3f3'),
 ('207', '7', '31', NULL, '10', '8', '2018-02-14 09:47:06', '2018-02-14 09:47:06', '563ee0fe-0816-428e-9710-8547b1a654b5'),
 ('208', '10', '32', NULL, '29', '1', '2018-02-14 09:47:06', '2018-02-14 09:47:06', 'c1d7e7dd-9673-4210-a433-b206f80e3fb1'),
 ('209', '14', '36', NULL, '38', '1', '2018-02-14 09:47:06', '2018-02-14 09:47:06', '2a33f3f7-4c9b-45bc-8e2f-ba84f20120dc'),
 ('210', '35', '110', NULL, '6', '1', '2018-02-14 09:47:06', '2018-02-14 09:47:06', '6d1c59a6-5206-4d8f-9d84-0cf325b11e06'),
 ('211', '35', '110', NULL, '9', '2', '2018-02-14 09:47:06', '2018-02-14 09:47:06', '2e18768b-47d4-451c-8e01-a5a1fab7847a'),
 ('221', '3', '273', NULL, '272', '1', '2018-02-15 17:10:22', '2018-02-15 17:10:22', '086fd68d-b0be-42ca-a810-c3acb813d966'),
 ('222', '3', '276', NULL, '274', '1', '2018-02-15 17:13:11', '2018-02-15 17:13:11', 'c1faa06a-2757-41d7-aae2-aacdaffd5186'),
 ('223', '36', '276', NULL, '275', '1', '2018-02-15 17:13:11', '2018-02-15 17:13:11', '3486021e-5179-47d8-85d8-30880e06ecc2'),
 ('224', '3', '280', NULL, '277', '1', '2018-02-15 17:13:49', '2018-02-15 17:13:49', 'b75b4ffa-2f93-4d20-8c1e-533456e2ed8f'),
 ('225', '36', '280', NULL, '278', '1', '2018-02-15 17:13:49', '2018-02-15 17:13:49', 'c2c15c3d-6a70-4c84-98e3-9be0bc6f014f'),
 ('226', '36', '280', NULL, '279', '2', '2018-02-15 17:13:49', '2018-02-15 17:13:49', 'ed50fc39-ee0e-4336-b414-8b2bdc8f3124');



DROP TABLE IF EXISTS `craft_routes`;


--
-- Schema for table `craft_routes`
--
CREATE TABLE `craft_routes` (
  `id` int(11) NOT NULL AUTO_INCREMENT,
  `locale` char(12) COLLATE utf8_unicode_ci DEFAULT NULL,
  `urlParts` varchar(255) COLLATE utf8_unicode_ci NOT NULL,
  `urlPattern` varchar(255) COLLATE utf8_unicode_ci NOT NULL,
  `template` varchar(255) COLLATE utf8_unicode_ci NOT NULL,
  `sortOrder` smallint(6) unsigned DEFAULT NULL,
  `dateCreated` datetime NOT NULL,
  `dateUpdated` datetime NOT NULL,
  `uid` char(36) COLLATE utf8_unicode_ci NOT NULL DEFAULT '0',
  PRIMARY KEY (`id`),
  KEY `craft_routes_locale_idx` (`locale`),
  KEY `craft_routes_urlPattern_idx` (`urlPattern`)
) ENGINE=InnoDB DEFAULT CHARSET=utf8 COLLATE=utf8_unicode_ci;

DROP TABLE IF EXISTS `craft_searchindex`;


--
-- Schema for table `craft_searchindex`
--
CREATE TABLE `craft_searchindex` (
  `elementId` int(11) NOT NULL,
  `attribute` varchar(25) COLLATE utf8_unicode_ci NOT NULL,
  `fieldId` int(11) NOT NULL,
  `locale` char(12) COLLATE utf8_unicode_ci NOT NULL,
  `keywords` text COLLATE utf8_unicode_ci NOT NULL,
  PRIMARY KEY (`elementId`,`attribute`,`fieldId`,`locale`),
  FULLTEXT KEY `craft_searchindex_keywords_idx` (`keywords`)
) ENGINE=MyISAM DEFAULT CHARSET=utf8 COLLATE=utf8_unicode_ci;

--
-- Data for table `craft_searchindex`
--

INSERT INTO `craft_searchindex` (`elementId`, `attribute`, `fieldId`, `locale`, `keywords`) VALUES
 ('1', 'username', '0', 'en_gb', ' theboss '),
 ('1', 'firstname', '0', 'en_gb', ' luca '),
 ('1', 'lastname', '0', 'en_gb', ' jeg '),
 ('1', 'fullname', '0', 'en_gb', ' luca jeg '),
 ('1', 'email', '0', 'en_gb', ' luca ipopdigital com '),
 ('1', 'slug', '0', 'en_gb', ''),
 ('2', 'slug', '0', 'en_gb', ' homepage '),
 ('2', 'title', '0', 'en_gb', ' welcome to localhost '),
 ('2', 'field', '1', 'en_gb', ' it s true this site doesn t have a whole lot of content yet but don t worry our web developers have just installed the cms and they re setting things up for the content editors this very moment soon localhost will be an oasis of fresh perspectives sharp analyses and astute opinions that will keep you coming back again and again '),
 ('3', 'field', '1', 'en_gb', ' craft is the cms that s powering localhost it s beautiful powerful flexible and easy to use and it s made by pixel tonic we can t wait to dive in and see what it s capable of this is even more captivating content which you couldn t see on the news index page because it was entered after a page break and the news index template only likes to show the content on the first page craft a nice alternative to word if you re making a website '),
 ('3', 'field', '2', 'en_gb', ''),
 ('3', 'slug', '0', 'en_gb', ' we just installed craft '),
 ('3', 'title', '0', 'en_gb', ' we just installed craft '),
 ('4', 'slug', '0', 'en_gb', ' example project 1 '),
 ('4', 'title', '0', 'en_gb', ' example project 1 '),
 ('10', 'kind', '0', 'en_gb', ' image '),
 ('10', 'slug', '0', 'en_gb', ' untitled 3 '),
 ('10', 'title', '0', 'en_gb', ' untitled 3 '),
 ('4', 'field', '3', 'en_gb', ' proj1 '),
 ('6', 'filename', '0', 'en_gb', ' proj1 png '),
 ('6', 'extension', '0', 'en_gb', ' png '),
 ('6', 'kind', '0', 'en_gb', ' image '),
 ('6', 'slug', '0', 'en_gb', ' proj1 '),
 ('6', 'title', '0', 'en_gb', ' proj1 '),
 ('10', 'extension', '0', 'en_gb', ' jpg '),
 ('10', 'filename', '0', 'en_gb', ' untitled 3 jpg '),
 ('4', 'field', '4', 'en_gb', ' untitled 2 untitled 3 proj1 thumb thumb2 thumbt untitled 1 untitled 1f untitled 2 untitled 3 video by ipop digital video by ipop digital photography by andy le gresley photography by andy le gresley art direction jon moore art direction jon moore website www ipopdigital com website www ipopdigital com thumbt https www youtube com watch v=xcjtl7qggti night lorem ipsum dolor sit amet consectetuer adipiscing elit sed diam nonummy nibh euismod tincidunt ut laoreet dolore magna aliquam erat volutpat jon moore the chamber of commerce proj1 untitled 2 '),
 ('9', 'filename', '0', 'en_gb', ' untitled 2 jpg '),
 ('9', 'extension', '0', 'en_gb', ' jpg '),
 ('9', 'kind', '0', 'en_gb', ' image '),
 ('9', 'slug', '0', 'en_gb', ' untitled 2 '),
 ('9', 'title', '0', 'en_gb', ' untitled 2 '),
 ('11', 'field', '5', 'en_gb', ' company godel architects company godel architects project example project 1 project example project 1 location st peter jersey location st peter jersey website www godelarchitects com website www godelarchitects com '),
 ('11', 'field', '6', 'en_gb', ' untitled 2 untitled 3 '),
 ('11', 'slug', '0', 'en_gb', ''),
 ('18', 'kind', '0', 'en_gb', ' image '),
 ('18', 'slug', '0', 'en_gb', ' thumb '),
 ('18', 'extension', '0', 'en_gb', ' png '),
 ('18', 'filename', '0', 'en_gb', ' thumb png '),
 ('19', 'kind', '0', 'en_gb', ' image '),
 ('19', 'slug', '0', 'en_gb', ' thumb2 '),
 ('19', 'extension', '0', 'en_gb', ' png '),
 ('19', 'filename', '0', 'en_gb', ' thumb2 png '),
 ('20', 'kind', '0', 'en_gb', ' image '),
 ('20', 'slug', '0', 'en_gb', ' untitled 1 '),
 ('20', 'extension', '0', 'en_gb', ' jpg '),
 ('20', 'filename', '0', 'en_gb', ' untitled 1 jpg '),
 ('29', 'title', '0', 'en_gb', ' thumbt '),
 ('32', 'field', '11', 'en_gb', ' video by ipop digital video by ipop digital photography by andy le gresley photography by andy le gresley art direction jon moore art direction jon moore website www ipopdigital com website www ipopdigital com '),
 ('32', 'field', '10', 'en_gb', ' thumbt '),
 ('35', 'filename', '0', 'en_gb', ' proj1 jpg '),
 ('35', 'extension', '0', 'en_gb', ' jpg '),
 ('35', 'kind', '0', 'en_gb', ' image '),
 ('35', 'slug', '0', 'en_gb', ' proj1 '),
 ('35', 'title', '0', 'en_gb', ' proj1 '),
 ('36', 'field', '12', 'en_gb', ' lorem ipsum dolor sit amet consectetuer adipiscing elit sed diam nonummy nibh euismod tincidunt ut laoreet dolore magna aliquam erat volutpat '),
 ('18', 'title', '0', 'en_gb', ' thumb '),
 ('19', 'title', '0', 'en_gb', ' thumb2 '),
 ('20', 'title', '0', 'en_gb', ' untitled 1 '),
 ('29', 'kind', '0', 'en_gb', ' image '),
 ('29', 'slug', '0', 'en_gb', ' thumbt '),
 ('29', 'extension', '0', 'en_gb', ' jpg '),
 ('29', 'filename', '0', 'en_gb', ' thumbt jpg '),
 ('30', 'title', '0', 'en_gb', ' untitled 1f '),
 ('30', 'kind', '0', 'en_gb', ' image '),
 ('30', 'slug', '0', 'en_gb', ' untitled 1f '),
 ('30', 'extension', '0', 'en_gb', ' jpg '),
 ('30', 'filename', '0', 'en_gb', ' untitled 1f jpg '),
 ('32', 'slug', '0', 'en_gb', ''),
 ('32', 'field', '9', 'en_gb', ''),
 ('31', 'slug', '0', 'en_gb', ''),
 ('31', 'field', '7', 'en_gb', ' proj1 thumb thumb2 thumbt untitled 1 untitled 1f untitled 2 untitled 3 '),
 ('32', 'field', '8', 'en_gb', ' https www youtube com watch v=xcjtl7qggti '),
 ('110', 'slug', '0', 'en_gb', ''),
 ('174', 'title', '0', 'en_gb', ' hh '),
 ('36', 'field', '13', 'en_gb', ' jon moore '),
 ('36', 'field', '14', 'en_gb', ' night '),
 ('36', 'slug', '0', 'en_gb', ''),
 ('36', 'field', '15', 'en_gb', ' the chamber of commerce '),
 ('110', 'field', '35', 'en_gb', ' proj1 untitled 2 '),
 ('38', 'filename', '0', 'en_gb', ' night jpg '),
 ('38', 'extension', '0', 'en_gb', ' jpg '),
 ('38', 'kind', '0', 'en_gb', ' image '),
 ('38', 'slug', '0', 'en_gb', ' night '),
 ('38', 'title', '0', 'en_gb', ' night '),
 ('174', 'field', '36', 'en_gb', ''),
 ('174', 'field', '4', 'en_gb', ''),
 ('174', 'slug', '0', 'en_gb', ' hh '),
 ('174', 'field', '34', 'en_gb', ''),
 ('174', 'field', '3', 'en_gb', ' key '),
 ('174', 'field', '33', 'en_gb', ''),
 ('174', 'field', '32', 'en_gb', ''),
 ('269', 'filename', '0', 'en_gb', ' footer logo png '),
 ('269', 'extension', '0', 'en_gb', ' png '),
 ('269', 'kind', '0', 'en_gb', ' image '),
 ('269', 'slug', '0', 'en_gb', ' footer logo '),
 ('269', 'title', '0', 'en_gb', ' footer logo '),
 ('270', 'filename', '0', 'en_gb', ' thumb2 jpg '),
 ('149', 'field', '34', 'en_gb', ''),
 ('149', 'field', '33', 'en_gb', '');
INSERT INTO `craft_searchindex` (`elementId`, `attribute`, `fieldId`, `locale`, `keywords`) VALUES
 ('109', 'fullname', '0', 'en_gb', ' john ddd '),
 ('109', 'slug', '0', 'en_gb', ''),
 ('109', 'email', '0', 'en_gb', ' x1241895 mvrht net '),
 ('109', 'lastname', '0', 'en_gb', ' ddd '),
 ('109', 'firstname', '0', 'en_gb', ' john '),
 ('109', 'username', '0', 'en_gb', ' squd '),
 ('109', 'field', '25', 'en_gb', ''),
 ('109', 'field', '28', 'en_gb', ''),
 ('109', 'field', '27', 'en_gb', ''),
 ('109', 'field', '26', 'en_gb', ''),
 ('109', 'field', '24', 'en_gb', ''),
 ('109', 'field', '23', 'en_gb', ''),
 ('109', 'field', '22', 'en_gb', ''),
 ('109', 'field', '18', 'en_gb', ' v '),
 ('109', 'field', '20', 'en_gb', ' h '),
 ('109', 'field', '21', 'en_gb', ''),
 ('109', 'field', '19', 'en_gb', ' h '),
 ('1', 'field', '18', 'en_gb', ' aja '),
 ('1', 'field', '19', 'en_gb', ' arb '),
 ('1', 'field', '20', 'en_gb', ' riba '),
 ('1', 'field', '21', 'en_gb', ' company '),
 ('1', 'field', '22', 'en_gb', ''),
 ('1', 'field', '23', 'en_gb', ''),
 ('1', 'field', '24', 'en_gb', ''),
 ('1', 'field', '26', 'en_gb', ''),
 ('1', 'field', '27', 'en_gb', ''),
 ('1', 'field', '28', 'en_gb', ''),
 ('1', 'field', '25', 'en_gb', ''),
 ('4', 'field', '29', 'en_gb', ' godel architects '),
 ('4', 'field', '30', 'en_gb', ' example project 1 '),
 ('4', 'field', '31', 'en_gb', ' st peter jersey '),
 ('4', 'field', '32', 'en_gb', ' www godelarchitects com '),
 ('4', 'field', '33', 'en_gb', ' john smitg '),
 ('4', 'field', '36', 'en_gb', ''),
 ('4', 'field', '34', 'en_gb', ' lorem ipsum dolor sit amet consectetuer adipiscing elit sed diam nonummy nibh euismod tincidunt ut laoreet dolore magna aliquam erat volutpat ut wisi enim ad minim '),
 ('265', 'slug', '0', 'en_gb', ' key '),
 ('265', 'title', '0', 'en_gb', ' key '),
 ('267', 'filename', '0', 'en_gb', ' logo png '),
 ('267', 'extension', '0', 'en_gb', ' png '),
 ('267', 'kind', '0', 'en_gb', ' image '),
 ('267', 'slug', '0', 'en_gb', ' logo '),
 ('267', 'title', '0', 'en_gb', ' logo '),
 ('244', 'filename', '0', 'en_gb', ' after front elevation jpg '),
 ('244', 'extension', '0', 'en_gb', ' jpg '),
 ('244', 'kind', '0', 'en_gb', ' image '),
 ('244', 'slug', '0', 'en_gb', ' after front elevation '),
 ('244', 'title', '0', 'en_gb', ' after front elevation '),
 ('261', 'slug', '0', 'en_gb', ' thumb3 '),
 ('261', 'kind', '0', 'en_gb', ' image '),
 ('261', 'extension', '0', 'en_gb', ' jpg '),
 ('261', 'filename', '0', 'en_gb', ' thumb3 jpg '),
 ('260', 'slug', '0', 'en_gb', ' thumb1 '),
 ('260', 'title', '0', 'en_gb', ' thumb1 '),
 ('260', 'extension', '0', 'en_gb', ' jpg '),
 ('260', 'kind', '0', 'en_gb', ' image '),
 ('257', 'filename', '0', 'en_gb', ' house jpg '),
 ('257', 'extension', '0', 'en_gb', ' jpg '),
 ('257', 'kind', '0', 'en_gb', ' image '),
 ('257', 'slug', '0', 'en_gb', ' house '),
 ('247', 'filename', '0', 'en_gb', ' home png '),
 ('247', 'extension', '0', 'en_gb', ' png '),
 ('247', 'kind', '0', 'en_gb', ' image '),
 ('247', 'slug', '0', 'en_gb', ' home '),
 ('247', 'title', '0', 'en_gb', ' home '),
 ('250', 'slug', '0', 'en_gb', ' example slide 1 '),
 ('250', 'title', '0', 'en_gb', ' example slide 1 '),
 ('250', 'kind', '0', 'en_gb', ' image '),
 ('250', 'extension', '0', 'en_gb', ' jpg '),
 ('250', 'filename', '0', 'en_gb', ' example slide 1 jpg '),
 ('261', 'title', '0', 'en_gb', ' thumb3 '),
 ('251', 'filename', '0', 'en_gb', ' example slide 1 jpg '),
 ('251', 'extension', '0', 'en_gb', ' jpg '),
 ('251', 'kind', '0', 'en_gb', ' image '),
 ('251', 'slug', '0', 'en_gb', ' example slide 1 '),
 ('251', 'title', '0', 'en_gb', ' example slide 1 '),
 ('252', 'filename', '0', 'en_gb', ' example slide 1 jpg '),
 ('252', 'extension', '0', 'en_gb', ' jpg '),
 ('252', 'kind', '0', 'en_gb', ' image '),
 ('252', 'slug', '0', 'en_gb', ' example slide 1 '),
 ('252', 'title', '0', 'en_gb', ' example slide 1 '),
 ('257', 'title', '0', 'en_gb', ' house '),
 ('280', 'title', '0', 'en_gb', ' testest '),
 ('280', 'slug', '0', 'en_gb', ' testest '),
 ('280', 'field', '4', 'en_gb', ''),
 ('254', 'filename', '0', 'en_gb', ' after front elevation jpg '),
 ('254', 'extension', '0', 'en_gb', ' jpg '),
 ('254', 'kind', '0', 'en_gb', ' image '),
 ('254', 'slug', '0', 'en_gb', ' after front elevation '),
 ('254', 'title', '0', 'en_gb', ' after front elevation '),
 ('260', 'filename', '0', 'en_gb', ' thumb1 jpg '),
 ('259', 'title', '0', 'en_gb', ' logo '),
 ('259', 'slug', '0', 'en_gb', ' logo '),
 ('259', 'kind', '0', 'en_gb', ' image '),
 ('259', 'filename', '0', 'en_gb', ' logo png '),
 ('259', 'extension', '0', 'en_gb', ' png '),
 ('280', 'field', '36', 'en_gb', ' thumb1 thumb3 '),
 ('280', 'field', '3', 'en_gb', ' key '),
 ('280', 'field', '34', 'en_gb', ''),
 ('280', 'field', '33', 'en_gb', ''),
 ('256', 'filename', '0', 'en_gb', ' after front elevation jpg ');
INSERT INTO `craft_searchindex` (`elementId`, `attribute`, `fieldId`, `locale`, `keywords`) VALUES
 ('256', 'extension', '0', 'en_gb', ' jpg '),
 ('256', 'kind', '0', 'en_gb', ' image '),
 ('256', 'slug', '0', 'en_gb', ' after front elevation '),
 ('256', 'title', '0', 'en_gb', ' after front elevation '),
 ('174', 'field', '31', 'en_gb', ''),
 ('174', 'field', '29', 'en_gb', ''),
 ('150', 'field', '6', 'en_gb', ''),
 ('150', 'slug', '0', 'en_gb', ''),
 ('149', 'title', '0', 'en_gb', ' fff '),
 ('149', 'slug', '0', 'en_gb', ' fff '),
 ('149', 'field', '32', 'en_gb', ''),
 ('149', 'field', '31', 'en_gb', ''),
 ('149', 'field', '3', 'en_gb', ' logo '),
 ('149', 'field', '4', 'en_gb', ''),
 ('270', 'extension', '0', 'en_gb', ' jpg '),
 ('270', 'kind', '0', 'en_gb', ' image '),
 ('149', 'field', '29', 'en_gb', ''),
 ('270', 'slug', '0', 'en_gb', ' thumb2 '),
 ('270', 'title', '0', 'en_gb', ' thumb2 '),
 ('280', 'field', '32', 'en_gb', ''),
 ('280', 'field', '31', 'en_gb', ''),
 ('280', 'field', '29', 'en_gb', ''),
 ('279', 'title', '0', 'en_gb', ' thumb3 '),
 ('279', 'slug', '0', 'en_gb', ' thumb3 '),
 ('279', 'kind', '0', 'en_gb', ' image '),
 ('279', 'extension', '0', 'en_gb', ' jpg '),
 ('279', 'filename', '0', 'en_gb', ' thumb3 jpg '),
 ('278', 'title', '0', 'en_gb', ' thumb1 '),
 ('274', 'filename', '0', 'en_gb', ' key png '),
 ('274', 'extension', '0', 'en_gb', ' png '),
 ('274', 'kind', '0', 'en_gb', ' image '),
 ('274', 'slug', '0', 'en_gb', ' key '),
 ('274', 'title', '0', 'en_gb', ' key '),
 ('275', 'filename', '0', 'en_gb', ' orange text png '),
 ('275', 'extension', '0', 'en_gb', ' png '),
 ('275', 'kind', '0', 'en_gb', ' image '),
 ('275', 'slug', '0', 'en_gb', ' orange text '),
 ('275', 'title', '0', 'en_gb', ' orange text '),
 ('276', 'field', '29', 'en_gb', ''),
 ('276', 'field', '31', 'en_gb', ''),
 ('276', 'field', '32', 'en_gb', ''),
 ('276', 'field', '33', 'en_gb', ''),
 ('276', 'field', '34', 'en_gb', ''),
 ('276', 'field', '3', 'en_gb', ' key '),
 ('276', 'field', '36', 'en_gb', ' orange text '),
 ('276', 'field', '4', 'en_gb', ''),
 ('276', 'slug', '0', 'en_gb', ' wsasa '),
 ('276', 'title', '0', 'en_gb', ' wsasa '),
 ('277', 'filename', '0', 'en_gb', ' key png '),
 ('277', 'extension', '0', 'en_gb', ' png '),
 ('277', 'kind', '0', 'en_gb', ' image '),
 ('277', 'slug', '0', 'en_gb', ' key '),
 ('277', 'title', '0', 'en_gb', ' key '),
 ('278', 'filename', '0', 'en_gb', ' thumb1 jpg '),
 ('278', 'extension', '0', 'en_gb', ' jpg '),
 ('278', 'kind', '0', 'en_gb', ' image '),
 ('278', 'slug', '0', 'en_gb', ' thumb1 '),
 ('273', 'title', '0', 'en_gb', ' fff '),
 ('273', 'slug', '0', 'en_gb', ' fff '),
 ('273', 'field', '4', 'en_gb', ''),
 ('273', 'field', '36', 'en_gb', ''),
 ('273', 'field', '3', 'en_gb', ' house '),
 ('263', 'filename', '0', 'en_gb', ' thumb1 jpg '),
 ('263', 'extension', '0', 'en_gb', ' jpg '),
 ('263', 'kind', '0', 'en_gb', ' image '),
 ('263', 'slug', '0', 'en_gb', ' thumb1 '),
 ('263', 'title', '0', 'en_gb', ' thumb1 '),
 ('273', 'field', '34', 'en_gb', ' fff '),
 ('273', 'field', '33', 'en_gb', ''),
 ('273', 'field', '32', 'en_gb', ''),
 ('273', 'field', '31', 'en_gb', ''),
 ('273', 'field', '29', 'en_gb', ''),
 ('272', 'title', '0', 'en_gb', ' house '),
 ('272', 'slug', '0', 'en_gb', ' house '),
 ('272', 'kind', '0', 'en_gb', ' image '),
 ('272', 'extension', '0', 'en_gb', ' jpg '),
 ('272', 'filename', '0', 'en_gb', ' house jpg '),
 ('265', 'filename', '0', 'en_gb', ' key png '),
 ('265', 'extension', '0', 'en_gb', ' png '),
 ('265', 'kind', '0', 'en_gb', ' image ');



DROP TABLE IF EXISTS `craft_sections`;


--
-- Schema for table `craft_sections`
--
CREATE TABLE `craft_sections` (
  `id` int(11) NOT NULL AUTO_INCREMENT,
  `structureId` int(11) DEFAULT NULL,
  `name` varchar(255) COLLATE utf8_unicode_ci NOT NULL,
  `handle` varchar(255) COLLATE utf8_unicode_ci NOT NULL,
  `type` enum('single','channel','structure') COLLATE utf8_unicode_ci NOT NULL DEFAULT 'channel',
  `hasUrls` tinyint(1) unsigned NOT NULL DEFAULT '1',
  `template` varchar(500) COLLATE utf8_unicode_ci DEFAULT NULL,
  `enableVersioning` tinyint(1) unsigned NOT NULL DEFAULT '0',
  `dateCreated` datetime NOT NULL,
  `dateUpdated` datetime NOT NULL,
  `uid` char(36) COLLATE utf8_unicode_ci NOT NULL DEFAULT '0',
  PRIMARY KEY (`id`),
  UNIQUE KEY `craft_sections_name_unq_idx` (`name`),
  UNIQUE KEY `craft_sections_handle_unq_idx` (`handle`),
  KEY `craft_sections_structureId_fk` (`structureId`)
) ENGINE=InnoDB AUTO_INCREMENT=4 DEFAULT CHARSET=utf8 COLLATE=utf8_unicode_ci;

--
-- Data for table `craft_sections`
--

INSERT INTO `craft_sections` (`id`, `structureId`, `name`, `handle`, `type`, `hasUrls`, `template`, `enableVersioning`, `dateCreated`, `dateUpdated`, `uid`) VALUES
 ('1', NULL, 'Homepage', 'homepage', 'single', '1', 'index', '1', '2018-01-18 10:53:40', '2018-01-18 10:53:40', '69f58a75-47d1-412b-9097-c15ad0282f38'),
 ('2', NULL, 'News', 'news', 'channel', '1', 'news/_entry', '1', '2018-01-18 10:53:41', '2018-01-18 10:53:41', 'e4d1fd8d-09b2-47cf-a6a7-f11b48edf517'),
 ('3', NULL, 'Projects', 'projects', 'channel', '1', 'projects/_entry', '1', '2018-01-26 15:50:35', '2018-01-26 15:50:35', 'b589c3b8-5a3c-4a4c-80e0-04bfbda2945e');



DROP TABLE IF EXISTS `craft_sections_i18n`;


--
-- Schema for table `craft_sections_i18n`
--
CREATE TABLE `craft_sections_i18n` (
  `id` int(11) NOT NULL AUTO_INCREMENT,
  `sectionId` int(11) NOT NULL,
  `locale` char(12) COLLATE utf8_unicode_ci NOT NULL,
  `enabledByDefault` tinyint(1) unsigned NOT NULL DEFAULT '1',
  `urlFormat` text COLLATE utf8_unicode_ci,
  `nestedUrlFormat` text COLLATE utf8_unicode_ci,
  `dateCreated` datetime NOT NULL,
  `dateUpdated` datetime NOT NULL,
  `uid` char(36) COLLATE utf8_unicode_ci NOT NULL DEFAULT '0',
  PRIMARY KEY (`id`),
  UNIQUE KEY `craft_sections_i18n_sectionId_locale_unq_idx` (`sectionId`,`locale`),
  KEY `craft_sections_i18n_locale_fk` (`locale`)
) ENGINE=InnoDB AUTO_INCREMENT=4 DEFAULT CHARSET=utf8 COLLATE=utf8_unicode_ci;

--
-- Data for table `craft_sections_i18n`
--

INSERT INTO `craft_sections_i18n` (`id`, `sectionId`, `locale`, `enabledByDefault`, `urlFormat`, `nestedUrlFormat`, `dateCreated`, `dateUpdated`, `uid`) VALUES
 ('1', '1', 'en_gb', '1', '__home__', NULL, '2018-01-18 10:53:40', '2018-01-18 10:53:40', '15adafe7-e489-4c26-a547-402e1f0557f5'),
 ('2', '2', 'en_gb', '1', 'news/{postDate.year}/{slug}', NULL, '2018-01-18 10:53:41', '2018-01-18 10:53:41', 'd6f1e704-30c2-49ba-94c4-c419f1c52776'),
 ('3', '3', 'en_gb', '1', 'projects/{slug}', NULL, '2018-01-26 15:50:35', '2018-01-26 15:50:35', 'b1269f21-ec2a-416f-8d5e-87d7237518c5');



DROP TABLE IF EXISTS `craft_sessions`;


--
-- Schema for table `craft_sessions`
--
CREATE TABLE `craft_sessions` (
  `id` int(11) NOT NULL AUTO_INCREMENT,
  `userId` int(11) NOT NULL,
  `token` char(100) COLLATE utf8_unicode_ci NOT NULL,
  `dateCreated` datetime NOT NULL,
  `dateUpdated` datetime NOT NULL,
  `uid` char(36) COLLATE utf8_unicode_ci NOT NULL DEFAULT '0',
  PRIMARY KEY (`id`),
  KEY `craft_sessions_uid_idx` (`uid`),
  KEY `craft_sessions_token_idx` (`token`),
  KEY `craft_sessions_dateUpdated_idx` (`dateUpdated`),
  KEY `craft_sessions_userId_fk` (`userId`)
) ENGINE=InnoDB AUTO_INCREMENT=40 DEFAULT CHARSET=utf8 COLLATE=utf8_unicode_ci;

DROP TABLE IF EXISTS `craft_shunnedmessages`;


--
-- Schema for table `craft_shunnedmessages`
--
CREATE TABLE `craft_shunnedmessages` (
  `id` int(11) NOT NULL AUTO_INCREMENT,
  `userId` int(11) NOT NULL,
  `message` varchar(255) COLLATE utf8_unicode_ci NOT NULL,
  `expiryDate` datetime DEFAULT NULL,
  `dateCreated` datetime NOT NULL,
  `dateUpdated` datetime NOT NULL,
  `uid` char(36) COLLATE utf8_unicode_ci NOT NULL DEFAULT '0',
  PRIMARY KEY (`id`),
  UNIQUE KEY `craft_shunnedmessages_userId_message_unq_idx` (`userId`,`message`)
) ENGINE=InnoDB DEFAULT CHARSET=utf8 COLLATE=utf8_unicode_ci;

DROP TABLE IF EXISTS `craft_structureelements`;


--
-- Schema for table `craft_structureelements`
--
CREATE TABLE `craft_structureelements` (
  `id` int(11) NOT NULL AUTO_INCREMENT,
  `structureId` int(11) NOT NULL,
  `elementId` int(11) DEFAULT NULL,
  `root` int(11) unsigned DEFAULT NULL,
  `lft` int(11) unsigned NOT NULL,
  `rgt` int(11) unsigned NOT NULL,
  `level` smallint(6) unsigned NOT NULL,
  `dateCreated` datetime NOT NULL,
  `dateUpdated` datetime NOT NULL,
  `uid` char(36) COLLATE utf8_unicode_ci NOT NULL DEFAULT '0',
  PRIMARY KEY (`id`),
  UNIQUE KEY `craft_structureelements_structureId_elementId_unq_idx` (`structureId`,`elementId`),
  KEY `craft_structureelements_root_idx` (`root`),
  KEY `craft_structureelements_lft_idx` (`lft`),
  KEY `craft_structureelements_rgt_idx` (`rgt`),
  KEY `craft_structureelements_level_idx` (`level`),
  KEY `craft_structureelements_elementId_fk` (`elementId`)
) ENGINE=InnoDB DEFAULT CHARSET=utf8 COLLATE=utf8_unicode_ci;

DROP TABLE IF EXISTS `craft_structures`;


--
-- Schema for table `craft_structures`
--
CREATE TABLE `craft_structures` (
  `id` int(11) NOT NULL AUTO_INCREMENT,
  `maxLevels` smallint(6) unsigned DEFAULT NULL,
  `dateCreated` datetime NOT NULL,
  `dateUpdated` datetime NOT NULL,
  `uid` char(36) COLLATE utf8_unicode_ci NOT NULL DEFAULT '0',
  PRIMARY KEY (`id`)
) ENGINE=InnoDB DEFAULT CHARSET=utf8 COLLATE=utf8_unicode_ci;

DROP TABLE IF EXISTS `craft_systemsettings`;


--
-- Schema for table `craft_systemsettings`
--
CREATE TABLE `craft_systemsettings` (
  `id` int(11) NOT NULL AUTO_INCREMENT,
  `category` varchar(15) COLLATE utf8_unicode_ci NOT NULL,
  `settings` text COLLATE utf8_unicode_ci,
  `dateCreated` datetime NOT NULL,
  `dateUpdated` datetime NOT NULL,
  `uid` char(36) COLLATE utf8_unicode_ci NOT NULL DEFAULT '0',
  PRIMARY KEY (`id`),
  UNIQUE KEY `craft_systemsettings_category_unq_idx` (`category`)
) ENGINE=InnoDB AUTO_INCREMENT=3 DEFAULT CHARSET=utf8 COLLATE=utf8_unicode_ci;

--
-- Data for table `craft_systemsettings`
--

INSERT INTO `craft_systemsettings` (`id`, `category`, `settings`, `dateCreated`, `dateUpdated`, `uid`) VALUES
 ('1', 'email', '{\"protocol\":\"php\",\"emailAddress\":\"luca@ipopdigital.com\",\"senderName\":\"AJA\"}', '2018-01-18 10:53:38', '2018-01-18 10:53:38', '52af550d-5639-44c4-8471-5f0550926584'),
 ('2', 'users', '{\"requireEmailVerification\":0,\"allowPublicRegistration\":1,\"defaultGroup\":\"1\"}', '2018-01-26 15:23:22', '2018-02-05 09:26:34', 'eef04e8c-92bb-4e20-b138-15d3179b8268');



DROP TABLE IF EXISTS `craft_taggroups`;


--
-- Schema for table `craft_taggroups`
--
CREATE TABLE `craft_taggroups` (
  `id` int(11) NOT NULL AUTO_INCREMENT,
  `name` varchar(255) COLLATE utf8_unicode_ci NOT NULL,
  `handle` varchar(255) COLLATE utf8_unicode_ci NOT NULL,
  `fieldLayoutId` int(10) DEFAULT NULL,
  `dateCreated` datetime NOT NULL,
  `dateUpdated` datetime NOT NULL,
  `uid` char(36) COLLATE utf8_unicode_ci NOT NULL DEFAULT '0',
  PRIMARY KEY (`id`),
  UNIQUE KEY `craft_taggroups_name_unq_idx` (`name`),
  UNIQUE KEY `craft_taggroups_handle_unq_idx` (`handle`),
  KEY `craft_taggroups_fieldLayoutId_fk` (`fieldLayoutId`)
) ENGINE=InnoDB AUTO_INCREMENT=2 DEFAULT CHARSET=utf8 COLLATE=utf8_unicode_ci;

--
-- Data for table `craft_taggroups`
--

INSERT INTO `craft_taggroups` (`id`, `name`, `handle`, `fieldLayoutId`, `dateCreated`, `dateUpdated`, `uid`) VALUES
 ('1', 'Default', 'default', '1', '2018-01-18 10:53:38', '2018-01-18 10:53:38', '22d5e880-af56-4ca6-8a45-35ae29098aa6');



DROP TABLE IF EXISTS `craft_tags`;


--
-- Schema for table `craft_tags`
--
CREATE TABLE `craft_tags` (
  `id` int(11) NOT NULL,
  `groupId` int(11) NOT NULL,
  `dateCreated` datetime NOT NULL,
  `dateUpdated` datetime NOT NULL,
  `uid` char(36) COLLATE utf8_unicode_ci NOT NULL DEFAULT '0',
  PRIMARY KEY (`id`),
  KEY `craft_tags_groupId_fk` (`groupId`)
) ENGINE=InnoDB DEFAULT CHARSET=utf8 COLLATE=utf8_unicode_ci;

DROP TABLE IF EXISTS `craft_tasks`;


--
-- Schema for table `craft_tasks`
--
CREATE TABLE `craft_tasks` (
  `id` int(11) NOT NULL AUTO_INCREMENT,
  `root` int(11) unsigned DEFAULT NULL,
  `lft` int(11) unsigned NOT NULL,
  `rgt` int(11) unsigned NOT NULL,
  `level` smallint(6) unsigned NOT NULL,
  `currentStep` int(11) unsigned DEFAULT NULL,
  `totalSteps` int(11) unsigned DEFAULT NULL,
  `status` enum('pending','error','running') COLLATE utf8_unicode_ci DEFAULT NULL,
  `type` varchar(150) COLLATE utf8_unicode_ci NOT NULL,
  `description` varchar(255) COLLATE utf8_unicode_ci DEFAULT NULL,
  `settings` mediumtext COLLATE utf8_unicode_ci,
  `dateCreated` datetime NOT NULL,
  `dateUpdated` datetime NOT NULL,
  `uid` char(36) COLLATE utf8_unicode_ci NOT NULL DEFAULT '0',
  PRIMARY KEY (`id`),
  KEY `craft_tasks_root_idx` (`root`),
  KEY `craft_tasks_lft_idx` (`lft`),
  KEY `craft_tasks_rgt_idx` (`rgt`),
  KEY `craft_tasks_level_idx` (`level`)
) ENGINE=InnoDB DEFAULT CHARSET=utf8 COLLATE=utf8_unicode_ci;

DROP TABLE IF EXISTS `craft_templatecachecriteria`;


--
-- Schema for table `craft_templatecachecriteria`
--
CREATE TABLE `craft_templatecachecriteria` (
  `id` int(11) NOT NULL AUTO_INCREMENT,
  `cacheId` int(11) NOT NULL,
  `type` varchar(150) COLLATE utf8_unicode_ci NOT NULL,
  `criteria` text COLLATE utf8_unicode_ci NOT NULL,
  PRIMARY KEY (`id`),
  KEY `craft_templatecachecriteria_cacheId_fk` (`cacheId`),
  KEY `craft_templatecachecriteria_type_idx` (`type`)
) ENGINE=InnoDB DEFAULT CHARSET=utf8 COLLATE=utf8_unicode_ci;

DROP TABLE IF EXISTS `craft_templatecacheelements`;


--
-- Schema for table `craft_templatecacheelements`
--
CREATE TABLE `craft_templatecacheelements` (
  `cacheId` int(11) NOT NULL,
  `elementId` int(11) NOT NULL,
  KEY `craft_templatecacheelements_cacheId_fk` (`cacheId`),
  KEY `craft_templatecacheelements_elementId_fk` (`elementId`)
) ENGINE=InnoDB DEFAULT CHARSET=utf8 COLLATE=utf8_unicode_ci;

DROP TABLE IF EXISTS `craft_templatecaches`;


--
-- Schema for table `craft_templatecaches`
--
CREATE TABLE `craft_templatecaches` (
  `id` int(11) NOT NULL AUTO_INCREMENT,
  `cacheKey` varchar(255) COLLATE utf8_unicode_ci NOT NULL,
  `locale` char(12) COLLATE utf8_unicode_ci NOT NULL,
  `path` varchar(255) COLLATE utf8_unicode_ci DEFAULT NULL,
  `expiryDate` datetime NOT NULL,
  `body` mediumtext COLLATE utf8_unicode_ci NOT NULL,
  PRIMARY KEY (`id`),
  KEY `craft_templatecaches_cacheKey_locale_expiryDate_path_idx` (`cacheKey`,`locale`,`expiryDate`,`path`),
  KEY `craft_templatecaches_cacheKey_locale_expiryDate_idx` (`cacheKey`,`locale`,`expiryDate`),
  KEY `craft_templatecaches_locale_fk` (`locale`)
) ENGINE=InnoDB DEFAULT CHARSET=utf8 COLLATE=utf8_unicode_ci;

DROP TABLE IF EXISTS `craft_tokens`;


--
-- Schema for table `craft_tokens`
--
CREATE TABLE `craft_tokens` (
  `id` int(11) NOT NULL AUTO_INCREMENT,
  `token` char(32) COLLATE utf8_unicode_ci NOT NULL,
  `route` text COLLATE utf8_unicode_ci,
  `usageLimit` tinyint(3) unsigned DEFAULT NULL,
  `usageCount` tinyint(3) unsigned DEFAULT NULL,
  `expiryDate` datetime NOT NULL,
  `dateCreated` datetime NOT NULL,
  `dateUpdated` datetime NOT NULL,
  `uid` char(36) COLLATE utf8_unicode_ci NOT NULL DEFAULT '0',
  PRIMARY KEY (`id`),
  UNIQUE KEY `craft_tokens_token_unq_idx` (`token`),
  KEY `craft_tokens_expiryDate_idx` (`expiryDate`)
) ENGINE=InnoDB AUTO_INCREMENT=2 DEFAULT CHARSET=utf8 COLLATE=utf8_unicode_ci;

--
-- Data for table `craft_tokens`
--

INSERT INTO `craft_tokens` (`id`, `token`, `route`, `usageLimit`, `usageCount`, `expiryDate`, `dateCreated`, `dateUpdated`, `uid`) VALUES
 ('1', 'MkA7eQjhrel5n4~dccyqb9sKgJgYLJlb', '{\"action\":\"entries\\/viewSharedEntry\",\"params\":{\"entryId\":\"59\",\"locale\":\"en_gb\"}}', NULL, NULL, '2018-02-02 14:23:55', '2018-02-01 14:23:55', '2018-02-01 14:23:55', '45371b72-0893-4768-b3e0-0fb2ba32a019');



DROP TABLE IF EXISTS `craft_usergroups`;


--
-- Schema for table `craft_usergroups`
--
CREATE TABLE `craft_usergroups` (
  `id` int(11) NOT NULL AUTO_INCREMENT,
  `name` varchar(255) COLLATE utf8_unicode_ci NOT NULL,
  `handle` varchar(255) COLLATE utf8_unicode_ci NOT NULL,
  `dateCreated` datetime NOT NULL,
  `dateUpdated` datetime NOT NULL,
  `uid` char(36) COLLATE utf8_unicode_ci NOT NULL DEFAULT '0',
  PRIMARY KEY (`id`),
  UNIQUE KEY `craft_usergroups_name_unq_idx` (`name`),
  UNIQUE KEY `craft_usergroups_handle_unq_idx` (`handle`)
) ENGINE=InnoDB AUTO_INCREMENT=2 DEFAULT CHARSET=utf8 COLLATE=utf8_unicode_ci;

--
-- Data for table `craft_usergroups`
--

INSERT INTO `craft_usergroups` (`id`, `name`, `handle`, `dateCreated`, `dateUpdated`, `uid`) VALUES
 ('1', 'Members', 'members', '2018-01-30 14:57:09', '2018-02-01 13:31:41', 'fd1fba22-c0c8-4cc4-ae05-2fbeaf3c992d');



DROP TABLE IF EXISTS `craft_usergroups_users`;


--
-- Schema for table `craft_usergroups_users`
--
CREATE TABLE `craft_usergroups_users` (
  `id` int(11) NOT NULL AUTO_INCREMENT,
  `groupId` int(11) NOT NULL,
  `userId` int(11) NOT NULL,
  `dateCreated` datetime NOT NULL,
  `dateUpdated` datetime NOT NULL,
  `uid` char(36) COLLATE utf8_unicode_ci NOT NULL DEFAULT '0',
  PRIMARY KEY (`id`),
  UNIQUE KEY `craft_usergroups_users_groupId_userId_unq_idx` (`groupId`,`userId`),
  KEY `craft_usergroups_users_userId_fk` (`userId`)
) ENGINE=InnoDB AUTO_INCREMENT=14 DEFAULT CHARSET=utf8 COLLATE=utf8_unicode_ci;

--
-- Data for table `craft_usergroups_users`
--

INSERT INTO `craft_usergroups_users` (`id`, `groupId`, `userId`, `dateCreated`, `dateUpdated`, `uid`) VALUES
 ('13', '1', '109', '2018-02-02 16:29:40', '2018-02-02 16:29:40', '1a1567a8-ff1b-48ef-a85c-d6b8e7daaed6');



DROP TABLE IF EXISTS `craft_userpermissions`;


--
-- Schema for table `craft_userpermissions`
--
CREATE TABLE `craft_userpermissions` (
  `id` int(11) NOT NULL AUTO_INCREMENT,
  `name` varchar(255) COLLATE utf8_unicode_ci NOT NULL,
  `dateCreated` datetime NOT NULL,
  `dateUpdated` datetime NOT NULL,
  `uid` char(36) COLLATE utf8_unicode_ci NOT NULL DEFAULT '0',
  PRIMARY KEY (`id`),
  UNIQUE KEY `craft_userpermissions_name_unq_idx` (`name`)
) ENGINE=InnoDB AUTO_INCREMENT=6 DEFAULT CHARSET=utf8 COLLATE=utf8_unicode_ci;

--
-- Data for table `craft_userpermissions`
--

INSERT INTO `craft_userpermissions` (`id`, `name`, `dateCreated`, `dateUpdated`, `uid`) VALUES
 ('1', 'createentries:3', '2018-01-30 14:57:09', '2018-01-30 14:57:09', '8e39cf5c-a781-4d62-b83e-40af369a0618'),
 ('2', 'editentries:3', '2018-01-30 14:57:09', '2018-01-30 14:57:09', '7908972e-2145-4e89-b9e1-c2cf417b033e'),
 ('3', 'uploadtoassetsource:1', '2018-01-30 14:57:09', '2018-01-30 14:57:09', '42227b3c-c42a-47c6-bede-bdcc90eb153c'),
 ('4', 'viewassetsource:1', '2018-01-30 14:57:09', '2018-01-30 14:57:09', '6df83c62-9e2a-46f0-ad45-5bd3c991cc2e'),
 ('5', 'deleteentries:3', '2018-02-01 13:31:40', '2018-02-01 13:31:40', '093e93aa-e3f5-4d13-a67b-a4e347468917');



DROP TABLE IF EXISTS `craft_userpermissions_usergroups`;


--
-- Schema for table `craft_userpermissions_usergroups`
--
CREATE TABLE `craft_userpermissions_usergroups` (
  `id` int(11) NOT NULL AUTO_INCREMENT,
  `permissionId` int(11) NOT NULL,
  `groupId` int(11) NOT NULL,
  `dateCreated` datetime NOT NULL,
  `dateUpdated` datetime NOT NULL,
  `uid` char(36) COLLATE utf8_unicode_ci NOT NULL DEFAULT '0',
  PRIMARY KEY (`id`),
  UNIQUE KEY `craft_userpermissions_usergroups_permissionId_groupId_unq_idx` (`permissionId`,`groupId`),
  KEY `craft_userpermissions_usergroups_groupId_fk` (`groupId`)
) ENGINE=InnoDB AUTO_INCREMENT=15 DEFAULT CHARSET=utf8 COLLATE=utf8_unicode_ci;

--
-- Data for table `craft_userpermissions_usergroups`
--

INSERT INTO `craft_userpermissions_usergroups` (`id`, `permissionId`, `groupId`, `dateCreated`, `dateUpdated`, `uid`) VALUES
 ('10', '1', '1', '2018-02-01 13:31:41', '2018-02-01 13:31:41', '815b0bcb-1be2-4387-a7f0-20cb6610e064'),
 ('11', '5', '1', '2018-02-01 13:31:41', '2018-02-01 13:31:41', 'a62703b7-7c9c-4c0f-b1a6-51008f6d0423'),
 ('12', '2', '1', '2018-02-01 13:31:41', '2018-02-01 13:31:41', 'cf03ced8-f889-404d-83ea-7d0553dfaa61'),
 ('13', '3', '1', '2018-02-01 13:31:41', '2018-02-01 13:31:41', '7bcdde14-4235-447b-bf53-fb4930b7663a'),
 ('14', '4', '1', '2018-02-01 13:31:41', '2018-02-01 13:31:41', '902a2b83-c051-4493-b7b0-b53640fa903e');



DROP TABLE IF EXISTS `craft_userpermissions_users`;


--
-- Schema for table `craft_userpermissions_users`
--
CREATE TABLE `craft_userpermissions_users` (
  `id` int(11) NOT NULL AUTO_INCREMENT,
  `permissionId` int(11) NOT NULL,
  `userId` int(11) NOT NULL,
  `dateCreated` datetime NOT NULL,
  `dateUpdated` datetime NOT NULL,
  `uid` char(36) COLLATE utf8_unicode_ci NOT NULL DEFAULT '0',
  PRIMARY KEY (`id`),
  UNIQUE KEY `craft_userpermissions_users_permissionId_userId_unq_idx` (`permissionId`,`userId`),
  KEY `craft_userpermissions_users_userId_fk` (`userId`)
) ENGINE=InnoDB DEFAULT CHARSET=utf8 COLLATE=utf8_unicode_ci;

DROP TABLE IF EXISTS `craft_users`;


--
-- Schema for table `craft_users`
--
CREATE TABLE `craft_users` (
  `id` int(11) NOT NULL,
  `username` varchar(100) COLLATE utf8_unicode_ci NOT NULL,
  `photo` varchar(100) COLLATE utf8_unicode_ci DEFAULT NULL,
  `firstName` varchar(100) COLLATE utf8_unicode_ci DEFAULT NULL,
  `lastName` varchar(100) COLLATE utf8_unicode_ci DEFAULT NULL,
  `email` varchar(255) COLLATE utf8_unicode_ci NOT NULL,
  `password` char(255) COLLATE utf8_unicode_ci DEFAULT NULL,
  `preferredLocale` char(12) COLLATE utf8_unicode_ci DEFAULT NULL,
  `weekStartDay` tinyint(1) unsigned NOT NULL DEFAULT '0',
  `admin` tinyint(1) unsigned NOT NULL DEFAULT '0',
  `client` tinyint(1) unsigned NOT NULL DEFAULT '0',
  `locked` tinyint(1) unsigned NOT NULL DEFAULT '0',
  `suspended` tinyint(1) unsigned NOT NULL DEFAULT '0',
  `pending` tinyint(1) unsigned NOT NULL DEFAULT '0',
  `archived` tinyint(1) unsigned NOT NULL DEFAULT '0',
  `lastLoginDate` datetime DEFAULT NULL,
  `lastLoginAttemptIPAddress` varchar(45) COLLATE utf8_unicode_ci DEFAULT NULL,
  `invalidLoginWindowStart` datetime DEFAULT NULL,
  `invalidLoginCount` tinyint(4) unsigned DEFAULT NULL,
  `lastInvalidLoginDate` datetime DEFAULT NULL,
  `lockoutDate` datetime DEFAULT NULL,
  `verificationCode` char(100) COLLATE utf8_unicode_ci DEFAULT NULL,
  `verificationCodeIssuedDate` datetime DEFAULT NULL,
  `unverifiedEmail` varchar(255) COLLATE utf8_unicode_ci DEFAULT NULL,
  `passwordResetRequired` tinyint(1) unsigned NOT NULL DEFAULT '0',
  `lastPasswordChangeDate` datetime DEFAULT NULL,
  `dateCreated` datetime NOT NULL,
  `dateUpdated` datetime NOT NULL,
  `uid` char(36) COLLATE utf8_unicode_ci NOT NULL DEFAULT '0',
  PRIMARY KEY (`id`),
  UNIQUE KEY `craft_users_username_unq_idx` (`username`),
  UNIQUE KEY `craft_users_email_unq_idx` (`email`),
  KEY `craft_users_verificationCode_idx` (`verificationCode`),
  KEY `craft_users_uid_idx` (`uid`),
  KEY `craft_users_preferredLocale_fk` (`preferredLocale`)
) ENGINE=InnoDB DEFAULT CHARSET=utf8 COLLATE=utf8_unicode_ci;

--
-- Data for table `craft_users`
--

INSERT INTO `craft_users` (`id`, `username`, `photo`, `firstName`, `lastName`, `email`, `password`, `preferredLocale`, `weekStartDay`, `admin`, `client`, `locked`, `suspended`, `pending`, `archived`, `lastLoginDate`, `lastLoginAttemptIPAddress`, `invalidLoginWindowStart`, `invalidLoginCount`, `lastInvalidLoginDate`, `lockoutDate`, `verificationCode`, `verificationCodeIssuedDate`, `unverifiedEmail`, `passwordResetRequired`, `lastPasswordChangeDate`, `dateCreated`, `dateUpdated`, `uid`) VALUES
 ('1', 'theboss', NULL, 'Luca', 'Jeg', 'luca@ipopdigital.com', '$2y$13$c.cLNRGpeLrY2jmUO7RJyeiBgZDHcY6iGbxu5uu2Dh.3jTMEJL74y', NULL, '0', '1', '0', '0', '0', '0', '0', '2018-02-19 09:48:52', '::1', NULL, NULL, '2018-02-14 15:25:18', NULL, NULL, NULL, NULL, '0', '2018-01-18 10:53:34', '2018-01-18 10:53:35', '2018-02-19 09:48:52', '3cbf1125-7a5f-4b86-9dd1-4d3757381b1e'),
 ('109', 'squd', NULL, 'john', 'ddd', 'x1241895@mvrht.net', '$2y$13$gAnJpvAl/an3Grp0ccwS5.lrJCdn7LalszxwCPVC/pD3eOBKFn2hq', NULL, '0', '0', '0', '0', '0', '0', '0', NULL, NULL, NULL, NULL, NULL, NULL, NULL, NULL, NULL, '0', '2018-02-02 16:29:40', '2018-02-02 16:29:40', '2018-02-02 16:31:27', '65d452dd-8825-4461-bc85-5f15db53640c');



DROP TABLE IF EXISTS `craft_widgets`;


--
-- Schema for table `craft_widgets`
--
CREATE TABLE `craft_widgets` (
  `id` int(11) NOT NULL AUTO_INCREMENT,
  `userId` int(11) NOT NULL,
  `type` varchar(150) COLLATE utf8_unicode_ci NOT NULL,
  `sortOrder` smallint(6) unsigned DEFAULT NULL,
  `colspan` tinyint(4) unsigned DEFAULT NULL,
  `settings` text COLLATE utf8_unicode_ci,
  `enabled` tinyint(1) unsigned NOT NULL DEFAULT '1',
  `dateCreated` datetime NOT NULL,
  `dateUpdated` datetime NOT NULL,
  `uid` char(36) COLLATE utf8_unicode_ci NOT NULL DEFAULT '0',
  PRIMARY KEY (`id`),
  KEY `craft_widgets_userId_fk` (`userId`)
) ENGINE=InnoDB AUTO_INCREMENT=5 DEFAULT CHARSET=utf8 COLLATE=utf8_unicode_ci;

--
-- Data for table `craft_widgets`
--

INSERT INTO `craft_widgets` (`id`, `userId`, `type`, `sortOrder`, `colspan`, `settings`, `enabled`, `dateCreated`, `dateUpdated`, `uid`) VALUES
 ('1', '1', 'RecentEntries', '1', NULL, NULL, '1', '2018-01-26 14:43:44', '2018-01-26 14:43:44', '62bd0adc-4722-42db-bed7-75f0453b3174'),
 ('2', '1', 'GetHelp', '2', NULL, NULL, '1', '2018-01-26 14:43:44', '2018-01-26 14:43:44', '40a9fb4c-4fcb-4fb2-bedb-9764a1e8780a'),
 ('3', '1', 'Updates', '3', NULL, NULL, '1', '2018-01-26 14:43:44', '2018-01-26 14:43:44', '8ae99ca0-efb6-4932-93b3-000b77d7f9c0'),
 ('4', '1', 'Feed', '4', NULL, '{\"url\":\"https:\\/\\/craftcms.com\\/news.rss\",\"title\":\"Craft News\"}', '1', '2018-01-26 14:43:44', '2018-01-26 14:43:44', 'e6f27384-6cc6-4f36-84bf-495aa595a551');


--
-- Constraints for tables
--


--
-- Constraints for table `craft_assetfiles`
--
ALTER TABLE `craft_assetfiles`
	ADD CONSTRAINT `craft_assetfiles_folderId_fk` FOREIGN KEY (`folderId`) REFERENCES `craft_assetfolders` (`id`) ON DELETE CASCADE,
	ADD CONSTRAINT `craft_assetfiles_id_fk` FOREIGN KEY (`id`) REFERENCES `craft_elements` (`id`) ON DELETE CASCADE,
	ADD CONSTRAINT `craft_assetfiles_sourceId_fk` FOREIGN KEY (`sourceId`) REFERENCES `craft_assetsources` (`id`) ON DELETE CASCADE;

--
-- Constraints for table `craft_assetfolders`
--
ALTER TABLE `craft_assetfolders`
	ADD CONSTRAINT `craft_assetfolders_parentId_fk` FOREIGN KEY (`parentId`) REFERENCES `craft_assetfolders` (`id`) ON DELETE CASCADE,
	ADD CONSTRAINT `craft_assetfolders_sourceId_fk` FOREIGN KEY (`sourceId`) REFERENCES `craft_assetsources` (`id`) ON DELETE CASCADE;

--
-- Constraints for table `craft_assetindexdata`
--
ALTER TABLE `craft_assetindexdata`
	ADD CONSTRAINT `craft_assetindexdata_sourceId_fk` FOREIGN KEY (`sourceId`) REFERENCES `craft_assetsources` (`id`) ON DELETE CASCADE;

--
-- Constraints for table `craft_assetsources`
--
ALTER TABLE `craft_assetsources`
	ADD CONSTRAINT `craft_assetsources_fieldLayoutId_fk` FOREIGN KEY (`fieldLayoutId`) REFERENCES `craft_fieldlayouts` (`id`) ON DELETE SET NULL;

--
-- Constraints for table `craft_categories`
--
ALTER TABLE `craft_categories`
	ADD CONSTRAINT `craft_categories_groupId_fk` FOREIGN KEY (`groupId`) REFERENCES `craft_categorygroups` (`id`) ON DELETE CASCADE,
	ADD CONSTRAINT `craft_categories_id_fk` FOREIGN KEY (`id`) REFERENCES `craft_elements` (`id`) ON DELETE CASCADE;

--
-- Constraints for table `craft_categorygroups`
--
ALTER TABLE `craft_categorygroups`
	ADD CONSTRAINT `craft_categorygroups_fieldLayoutId_fk` FOREIGN KEY (`fieldLayoutId`) REFERENCES `craft_fieldlayouts` (`id`) ON DELETE SET NULL,
	ADD CONSTRAINT `craft_categorygroups_structureId_fk` FOREIGN KEY (`structureId`) REFERENCES `craft_structures` (`id`) ON DELETE CASCADE;

--
-- Constraints for table `craft_categorygroups_i18n`
--
ALTER TABLE `craft_categorygroups_i18n`
	ADD CONSTRAINT `craft_categorygroups_i18n_groupId_fk` FOREIGN KEY (`groupId`) REFERENCES `craft_categorygroups` (`id`) ON DELETE CASCADE,
	ADD CONSTRAINT `craft_categorygroups_i18n_locale_fk` FOREIGN KEY (`locale`) REFERENCES `craft_locales` (`locale`) ON DELETE CASCADE ON UPDATE CASCADE;

--
-- Constraints for table `craft_content`
--
ALTER TABLE `craft_content`
	ADD CONSTRAINT `craft_content_elementId_fk` FOREIGN KEY (`elementId`) REFERENCES `craft_elements` (`id`) ON DELETE CASCADE,
	ADD CONSTRAINT `craft_content_locale_fk` FOREIGN KEY (`locale`) REFERENCES `craft_locales` (`locale`) ON DELETE CASCADE ON UPDATE CASCADE;

--
-- Constraints for table `craft_elements_i18n`
--
ALTER TABLE `craft_elements_i18n`
	ADD CONSTRAINT `craft_elements_i18n_elementId_fk` FOREIGN KEY (`elementId`) REFERENCES `craft_elements` (`id`) ON DELETE CASCADE,
	ADD CONSTRAINT `craft_elements_i18n_locale_fk` FOREIGN KEY (`locale`) REFERENCES `craft_locales` (`locale`) ON DELETE CASCADE ON UPDATE CASCADE;

--
-- Constraints for table `craft_emailmessages`
--
ALTER TABLE `craft_emailmessages`
	ADD CONSTRAINT `craft_emailmessages_locale_fk` FOREIGN KEY (`locale`) REFERENCES `craft_locales` (`locale`) ON DELETE CASCADE ON UPDATE CASCADE;

--
-- Constraints for table `craft_entries`
--
ALTER TABLE `craft_entries`
	ADD CONSTRAINT `craft_entries_authorId_fk` FOREIGN KEY (`authorId`) REFERENCES `craft_users` (`id`) ON DELETE CASCADE,
	ADD CONSTRAINT `craft_entries_id_fk` FOREIGN KEY (`id`) REFERENCES `craft_elements` (`id`) ON DELETE CASCADE,
	ADD CONSTRAINT `craft_entries_sectionId_fk` FOREIGN KEY (`sectionId`) REFERENCES `craft_sections` (`id`) ON DELETE CASCADE,
	ADD CONSTRAINT `craft_entries_typeId_fk` FOREIGN KEY (`typeId`) REFERENCES `craft_entrytypes` (`id`) ON DELETE CASCADE;

--
-- Constraints for table `craft_entrydrafts`
--
ALTER TABLE `craft_entrydrafts`
	ADD CONSTRAINT `craft_entrydrafts_creatorId_fk` FOREIGN KEY (`creatorId`) REFERENCES `craft_users` (`id`) ON DELETE CASCADE,
	ADD CONSTRAINT `craft_entrydrafts_entryId_fk` FOREIGN KEY (`entryId`) REFERENCES `craft_entries` (`id`) ON DELETE CASCADE,
	ADD CONSTRAINT `craft_entrydrafts_locale_fk` FOREIGN KEY (`locale`) REFERENCES `craft_locales` (`locale`) ON DELETE CASCADE ON UPDATE CASCADE,
	ADD CONSTRAINT `craft_entrydrafts_sectionId_fk` FOREIGN KEY (`sectionId`) REFERENCES `craft_sections` (`id`) ON DELETE CASCADE;

--
-- Constraints for table `craft_entrytypes`
--
ALTER TABLE `craft_entrytypes`
	ADD CONSTRAINT `craft_entrytypes_fieldLayoutId_fk` FOREIGN KEY (`fieldLayoutId`) REFERENCES `craft_fieldlayouts` (`id`) ON DELETE SET NULL,
	ADD CONSTRAINT `craft_entrytypes_sectionId_fk` FOREIGN KEY (`sectionId`) REFERENCES `craft_sections` (`id`) ON DELETE CASCADE;

--
-- Constraints for table `craft_entryversions`
--
ALTER TABLE `craft_entryversions`
	ADD CONSTRAINT `craft_entryversions_creatorId_fk` FOREIGN KEY (`creatorId`) REFERENCES `craft_users` (`id`) ON DELETE SET NULL,
	ADD CONSTRAINT `craft_entryversions_entryId_fk` FOREIGN KEY (`entryId`) REFERENCES `craft_entries` (`id`) ON DELETE CASCADE,
	ADD CONSTRAINT `craft_entryversions_locale_fk` FOREIGN KEY (`locale`) REFERENCES `craft_locales` (`locale`) ON DELETE CASCADE ON UPDATE CASCADE,
	ADD CONSTRAINT `craft_entryversions_sectionId_fk` FOREIGN KEY (`sectionId`) REFERENCES `craft_sections` (`id`) ON DELETE CASCADE;

--
-- Constraints for table `craft_fieldlayoutfields`
--
ALTER TABLE `craft_fieldlayoutfields`
	ADD CONSTRAINT `craft_fieldlayoutfields_fieldId_fk` FOREIGN KEY (`fieldId`) REFERENCES `craft_fields` (`id`) ON DELETE CASCADE,
	ADD CONSTRAINT `craft_fieldlayoutfields_layoutId_fk` FOREIGN KEY (`layoutId`) REFERENCES `craft_fieldlayouts` (`id`) ON DELETE CASCADE,
	ADD CONSTRAINT `craft_fieldlayoutfields_tabId_fk` FOREIGN KEY (`tabId`) REFERENCES `craft_fieldlayouttabs` (`id`) ON DELETE CASCADE;

--
-- Constraints for table `craft_fieldlayouttabs`
--
ALTER TABLE `craft_fieldlayouttabs`
	ADD CONSTRAINT `craft_fieldlayouttabs_layoutId_fk` FOREIGN KEY (`layoutId`) REFERENCES `craft_fieldlayouts` (`id`) ON DELETE CASCADE;

--
-- Constraints for table `craft_fields`
--
ALTER TABLE `craft_fields`
	ADD CONSTRAINT `craft_fields_groupId_fk` FOREIGN KEY (`groupId`) REFERENCES `craft_fieldgroups` (`id`) ON DELETE CASCADE;

--
-- Constraints for table `craft_globalsets`
--
ALTER TABLE `craft_globalsets`
	ADD CONSTRAINT `craft_globalsets_fieldLayoutId_fk` FOREIGN KEY (`fieldLayoutId`) REFERENCES `craft_fieldlayouts` (`id`) ON DELETE SET NULL,
	ADD CONSTRAINT `craft_globalsets_id_fk` FOREIGN KEY (`id`) REFERENCES `craft_elements` (`id`) ON DELETE CASCADE;

--
-- Constraints for table `craft_matrixblocks`
--
ALTER TABLE `craft_matrixblocks`
	ADD CONSTRAINT `craft_matrixblocks_fieldId_fk` FOREIGN KEY (`fieldId`) REFERENCES `craft_fields` (`id`) ON DELETE CASCADE,
	ADD CONSTRAINT `craft_matrixblocks_id_fk` FOREIGN KEY (`id`) REFERENCES `craft_elements` (`id`) ON DELETE CASCADE,
	ADD CONSTRAINT `craft_matrixblocks_ownerId_fk` FOREIGN KEY (`ownerId`) REFERENCES `craft_elements` (`id`) ON DELETE CASCADE,
	ADD CONSTRAINT `craft_matrixblocks_ownerLocale_fk` FOREIGN KEY (`ownerLocale`) REFERENCES `craft_locales` (`locale`) ON DELETE CASCADE ON UPDATE CASCADE,
	ADD CONSTRAINT `craft_matrixblocks_typeId_fk` FOREIGN KEY (`typeId`) REFERENCES `craft_matrixblocktypes` (`id`) ON DELETE CASCADE;

--
-- Constraints for table `craft_matrixblocktypes`
--
ALTER TABLE `craft_matrixblocktypes`
	ADD CONSTRAINT `craft_matrixblocktypes_fieldId_fk` FOREIGN KEY (`fieldId`) REFERENCES `craft_fields` (`id`) ON DELETE CASCADE,
	ADD CONSTRAINT `craft_matrixblocktypes_fieldLayoutId_fk` FOREIGN KEY (`fieldLayoutId`) REFERENCES `craft_fieldlayouts` (`id`) ON DELETE SET NULL;

--
-- Constraints for table `craft_matrixcontent_projectcontent`
--
ALTER TABLE `craft_matrixcontent_projectcontent`
	ADD CONSTRAINT `craft_matrixcontent_projectcontent_elementId_fk` FOREIGN KEY (`elementId`) REFERENCES `craft_elements` (`id`) ON DELETE CASCADE,
	ADD CONSTRAINT `craft_matrixcontent_projectcontent_locale_fk` FOREIGN KEY (`locale`) REFERENCES `craft_locales` (`locale`) ON DELETE CASCADE ON UPDATE CASCADE;

--
-- Constraints for table `craft_migrations`
--
ALTER TABLE `craft_migrations`
	ADD CONSTRAINT `craft_migrations_pluginId_fk` FOREIGN KEY (`pluginId`) REFERENCES `craft_plugins` (`id`) ON DELETE CASCADE;

--
-- Constraints for table `craft_relations`
--
ALTER TABLE `craft_relations`
	ADD CONSTRAINT `craft_relations_fieldId_fk` FOREIGN KEY (`fieldId`) REFERENCES `craft_fields` (`id`) ON DELETE CASCADE,
	ADD CONSTRAINT `craft_relations_sourceId_fk` FOREIGN KEY (`sourceId`) REFERENCES `craft_elements` (`id`) ON DELETE CASCADE,
	ADD CONSTRAINT `craft_relations_sourceLocale_fk` FOREIGN KEY (`sourceLocale`) REFERENCES `craft_locales` (`locale`) ON DELETE CASCADE ON UPDATE CASCADE,
	ADD CONSTRAINT `craft_relations_targetId_fk` FOREIGN KEY (`targetId`) REFERENCES `craft_elements` (`id`) ON DELETE CASCADE;

--
-- Constraints for table `craft_routes`
--
ALTER TABLE `craft_routes`
	ADD CONSTRAINT `craft_routes_locale_fk` FOREIGN KEY (`locale`) REFERENCES `craft_locales` (`locale`) ON DELETE CASCADE ON UPDATE CASCADE;

--
-- Constraints for table `craft_sections`
--
ALTER TABLE `craft_sections`
	ADD CONSTRAINT `craft_sections_structureId_fk` FOREIGN KEY (`structureId`) REFERENCES `craft_structures` (`id`) ON DELETE SET NULL;

--
-- Constraints for table `craft_sections_i18n`
--
ALTER TABLE `craft_sections_i18n`
	ADD CONSTRAINT `craft_sections_i18n_locale_fk` FOREIGN KEY (`locale`) REFERENCES `craft_locales` (`locale`) ON DELETE CASCADE ON UPDATE CASCADE,
	ADD CONSTRAINT `craft_sections_i18n_sectionId_fk` FOREIGN KEY (`sectionId`) REFERENCES `craft_sections` (`id`) ON DELETE CASCADE;

--
-- Constraints for table `craft_sessions`
--
ALTER TABLE `craft_sessions`
	ADD CONSTRAINT `craft_sessions_userId_fk` FOREIGN KEY (`userId`) REFERENCES `craft_users` (`id`) ON DELETE CASCADE;

--
-- Constraints for table `craft_shunnedmessages`
--
ALTER TABLE `craft_shunnedmessages`
	ADD CONSTRAINT `craft_shunnedmessages_userId_fk` FOREIGN KEY (`userId`) REFERENCES `craft_users` (`id`) ON DELETE CASCADE;

--
-- Constraints for table `craft_structureelements`
--
ALTER TABLE `craft_structureelements`
	ADD CONSTRAINT `craft_structureelements_elementId_fk` FOREIGN KEY (`elementId`) REFERENCES `craft_elements` (`id`) ON DELETE CASCADE,
	ADD CONSTRAINT `craft_structureelements_structureId_fk` FOREIGN KEY (`structureId`) REFERENCES `craft_structures` (`id`) ON DELETE CASCADE;

--
-- Constraints for table `craft_taggroups`
--
ALTER TABLE `craft_taggroups`
	ADD CONSTRAINT `craft_taggroups_fieldLayoutId_fk` FOREIGN KEY (`fieldLayoutId`) REFERENCES `craft_fieldlayouts` (`id`) ON DELETE SET NULL;

--
-- Constraints for table `craft_tags`
--
ALTER TABLE `craft_tags`
	ADD CONSTRAINT `craft_tags_groupId_fk` FOREIGN KEY (`groupId`) REFERENCES `craft_taggroups` (`id`) ON DELETE CASCADE,
	ADD CONSTRAINT `craft_tags_id_fk` FOREIGN KEY (`id`) REFERENCES `craft_elements` (`id`) ON DELETE CASCADE;

--
-- Constraints for table `craft_templatecachecriteria`
--
ALTER TABLE `craft_templatecachecriteria`
	ADD CONSTRAINT `craft_templatecachecriteria_cacheId_fk` FOREIGN KEY (`cacheId`) REFERENCES `craft_templatecaches` (`id`) ON DELETE CASCADE;

--
-- Constraints for table `craft_templatecacheelements`
--
ALTER TABLE `craft_templatecacheelements`
	ADD CONSTRAINT `craft_templatecacheelements_cacheId_fk` FOREIGN KEY (`cacheId`) REFERENCES `craft_templatecaches` (`id`) ON DELETE CASCADE,
	ADD CONSTRAINT `craft_templatecacheelements_elementId_fk` FOREIGN KEY (`elementId`) REFERENCES `craft_elements` (`id`) ON DELETE CASCADE;

--
-- Constraints for table `craft_templatecaches`
--
ALTER TABLE `craft_templatecaches`
	ADD CONSTRAINT `craft_templatecaches_locale_fk` FOREIGN KEY (`locale`) REFERENCES `craft_locales` (`locale`) ON DELETE CASCADE ON UPDATE CASCADE;

--
-- Constraints for table `craft_usergroups_users`
--
ALTER TABLE `craft_usergroups_users`
	ADD CONSTRAINT `craft_usergroups_users_groupId_fk` FOREIGN KEY (`groupId`) REFERENCES `craft_usergroups` (`id`) ON DELETE CASCADE,
	ADD CONSTRAINT `craft_usergroups_users_userId_fk` FOREIGN KEY (`userId`) REFERENCES `craft_users` (`id`) ON DELETE CASCADE;

--
-- Constraints for table `craft_userpermissions_usergroups`
--
ALTER TABLE `craft_userpermissions_usergroups`
	ADD CONSTRAINT `craft_userpermissions_usergroups_groupId_fk` FOREIGN KEY (`groupId`) REFERENCES `craft_usergroups` (`id`) ON DELETE CASCADE,
	ADD CONSTRAINT `craft_userpermissions_usergroups_permissionId_fk` FOREIGN KEY (`permissionId`) REFERENCES `craft_userpermissions` (`id`) ON DELETE CASCADE;

--
-- Constraints for table `craft_userpermissions_users`
--
ALTER TABLE `craft_userpermissions_users`
	ADD CONSTRAINT `craft_userpermissions_users_permissionId_fk` FOREIGN KEY (`permissionId`) REFERENCES `craft_userpermissions` (`id`) ON DELETE CASCADE,
	ADD CONSTRAINT `craft_userpermissions_users_userId_fk` FOREIGN KEY (`userId`) REFERENCES `craft_users` (`id`) ON DELETE CASCADE;

--
-- Constraints for table `craft_users`
--
ALTER TABLE `craft_users`
	ADD CONSTRAINT `craft_users_id_fk` FOREIGN KEY (`id`) REFERENCES `craft_elements` (`id`) ON DELETE CASCADE,
	ADD CONSTRAINT `craft_users_preferredLocale_fk` FOREIGN KEY (`preferredLocale`) REFERENCES `craft_locales` (`locale`) ON DELETE SET NULL ON UPDATE CASCADE;

--
-- Constraints for table `craft_widgets`
--
ALTER TABLE `craft_widgets`
	ADD CONSTRAINT `craft_widgets_userId_fk` FOREIGN KEY (`userId`) REFERENCES `craft_users` (`id`) ON DELETE CASCADE;

SET FOREIGN_KEY_CHECKS = 1;
